ISO-10303-21;
HEADER;
FILE_DESCRIPTION(('Open CASCADE Model'),'2;1');
FILE_NAME('Open CASCADE Shape Model','2026-09-03T09:20:11',('Author'),(
    'Open CASCADE'),'Open CASCADE STEP processor 7.9','Open CASCADE 7.9'
  ,'Unknown');
FILE_SCHEMA(('AUTOMOTIVE_DESIGN { 1 0 10303 214 1 1 1 1 }'));
ENDSEC;
DATA;
#1 = APPLICATION_PROTOCOL_DEFINITION('international standard',
  'automotive_design',2000,#2);
#2 = APPLICATION_CONTEXT(
  'core data for automotive mechanical design processes');
#3 = SHAPE_DEFINITION_REPRESENTATION(#4,#10);
#4 = PRODUCT_DEFINITION_SHAPE('','',#5);
#5 = PRODUCT_DEFINITION('design','',#6,#9);
#6 = PRODUCT_DEFINITION_FORMATION('','',#7);
#7 = PRODUCT('Open CASCADE STEP translator 7.9 1',
  'Open CASCADE STEP translator 7.9 1','',(#8));
#8 = PRODUCT_CONTEXT('',#2,'mechanical');
#9 = PRODUCT_DEFINITION_CONTEXT('part definition',#2,'design');
#10 = ADVANCED_BREP_SHAPE_REPRESENTATION('',(#11,#15),#11956);
#11 = AXIS2_PLACEMENT_3D('',#12,#13,#14);
#12 = CARTESIAN_POINT('',(0.,0.,0.));
#13 = DIRECTION('',(0.,0.,1.));
#14 = DIRECTION('',(1.,0.,-0.));
#15 = MANIFOLD_SOLID_BREP('',#16);
#16 = CLOSED_SHELL('',(#17,#168,#654,#709,#764,#834,#889,#1044,#1350,
    #1405,#1460,#1492,#1565,#1619,#1671,#1725,#1777,#1831,#1883,#1916,
    #1967,#2018,#2094,#2181,#2232,#2258,#2673,#2678,#2811,#2837,#3366,
    #3371,#3426,#3525,#3579,#3628,#3679,#3730,#3781,#3813,#3887,#3937,
    #3984,#4034,#4081,#4131,#4178,#4206,#4260,#4310,#4933,#5010,#5057,
    #5082,#5109,#5164,#5191,#5220,#5275,#5362,#5369,#5396,#5423,#5430,
    #5635,#5690,#5745,#5800,#5855,#5910,#5957,#6227,#6860,#6887,#6914,
    #7475,#7818,#7825,#7880,#7935,#7990,#8022,#8026,#8030,#8077,#8104,
    #8111,#8115,#8119,#8123,#8127,#8131,#8158,#8262,#8311,#8360,#8410,
    #8514,#8563,#8635,#8662,#8738,#8815,#8887,#8914,#8990,#9039,#9088,
    #9115,#9191,#9240,#9289,#9316,#9392,#9441,#9490,#9517,#9593,#9642,
    #9691,#9718,#9794,#9843,#9892,#9919,#10023,#10072,#10121,#10171,
    #10247,#10296,#10345,#10372,#10448,#10497,#10546,#10573,#10649,
    #10698,#10747,#10774,#10878,#10925,#11072,#11121,#11266,#11315,
    #11387,#11436,#11483,#11570,#11619,#11646,#11650,#11654,#11658,
    #11685,#11692,#11719,#11726,#11753,#11760,#11767,#11774,#11781,
    #11788,#11795,#11822,#11829,#11836,#11843,#11850,#11879,#11886,
    #11913,#11920,#11947));
#17 = ADVANCED_FACE('',(#18,#137),#32,.F.);
#18 = FACE_BOUND('',#19,.F.);
#19 = EDGE_LOOP('',(#20,#55,#83,#111));
#20 = ORIENTED_EDGE('',*,*,#21,.F.);
#21 = EDGE_CURVE('',#22,#24,#26,.T.);
#22 = VERTEX_POINT('',#23);
#23 = CARTESIAN_POINT('',(-24.6,-44.6,0.));
#24 = VERTEX_POINT('',#25);
#25 = CARTESIAN_POINT('',(24.6,-44.6,0.));
#26 = SURFACE_CURVE('',#27,(#31,#43),.PCURVE_S1.);
#27 = LINE('',#28,#29);
#28 = CARTESIAN_POINT('',(-28.6,-44.6,0.));
#29 = VECTOR('',#30,1.);
#30 = DIRECTION('',(1.,0.,0.));
#31 = PCURVE('',#32,#37);
#32 = PLANE('',#33);
#33 = AXIS2_PLACEMENT_3D('',#34,#35,#36);
#34 = CARTESIAN_POINT('',(-28.6,-44.6,0.));
#35 = DIRECTION('',(0.,1.,0.));
#36 = DIRECTION('',(1.,0.,0.));
#37 = DEFINITIONAL_REPRESENTATION('',(#38),#42);
#38 = LINE('',#39,#40);
#39 = CARTESIAN_POINT('',(0.,0.));
#40 = VECTOR('',#41,1.);
#41 = DIRECTION('',(1.,0.));
#42 = ( GEOMETRIC_REPRESENTATION_CONTEXT(2) 
PARAMETRIC_REPRESENTATION_CONTEXT() REPRESENTATION_CONTEXT('2D SPACE',''
  ) );
#43 = PCURVE('',#44,#49);
#44 = PLANE('',#45);
#45 = AXIS2_PLACEMENT_3D('',#46,#47,#48);
#46 = CARTESIAN_POINT('',(0.,0.,0.));
#47 = DIRECTION('',(0.,0.,1.));
#48 = DIRECTION('',(1.,0.,-0.));
#49 = DEFINITIONAL_REPRESENTATION('',(#50),#54);
#50 = LINE('',#51,#52);
#51 = CARTESIAN_POINT('',(-28.6,-44.6));
#52 = VECTOR('',#53,1.);
#53 = DIRECTION('',(1.,0.));
#54 = ( GEOMETRIC_REPRESENTATION_CONTEXT(2) 
PARAMETRIC_REPRESENTATION_CONTEXT() REPRESENTATION_CONTEXT('2D SPACE',''
  ) );
#55 = ORIENTED_EDGE('',*,*,#56,.T.);
#56 = EDGE_CURVE('',#22,#57,#59,.T.);
#57 = VERTEX_POINT('',#58);
#58 = CARTESIAN_POINT('',(-24.6,-44.6,23.14));
#59 = SURFACE_CURVE('',#60,(#64,#71),.PCURVE_S1.);
#60 = LINE('',#61,#62);
#61 = CARTESIAN_POINT('',(-24.6,-44.6,0.));
#62 = VECTOR('',#63,1.);
#63 = DIRECTION('',(0.,0.,1.));
#64 = PCURVE('',#32,#65);
#65 = DEFINITIONAL_REPRESENTATION('',(#66),#70);
#66 = LINE('',#67,#68);
#67 = CARTESIAN_POINT('',(4.,0.));
#68 = VECTOR('',#69,1.);
#69 = DIRECTION('',(0.,-1.));
#70 = ( GEOMETRIC_REPRESENTATION_CONTEXT(2) 
PARAMETRIC_REPRESENTATION_CONTEXT() REPRESENTATION_CONTEXT('2D SPACE',''
  ) );
#71 = PCURVE('',#72,#77);
#72 = CYLINDRICAL_SURFACE('',#73,4.);
#73 = AXIS2_PLACEMENT_3D('',#74,#75,#76);
#74 = CARTESIAN_POINT('',(-24.6,-40.6,0.));
#75 = DIRECTION('',(0.,0.,1.));
#76 = DIRECTION('',(0.,-1.,0.));
#77 = DEFINITIONAL_REPRESENTATION('',(#78),#82);
#78 = LINE('',#79,#80);
#79 = CARTESIAN_POINT('',(-0.,0.));
#80 = VECTOR('',#81,1.);
#81 = DIRECTION('',(-0.,1.));
#82 = ( GEOMETRIC_REPRESENTATION_CONTEXT(2) 
PARAMETRIC_REPRESENTATION_CONTEXT() REPRESENTATION_CONTEXT('2D SPACE',''
  ) );
#83 = ORIENTED_EDGE('',*,*,#84,.T.);
#84 = EDGE_CURVE('',#57,#85,#87,.T.);
#85 = VERTEX_POINT('',#86);
#86 = CARTESIAN_POINT('',(24.6,-44.6,23.14));
#87 = SURFACE_CURVE('',#88,(#92,#99),.PCURVE_S1.);
#88 = LINE('',#89,#90);
#89 = CARTESIAN_POINT('',(-28.6,-44.6,23.14));
#90 = VECTOR('',#91,1.);
#91 = DIRECTION('',(1.,0.,0.));
#92 = PCURVE('',#32,#93);
#93 = DEFINITIONAL_REPRESENTATION('',(#94),#98);
#94 = LINE('',#95,#96);
#95 = CARTESIAN_POINT('',(0.,-23.14));
#96 = VECTOR('',#97,1.);
#97 = DIRECTION('',(1.,0.));
#98 = ( GEOMETRIC_REPRESENTATION_CONTEXT(2) 
PARAMETRIC_REPRESENTATION_CONTEXT() REPRESENTATION_CONTEXT('2D SPACE',''
  ) );
#99 = PCURVE('',#100,#105);
#100 = PLANE('',#101);
#101 = AXIS2_PLACEMENT_3D('',#102,#103,#104);
#102 = CARTESIAN_POINT('',(-32.2,-48.2,26.74));
#103 = DIRECTION('',(0.,-0.707106781187,-0.707106781187));
#104 = DIRECTION('',(1.,0.,0.));
#105 = DEFINITIONAL_REPRESENTATION('',(#106),#110);
#106 = LINE('',#107,#108);
#107 = CARTESIAN_POINT('',(3.6,-5.091168824543));
#108 = VECTOR('',#109,1.);
#109 = DIRECTION('',(1.,0.));
#110 = ( GEOMETRIC_REPRESENTATION_CONTEXT(2) 
PARAMETRIC_REPRESENTATION_CONTEXT() REPRESENTATION_CONTEXT('2D SPACE',''
  ) );
#111 = ORIENTED_EDGE('',*,*,#112,.F.);
#112 = EDGE_CURVE('',#24,#85,#113,.T.);
#113 = SURFACE_CURVE('',#114,(#118,#125),.PCURVE_S1.);
#114 = LINE('',#115,#116);
#115 = CARTESIAN_POINT('',(24.6,-44.6,0.));
#116 = VECTOR('',#117,1.);
#117 = DIRECTION('',(0.,0.,1.));
#118 = PCURVE('',#32,#119);
#119 = DEFINITIONAL_REPRESENTATION('',(#120),#124);
#120 = LINE('',#121,#122);
#121 = CARTESIAN_POINT('',(53.2,0.));
#122 = VECTOR('',#123,1.);
#123 = DIRECTION('',(0.,-1.));
#124 = ( GEOMETRIC_REPRESENTATION_CONTEXT(2) 
PARAMETRIC_REPRESENTATION_CONTEXT() REPRESENTATION_CONTEXT('2D SPACE',''
  ) );
#125 = PCURVE('',#126,#131);
#126 = CYLINDRICAL_SURFACE('',#127,4.);
#127 = AXIS2_PLACEMENT_3D('',#128,#129,#130);
#128 = CARTESIAN_POINT('',(24.6,-40.6,0.));
#129 = DIRECTION('',(0.,0.,1.));
#130 = DIRECTION('',(0.,-1.,0.));
#131 = DEFINITIONAL_REPRESENTATION('',(#132),#136);
#132 = LINE('',#133,#134);
#133 = CARTESIAN_POINT('',(0.,0.));
#134 = VECTOR('',#135,1.);
#135 = DIRECTION('',(0.,1.));
#136 = ( GEOMETRIC_REPRESENTATION_CONTEXT(2) 
PARAMETRIC_REPRESENTATION_CONTEXT() REPRESENTATION_CONTEXT('2D SPACE',''
  ) );
#137 = FACE_BOUND('',#138,.F.);
#138 = EDGE_LOOP('',(#139));
#139 = ORIENTED_EDGE('',*,*,#140,.F.);
#140 = EDGE_CURVE('',#141,#141,#143,.T.);
#141 = VERTEX_POINT('',#142);
#142 = CARTESIAN_POINT('',(4.,-44.6,19.));
#143 = SURFACE_CURVE('',#144,(#149,#156),.PCURVE_S1.);
#144 = CIRCLE('',#145,6.);
#145 = AXIS2_PLACEMENT_3D('',#146,#147,#148);
#146 = CARTESIAN_POINT('',(4.,-44.6,13.));
#147 = DIRECTION('',(0.,1.,0.));
#148 = DIRECTION('',(0.,-0.,1.));
#149 = PCURVE('',#32,#150);
#150 = DEFINITIONAL_REPRESENTATION('',(#151),#155);
#151 = CIRCLE('',#152,6.);
#152 = AXIS2_PLACEMENT_2D('',#153,#154);
#153 = CARTESIAN_POINT('',(32.6,-13.));
#154 = DIRECTION('',(0.,-1.));
#155 = ( GEOMETRIC_REPRESENTATION_CONTEXT(2) 
PARAMETRIC_REPRESENTATION_CONTEXT() REPRESENTATION_CONTEXT('2D SPACE',''
  ) );
#156 = PCURVE('',#157,#162);
#157 = CYLINDRICAL_SURFACE('',#158,6.);
#158 = AXIS2_PLACEMENT_3D('',#159,#160,#161);
#159 = CARTESIAN_POINT('',(4.,-52.2,13.));
#160 = DIRECTION('',(0.,1.,0.));
#161 = DIRECTION('',(0.,-0.,1.));
#162 = DEFINITIONAL_REPRESENTATION('',(#163),#167);
#163 = LINE('',#164,#165);
#164 = CARTESIAN_POINT('',(0.,7.6));
#165 = VECTOR('',#166,1.);
#166 = DIRECTION('',(1.,0.));
#167 = ( GEOMETRIC_REPRESENTATION_CONTEXT(2) 
PARAMETRIC_REPRESENTATION_CONTEXT() REPRESENTATION_CONTEXT('2D SPACE',''
  ) );
#168 = ADVANCED_FACE('',(#169,#364),#44,.F.);
#169 = FACE_BOUND('',#170,.F.);
#170 = EDGE_LOOP('',(#171,#172,#196,#224,#253,#281,#310,#338));
#171 = ORIENTED_EDGE('',*,*,#21,.T.);
#172 = ORIENTED_EDGE('',*,*,#173,.T.);
#173 = EDGE_CURVE('',#24,#174,#176,.T.);
#174 = VERTEX_POINT('',#175);
#175 = CARTESIAN_POINT('',(28.6,-40.6,0.));
#176 = SURFACE_CURVE('',#177,(#182,#189),.PCURVE_S1.);
#177 = CIRCLE('',#178,4.);
#178 = AXIS2_PLACEMENT_3D('',#179,#180,#181);
#179 = CARTESIAN_POINT('',(24.6,-40.6,0.));
#180 = DIRECTION('',(0.,0.,1.));
#181 = DIRECTION('',(0.,-1.,0.));
#182 = PCURVE('',#44,#183);
#183 = DEFINITIONAL_REPRESENTATION('',(#184),#188);
#184 = CIRCLE('',#185,4.);
#185 = AXIS2_PLACEMENT_2D('',#186,#187);
#186 = CARTESIAN_POINT('',(24.6,-40.6));
#187 = DIRECTION('',(0.,-1.));
#188 = ( GEOMETRIC_REPRESENTATION_CONTEXT(2) 
PARAMETRIC_REPRESENTATION_CONTEXT() REPRESENTATION_CONTEXT('2D SPACE',''
  ) );
#189 = PCURVE('',#126,#190);
#190 = DEFINITIONAL_REPRESENTATION('',(#191),#195);
#191 = LINE('',#192,#193);
#192 = CARTESIAN_POINT('',(0.,0.));
#193 = VECTOR('',#194,1.);
#194 = DIRECTION('',(1.,0.));
#195 = ( GEOMETRIC_REPRESENTATION_CONTEXT(2) 
PARAMETRIC_REPRESENTATION_CONTEXT() REPRESENTATION_CONTEXT('2D SPACE',''
  ) );
#196 = ORIENTED_EDGE('',*,*,#197,.T.);
#197 = EDGE_CURVE('',#174,#198,#200,.T.);
#198 = VERTEX_POINT('',#199);
#199 = CARTESIAN_POINT('',(28.6,40.6,0.));
#200 = SURFACE_CURVE('',#201,(#205,#212),.PCURVE_S1.);
#201 = LINE('',#202,#203);
#202 = CARTESIAN_POINT('',(28.6,-44.6,0.));
#203 = VECTOR('',#204,1.);
#204 = DIRECTION('',(0.,1.,0.));
#205 = PCURVE('',#44,#206);
#206 = DEFINITIONAL_REPRESENTATION('',(#207),#211);
#207 = LINE('',#208,#209);
#208 = CARTESIAN_POINT('',(28.6,-44.6));
#209 = VECTOR('',#210,1.);
#210 = DIRECTION('',(0.,1.));
#211 = ( GEOMETRIC_REPRESENTATION_CONTEXT(2) 
PARAMETRIC_REPRESENTATION_CONTEXT() REPRESENTATION_CONTEXT('2D SPACE',''
  ) );
#212 = PCURVE('',#213,#218);
#213 = PLANE('',#214);
#214 = AXIS2_PLACEMENT_3D('',#215,#216,#217);
#215 = CARTESIAN_POINT('',(28.6,-44.6,0.));
#216 = DIRECTION('',(-1.,0.,0.));
#217 = DIRECTION('',(0.,1.,0.));
#218 = DEFINITIONAL_REPRESENTATION('',(#219),#223);
#219 = LINE('',#220,#221);
#220 = CARTESIAN_POINT('',(0.,0.));
#221 = VECTOR('',#222,1.);
#222 = DIRECTION('',(1.,0.));
#223 = ( GEOMETRIC_REPRESENTATION_CONTEXT(2) 
PARAMETRIC_REPRESENTATION_CONTEXT() REPRESENTATION_CONTEXT('2D SPACE',''
  ) );
#224 = ORIENTED_EDGE('',*,*,#225,.T.);
#225 = EDGE_CURVE('',#198,#226,#228,.T.);
#226 = VERTEX_POINT('',#227);
#227 = CARTESIAN_POINT('',(24.6,44.6,0.));
#228 = SURFACE_CURVE('',#229,(#234,#241),.PCURVE_S1.);
#229 = CIRCLE('',#230,4.);
#230 = AXIS2_PLACEMENT_3D('',#231,#232,#233);
#231 = CARTESIAN_POINT('',(24.6,40.6,0.));
#232 = DIRECTION('',(0.,0.,1.));
#233 = DIRECTION('',(0.,-1.,0.));
#234 = PCURVE('',#44,#235);
#235 = DEFINITIONAL_REPRESENTATION('',(#236),#240);
#236 = CIRCLE('',#237,4.);
#237 = AXIS2_PLACEMENT_2D('',#238,#239);
#238 = CARTESIAN_POINT('',(24.6,40.6));
#239 = DIRECTION('',(0.,-1.));
#240 = ( GEOMETRIC_REPRESENTATION_CONTEXT(2) 
PARAMETRIC_REPRESENTATION_CONTEXT() REPRESENTATION_CONTEXT('2D SPACE',''
  ) );
#241 = PCURVE('',#242,#247);
#242 = CYLINDRICAL_SURFACE('',#243,4.);
#243 = AXIS2_PLACEMENT_3D('',#244,#245,#246);
#244 = CARTESIAN_POINT('',(24.6,40.6,0.));
#245 = DIRECTION('',(0.,0.,1.));
#246 = DIRECTION('',(1.,0.,-0.));
#247 = DEFINITIONAL_REPRESENTATION('',(#248),#252);
#248 = LINE('',#249,#250);
#249 = CARTESIAN_POINT('',(-1.570796326795,0.));
#250 = VECTOR('',#251,1.);
#251 = DIRECTION('',(1.,0.));
#252 = ( GEOMETRIC_REPRESENTATION_CONTEXT(2) 
PARAMETRIC_REPRESENTATION_CONTEXT() REPRESENTATION_CONTEXT('2D SPACE',''
  ) );
#253 = ORIENTED_EDGE('',*,*,#254,.T.);
#254 = EDGE_CURVE('',#226,#255,#257,.T.);
#255 = VERTEX_POINT('',#256);
#256 = CARTESIAN_POINT('',(-24.6,44.6,0.));
#257 = SURFACE_CURVE('',#258,(#262,#269),.PCURVE_S1.);
#258 = LINE('',#259,#260);
#259 = CARTESIAN_POINT('',(28.6,44.6,0.));
#260 = VECTOR('',#261,1.);
#261 = DIRECTION('',(-1.,0.,0.));
#262 = PCURVE('',#44,#263);
#263 = DEFINITIONAL_REPRESENTATION('',(#264),#268);
#264 = LINE('',#265,#266);
#265 = CARTESIAN_POINT('',(28.6,44.6));
#266 = VECTOR('',#267,1.);
#267 = DIRECTION('',(-1.,0.));
#268 = ( GEOMETRIC_REPRESENTATION_CONTEXT(2) 
PARAMETRIC_REPRESENTATION_CONTEXT() REPRESENTATION_CONTEXT('2D SPACE',''
  ) );
#269 = PCURVE('',#270,#275);
#270 = PLANE('',#271);
#271 = AXIS2_PLACEMENT_3D('',#272,#273,#274);
#272 = CARTESIAN_POINT('',(28.6,44.6,0.));
#273 = DIRECTION('',(0.,-1.,0.));
#274 = DIRECTION('',(-1.,0.,0.));
#275 = DEFINITIONAL_REPRESENTATION('',(#276),#280);
#276 = LINE('',#277,#278);
#277 = CARTESIAN_POINT('',(0.,-0.));
#278 = VECTOR('',#279,1.);
#279 = DIRECTION('',(1.,0.));
#280 = ( GEOMETRIC_REPRESENTATION_CONTEXT(2) 
PARAMETRIC_REPRESENTATION_CONTEXT() REPRESENTATION_CONTEXT('2D SPACE',''
  ) );
#281 = ORIENTED_EDGE('',*,*,#282,.T.);
#282 = EDGE_CURVE('',#255,#283,#285,.T.);
#283 = VERTEX_POINT('',#284);
#284 = CARTESIAN_POINT('',(-28.6,40.6,0.));
#285 = SURFACE_CURVE('',#286,(#291,#298),.PCURVE_S1.);
#286 = CIRCLE('',#287,4.);
#287 = AXIS2_PLACEMENT_3D('',#288,#289,#290);
#288 = CARTESIAN_POINT('',(-24.6,40.6,0.));
#289 = DIRECTION('',(0.,0.,1.));
#290 = DIRECTION('',(0.,-1.,0.));
#291 = PCURVE('',#44,#292);
#292 = DEFINITIONAL_REPRESENTATION('',(#293),#297);
#293 = CIRCLE('',#294,4.);
#294 = AXIS2_PLACEMENT_2D('',#295,#296);
#295 = CARTESIAN_POINT('',(-24.6,40.6));
#296 = DIRECTION('',(0.,-1.));
#297 = ( GEOMETRIC_REPRESENTATION_CONTEXT(2) 
PARAMETRIC_REPRESENTATION_CONTEXT() REPRESENTATION_CONTEXT('2D SPACE',''
  ) );
#298 = PCURVE('',#299,#304);
#299 = CYLINDRICAL_SURFACE('',#300,4.);
#300 = AXIS2_PLACEMENT_3D('',#301,#302,#303);
#301 = CARTESIAN_POINT('',(-24.6,40.6,0.));
#302 = DIRECTION('',(0.,0.,1.));
#303 = DIRECTION('',(-0.,1.,0.));
#304 = DEFINITIONAL_REPRESENTATION('',(#305),#309);
#305 = LINE('',#306,#307);
#306 = CARTESIAN_POINT('',(-3.14159265359,0.));
#307 = VECTOR('',#308,1.);
#308 = DIRECTION('',(1.,0.));
#309 = ( GEOMETRIC_REPRESENTATION_CONTEXT(2) 
PARAMETRIC_REPRESENTATION_CONTEXT() REPRESENTATION_CONTEXT('2D SPACE',''
  ) );
#310 = ORIENTED_EDGE('',*,*,#311,.T.);
#311 = EDGE_CURVE('',#283,#312,#314,.T.);
#312 = VERTEX_POINT('',#313);
#313 = CARTESIAN_POINT('',(-28.6,-40.6,0.));
#314 = SURFACE_CURVE('',#315,(#319,#326),.PCURVE_S1.);
#315 = LINE('',#316,#317);
#316 = CARTESIAN_POINT('',(-28.6,44.6,0.));
#317 = VECTOR('',#318,1.);
#318 = DIRECTION('',(0.,-1.,0.));
#319 = PCURVE('',#44,#320);
#320 = DEFINITIONAL_REPRESENTATION('',(#321),#325);
#321 = LINE('',#322,#323);
#322 = CARTESIAN_POINT('',(-28.6,44.6));
#323 = VECTOR('',#324,1.);
#324 = DIRECTION('',(0.,-1.));
#325 = ( GEOMETRIC_REPRESENTATION_CONTEXT(2) 
PARAMETRIC_REPRESENTATION_CONTEXT() REPRESENTATION_CONTEXT('2D SPACE',''
  ) );
#326 = PCURVE('',#327,#332);
#327 = PLANE('',#328);
#328 = AXIS2_PLACEMENT_3D('',#329,#330,#331);
#329 = CARTESIAN_POINT('',(-28.6,44.6,0.));
#330 = DIRECTION('',(1.,0.,-0.));
#331 = DIRECTION('',(0.,-1.,0.));
#332 = DEFINITIONAL_REPRESENTATION('',(#333),#337);
#333 = LINE('',#334,#335);
#334 = CARTESIAN_POINT('',(0.,0.));
#335 = VECTOR('',#336,1.);
#336 = DIRECTION('',(1.,0.));
#337 = ( GEOMETRIC_REPRESENTATION_CONTEXT(2) 
PARAMETRIC_REPRESENTATION_CONTEXT() REPRESENTATION_CONTEXT('2D SPACE',''
  ) );
#338 = ORIENTED_EDGE('',*,*,#339,.F.);
#339 = EDGE_CURVE('',#22,#312,#340,.T.);
#340 = SURFACE_CURVE('',#341,(#346,#357),.PCURVE_S1.);
#341 = CIRCLE('',#342,4.);
#342 = AXIS2_PLACEMENT_3D('',#343,#344,#345);
#343 = CARTESIAN_POINT('',(-24.6,-40.6,0.));
#344 = DIRECTION('',(-0.,-0.,-1.));
#345 = DIRECTION('',(0.,-1.,0.));
#346 = PCURVE('',#44,#347);
#347 = DEFINITIONAL_REPRESENTATION('',(#348),#356);
#348 = ( BOUNDED_CURVE() B_SPLINE_CURVE(2,(#349,#350,#351,#352,#353,#354
,#355),.UNSPECIFIED.,.T.,.F.) B_SPLINE_CURVE_WITH_KNOTS((1,2,2,2,2,1),(
    -2.094395102393,0.,2.094395102393,4.188790204786,6.28318530718,
8.377580409573),.UNSPECIFIED.) CURVE() GEOMETRIC_REPRESENTATION_ITEM() 
RATIONAL_B_SPLINE_CURVE((1.,0.5,1.,0.5,1.,0.5,1.)) REPRESENTATION_ITEM(
  '') );
#349 = CARTESIAN_POINT('',(-24.6,-44.6));
#350 = CARTESIAN_POINT('',(-31.52820323027,-44.6));
#351 = CARTESIAN_POINT('',(-28.06410161513,-38.6));
#352 = CARTESIAN_POINT('',(-24.6,-32.6));
#353 = CARTESIAN_POINT('',(-21.13589838486,-38.6));
#354 = CARTESIAN_POINT('',(-17.67179676972,-44.6));
#355 = CARTESIAN_POINT('',(-24.6,-44.6));
#356 = ( GEOMETRIC_REPRESENTATION_CONTEXT(2) 
PARAMETRIC_REPRESENTATION_CONTEXT() REPRESENTATION_CONTEXT('2D SPACE',''
  ) );
#357 = PCURVE('',#72,#358);
#358 = DEFINITIONAL_REPRESENTATION('',(#359),#363);
#359 = LINE('',#360,#361);
#360 = CARTESIAN_POINT('',(-0.,0.));
#361 = VECTOR('',#362,1.);
#362 = DIRECTION('',(-1.,0.));
#363 = ( GEOMETRIC_REPRESENTATION_CONTEXT(2) 
PARAMETRIC_REPRESENTATION_CONTEXT() REPRESENTATION_CONTEXT('2D SPACE',''
  ) );
#364 = FACE_BOUND('',#365,.F.);
#365 = EDGE_LOOP('',(#366,#396,#443,#471,#514,#542,#585,#613));
#366 = ORIENTED_EDGE('',*,*,#367,.F.);
#367 = EDGE_CURVE('',#368,#370,#372,.T.);
#368 = VERTEX_POINT('',#369);
#369 = CARTESIAN_POINT('',(-23.,-38.5,0.));
#370 = VERTEX_POINT('',#371);
#371 = CARTESIAN_POINT('',(23.,-38.5,0.));
#372 = SURFACE_CURVE('',#373,(#377,#384),.PCURVE_S1.);
#373 = LINE('',#374,#375);
#374 = CARTESIAN_POINT('',(-25.5,-38.5,0.));
#375 = VECTOR('',#376,1.);
#376 = DIRECTION('',(1.,0.,0.));
#377 = PCURVE('',#44,#378);
#378 = DEFINITIONAL_REPRESENTATION('',(#379),#383);
#379 = LINE('',#380,#381);
#380 = CARTESIAN_POINT('',(-25.5,-38.5));
#381 = VECTOR('',#382,1.);
#382 = DIRECTION('',(1.,0.));
#383 = ( GEOMETRIC_REPRESENTATION_CONTEXT(2) 
PARAMETRIC_REPRESENTATION_CONTEXT() REPRESENTATION_CONTEXT('2D SPACE',''
  ) );
#384 = PCURVE('',#385,#390);
#385 = B_SPLINE_SURFACE_WITH_KNOTS('',1,1,(
    (#386,#387)
    ,(#388,#389
    )),.UNSPECIFIED.,.F.,.F.,.F.,(2,2),(2,2),(2.5,48.5),(0.,1.),
  .PIECEWISE_BEZIER_KNOTS.);
#386 = CARTESIAN_POINT('',(-23.,-38.5,0.));
#387 = CARTESIAN_POINT('',(-22.,-37.,1.5));
#388 = CARTESIAN_POINT('',(23.,-38.5,0.));
#389 = CARTESIAN_POINT('',(22.,-37.,1.5));
#390 = DEFINITIONAL_REPRESENTATION('',(#391),#395);
#391 = LINE('',#392,#393);
#392 = CARTESIAN_POINT('',(0.,0.));
#393 = VECTOR('',#394,1.);
#394 = DIRECTION('',(1.,0.));
#395 = ( GEOMETRIC_REPRESENTATION_CONTEXT(2) 
PARAMETRIC_REPRESENTATION_CONTEXT() REPRESENTATION_CONTEXT('2D SPACE',''
  ) );
#396 = ORIENTED_EDGE('',*,*,#397,.T.);
#397 = EDGE_CURVE('',#368,#398,#400,.T.);
#398 = VERTEX_POINT('',#399);
#399 = CARTESIAN_POINT('',(-25.5,-36.,0.));
#400 = SURFACE_CURVE('',#401,(#406,#417),.PCURVE_S1.);
#401 = CIRCLE('',#402,2.5);
#402 = AXIS2_PLACEMENT_3D('',#403,#404,#405);
#403 = CARTESIAN_POINT('',(-23.,-36.,0.));
#404 = DIRECTION('',(-0.,-0.,-1.));
#405 = DIRECTION('',(0.,-1.,0.));
#406 = PCURVE('',#44,#407);
#407 = DEFINITIONAL_REPRESENTATION('',(#408),#416);
#408 = ( BOUNDED_CURVE() B_SPLINE_CURVE(2,(#409,#410,#411,#412,#413,#414
,#415),.UNSPECIFIED.,.T.,.F.) B_SPLINE_CURVE_WITH_KNOTS((1,2,2,2,2,1),(
    -2.094395102393,0.,2.094395102393,4.188790204786,6.28318530718,
8.377580409573),.UNSPECIFIED.) CURVE() GEOMETRIC_REPRESENTATION_ITEM() 
RATIONAL_B_SPLINE_CURVE((1.,0.5,1.,0.5,1.,0.5,1.)) REPRESENTATION_ITEM(
  '') );
#409 = CARTESIAN_POINT('',(-23.,-38.5));
#410 = CARTESIAN_POINT('',(-27.33012701892,-38.5));
#411 = CARTESIAN_POINT('',(-25.16506350946,-34.75));
#412 = CARTESIAN_POINT('',(-23.,-31.));
#413 = CARTESIAN_POINT('',(-20.83493649053,-34.75));
#414 = CARTESIAN_POINT('',(-18.66987298107,-38.5));
#415 = CARTESIAN_POINT('',(-23.,-38.5));
#416 = ( GEOMETRIC_REPRESENTATION_CONTEXT(2) 
PARAMETRIC_REPRESENTATION_CONTEXT() REPRESENTATION_CONTEXT('2D SPACE',''
  ) );
#417 = PCURVE('',#418,#437);
#418 = B_SPLINE_SURFACE_WITH_KNOTS('',8,1,(
    (#419,#420)
    ,(#421,#422)
    ,(#423,#424)
    ,(#425,#426)
    ,(#427,#428)
    ,(#429,#430)
    ,(#431,#432)
    ,(#433,#434)
    ,(#435,#436
    )),.UNSPECIFIED.,.F.,.F.,.F.,(9,9),(2,2),(4.712388980385,
    6.28318530718),(0.,1.),.PIECEWISE_BEZIER_KNOTS.);
#419 = CARTESIAN_POINT('',(-25.5,-36.,0.));
#420 = CARTESIAN_POINT('',(-24.,-35.,1.5));
#421 = CARTESIAN_POINT('',(-25.5,-36.49087385212,0.));
#422 = CARTESIAN_POINT('',(-24.,-35.39269908169,1.5));
#423 = CARTESIAN_POINT('',(-25.38984802759,-36.98174785876,0.));
#424 = CARTESIAN_POINT('',(-23.91187842207,-35.78539828701,1.5));
#425 = CARTESIAN_POINT('',(-25.16954516467,-37.44378308583,0.));
#426 = CARTESIAN_POINT('',(-23.73563613174,-36.15502646866,1.5));
#427 = CARTESIAN_POINT('',(-24.84814688945,-37.84814688945,0.));
#428 = CARTESIAN_POINT('',(-23.47851751156,-36.47851751156,1.5));
#429 = CARTESIAN_POINT('',(-24.44378308583,-38.16954516467,0.));
#430 = CARTESIAN_POINT('',(-23.15502646866,-36.73563613174,1.5));
#431 = CARTESIAN_POINT('',(-23.98174785876,-38.38984802759,0.));
#432 = CARTESIAN_POINT('',(-22.785398287,-36.91187842207,1.5));
#433 = CARTESIAN_POINT('',(-23.49087385212,-38.49999999999,0.));
#434 = CARTESIAN_POINT('',(-22.39269908169,-37.,1.5));
#435 = CARTESIAN_POINT('',(-23.,-38.5,0.));
#436 = CARTESIAN_POINT('',(-22.,-37.,1.5));
#437 = DEFINITIONAL_REPRESENTATION('',(#438),#442);
#438 = LINE('',#439,#440);
#439 = CARTESIAN_POINT('',(6.28318530718,0.));
#440 = VECTOR('',#441,1.);
#441 = DIRECTION('',(-1.,0.));
#442 = ( GEOMETRIC_REPRESENTATION_CONTEXT(2) 
PARAMETRIC_REPRESENTATION_CONTEXT() REPRESENTATION_CONTEXT('2D SPACE',''
  ) );
#443 = ORIENTED_EDGE('',*,*,#444,.F.);
#444 = EDGE_CURVE('',#445,#398,#447,.T.);
#445 = VERTEX_POINT('',#446);
#446 = CARTESIAN_POINT('',(-25.5,36.,0.));
#447 = SURFACE_CURVE('',#448,(#452,#459),.PCURVE_S1.);
#448 = LINE('',#449,#450);
#449 = CARTESIAN_POINT('',(-25.5,38.5,0.));
#450 = VECTOR('',#451,1.);
#451 = DIRECTION('',(0.,-1.,0.));
#452 = PCURVE('',#44,#453);
#453 = DEFINITIONAL_REPRESENTATION('',(#454),#458);
#454 = LINE('',#455,#456);
#455 = CARTESIAN_POINT('',(-25.5,38.5));
#456 = VECTOR('',#457,1.);
#457 = DIRECTION('',(0.,-1.));
#458 = ( GEOMETRIC_REPRESENTATION_CONTEXT(2) 
PARAMETRIC_REPRESENTATION_CONTEXT() REPRESENTATION_CONTEXT('2D SPACE',''
  ) );
#459 = PCURVE('',#460,#465);
#460 = B_SPLINE_SURFACE_WITH_KNOTS('',1,1,(
    (#461,#462)
    ,(#463,#464
    )),.UNSPECIFIED.,.F.,.F.,.F.,(2,2),(2,2),(2.5,74.5),(0.,1.),
  .PIECEWISE_BEZIER_KNOTS.);
#461 = CARTESIAN_POINT('',(-25.5,36.,0.));
#462 = CARTESIAN_POINT('',(-24.,35.,1.5));
#463 = CARTESIAN_POINT('',(-25.5,-36.,0.));
#464 = CARTESIAN_POINT('',(-24.,-35.,1.5));
#465 = DEFINITIONAL_REPRESENTATION('',(#466),#470);
#466 = LINE('',#467,#468);
#467 = CARTESIAN_POINT('',(0.,0.));
#468 = VECTOR('',#469,1.);
#469 = DIRECTION('',(1.,0.));
#470 = ( GEOMETRIC_REPRESENTATION_CONTEXT(2) 
PARAMETRIC_REPRESENTATION_CONTEXT() REPRESENTATION_CONTEXT('2D SPACE',''
  ) );
#471 = ORIENTED_EDGE('',*,*,#472,.F.);
#472 = EDGE_CURVE('',#473,#445,#475,.T.);
#473 = VERTEX_POINT('',#474);
#474 = CARTESIAN_POINT('',(-23.,38.5,0.));
#475 = SURFACE_CURVE('',#476,(#481,#488),.PCURVE_S1.);
#476 = CIRCLE('',#477,2.5);
#477 = AXIS2_PLACEMENT_3D('',#478,#479,#480);
#478 = CARTESIAN_POINT('',(-23.,36.,0.));
#479 = DIRECTION('',(0.,0.,1.));
#480 = DIRECTION('',(0.,-1.,0.));
#481 = PCURVE('',#44,#482);
#482 = DEFINITIONAL_REPRESENTATION('',(#483),#487);
#483 = CIRCLE('',#484,2.5);
#484 = AXIS2_PLACEMENT_2D('',#485,#486);
#485 = CARTESIAN_POINT('',(-23.,36.));
#486 = DIRECTION('',(0.,-1.));
#487 = ( GEOMETRIC_REPRESENTATION_CONTEXT(2) 
PARAMETRIC_REPRESENTATION_CONTEXT() REPRESENTATION_CONTEXT('2D SPACE',''
  ) );
#488 = PCURVE('',#489,#508);
#489 = B_SPLINE_SURFACE_WITH_KNOTS('',8,1,(
    (#490,#491)
    ,(#492,#493)
    ,(#494,#495)
    ,(#496,#497)
    ,(#498,#499)
    ,(#500,#501)
    ,(#502,#503)
    ,(#504,#505)
    ,(#506,#507
    )),.UNSPECIFIED.,.F.,.F.,.F.,(9,9),(2,2),(3.14159265359,
    4.712388980385),(0.,1.),.PIECEWISE_BEZIER_KNOTS.);
#490 = CARTESIAN_POINT('',(-23.,38.5,0.));
#491 = CARTESIAN_POINT('',(-22.,37.,1.5));
#492 = CARTESIAN_POINT('',(-23.49087385212,38.499999999999,0.));
#493 = CARTESIAN_POINT('',(-22.39269908169,37.,1.5));
#494 = CARTESIAN_POINT('',(-23.98174785876,38.389848027599,0.));
#495 = CARTESIAN_POINT('',(-22.78539828701,36.911878422079,1.5));
#496 = CARTESIAN_POINT('',(-24.44378308583,38.169545164676,0.));
#497 = CARTESIAN_POINT('',(-23.15502646866,36.735636131741,1.5));
#498 = CARTESIAN_POINT('',(-24.84814688945,37.848146889452,0.));
#499 = CARTESIAN_POINT('',(-23.47851751156,36.478517511562,1.5));
#500 = CARTESIAN_POINT('',(-25.16954516467,37.443783085836,0.));
#501 = CARTESIAN_POINT('',(-23.73563613174,36.155026468669,1.5));
#502 = CARTESIAN_POINT('',(-25.38984802759,36.981747858761,0.));
#503 = CARTESIAN_POINT('',(-23.91187842207,35.785398287009,1.5));
#504 = CARTESIAN_POINT('',(-25.5,36.490873852123,0.));
#505 = CARTESIAN_POINT('',(-24.,35.392699081699,1.5));
#506 = CARTESIAN_POINT('',(-25.5,36.,0.));
#507 = CARTESIAN_POINT('',(-24.,35.,1.5));
#508 = DEFINITIONAL_REPRESENTATION('',(#509),#513);
#509 = LINE('',#510,#511);
#510 = CARTESIAN_POINT('',(0.,0.));
#511 = VECTOR('',#512,1.);
#512 = DIRECTION('',(1.,0.));
#513 = ( GEOMETRIC_REPRESENTATION_CONTEXT(2) 
PARAMETRIC_REPRESENTATION_CONTEXT() REPRESENTATION_CONTEXT('2D SPACE',''
  ) );
#514 = ORIENTED_EDGE('',*,*,#515,.F.);
#515 = EDGE_CURVE('',#516,#473,#518,.T.);
#516 = VERTEX_POINT('',#517);
#517 = CARTESIAN_POINT('',(23.,38.5,0.));
#518 = SURFACE_CURVE('',#519,(#523,#530),.PCURVE_S1.);
#519 = LINE('',#520,#521);
#520 = CARTESIAN_POINT('',(25.5,38.5,0.));
#521 = VECTOR('',#522,1.);
#522 = DIRECTION('',(-1.,0.,0.));
#523 = PCURVE('',#44,#524);
#524 = DEFINITIONAL_REPRESENTATION('',(#525),#529);
#525 = LINE('',#526,#527);
#526 = CARTESIAN_POINT('',(25.5,38.5));
#527 = VECTOR('',#528,1.);
#528 = DIRECTION('',(-1.,0.));
#529 = ( GEOMETRIC_REPRESENTATION_CONTEXT(2) 
PARAMETRIC_REPRESENTATION_CONTEXT() REPRESENTATION_CONTEXT('2D SPACE',''
  ) );
#530 = PCURVE('',#531,#536);
#531 = B_SPLINE_SURFACE_WITH_KNOTS('',1,1,(
    (#532,#533)
    ,(#534,#535
    )),.UNSPECIFIED.,.F.,.F.,.F.,(2,2),(2,2),(2.5,48.5),(0.,1.),
  .PIECEWISE_BEZIER_KNOTS.);
#532 = CARTESIAN_POINT('',(23.,38.5,0.));
#533 = CARTESIAN_POINT('',(22.,37.,1.5));
#534 = CARTESIAN_POINT('',(-23.,38.5,0.));
#535 = CARTESIAN_POINT('',(-22.,37.,1.5));
#536 = DEFINITIONAL_REPRESENTATION('',(#537),#541);
#537 = LINE('',#538,#539);
#538 = CARTESIAN_POINT('',(0.,0.));
#539 = VECTOR('',#540,1.);
#540 = DIRECTION('',(1.,0.));
#541 = ( GEOMETRIC_REPRESENTATION_CONTEXT(2) 
PARAMETRIC_REPRESENTATION_CONTEXT() REPRESENTATION_CONTEXT('2D SPACE',''
  ) );
#542 = ORIENTED_EDGE('',*,*,#543,.F.);
#543 = EDGE_CURVE('',#544,#516,#546,.T.);
#544 = VERTEX_POINT('',#545);
#545 = CARTESIAN_POINT('',(25.5,36.,0.));
#546 = SURFACE_CURVE('',#547,(#552,#559),.PCURVE_S1.);
#547 = CIRCLE('',#548,2.5);
#548 = AXIS2_PLACEMENT_3D('',#549,#550,#551);
#549 = CARTESIAN_POINT('',(23.,36.,0.));
#550 = DIRECTION('',(0.,0.,1.));
#551 = DIRECTION('',(0.,-1.,0.));
#552 = PCURVE('',#44,#553);
#553 = DEFINITIONAL_REPRESENTATION('',(#554),#558);
#554 = CIRCLE('',#555,2.5);
#555 = AXIS2_PLACEMENT_2D('',#556,#557);
#556 = CARTESIAN_POINT('',(23.,36.));
#557 = DIRECTION('',(0.,-1.));
#558 = ( GEOMETRIC_REPRESENTATION_CONTEXT(2) 
PARAMETRIC_REPRESENTATION_CONTEXT() REPRESENTATION_CONTEXT('2D SPACE',''
  ) );
#559 = PCURVE('',#560,#579);
#560 = B_SPLINE_SURFACE_WITH_KNOTS('',8,1,(
    (#561,#562)
    ,(#563,#564)
    ,(#565,#566)
    ,(#567,#568)
    ,(#569,#570)
    ,(#571,#572)
    ,(#573,#574)
    ,(#575,#576)
    ,(#577,#578
    )),.UNSPECIFIED.,.F.,.F.,.F.,(9,9),(2,2),(1.570796326795,
    3.14159265359),(0.,1.),.PIECEWISE_BEZIER_KNOTS.);
#561 = CARTESIAN_POINT('',(25.5,36.,0.));
#562 = CARTESIAN_POINT('',(24.,35.,1.5));
#563 = CARTESIAN_POINT('',(25.5,36.490873852123,0.));
#564 = CARTESIAN_POINT('',(24.,35.392699081698,1.5));
#565 = CARTESIAN_POINT('',(25.389848027597,36.981747858761,0.));
#566 = CARTESIAN_POINT('',(23.911878422078,35.785398287009,1.5));
#567 = CARTESIAN_POINT('',(25.169545164678,37.443783085837,0.));
#568 = CARTESIAN_POINT('',(23.735636131742,36.155026468668,1.5));
#569 = CARTESIAN_POINT('',(24.84814688945,37.848146889451,0.));
#570 = CARTESIAN_POINT('',(23.47851751156,36.478517511562,1.5));
#571 = CARTESIAN_POINT('',(24.443783085837,38.169545164678,0.));
#572 = CARTESIAN_POINT('',(23.15502646867,36.735636131741,1.5));
#573 = CARTESIAN_POINT('',(23.981747858761,38.389848027597,0.));
#574 = CARTESIAN_POINT('',(22.785398287008,36.911878422078,1.5));
#575 = CARTESIAN_POINT('',(23.490873852123,38.5,0.));
#576 = CARTESIAN_POINT('',(22.392699081699,37.,1.5));
#577 = CARTESIAN_POINT('',(23.,38.5,0.));
#578 = CARTESIAN_POINT('',(22.,37.,1.5));
#579 = DEFINITIONAL_REPRESENTATION('',(#580),#584);
#580 = LINE('',#581,#582);
#581 = CARTESIAN_POINT('',(0.,0.));
#582 = VECTOR('',#583,1.);
#583 = DIRECTION('',(1.,0.));
#584 = ( GEOMETRIC_REPRESENTATION_CONTEXT(2) 
PARAMETRIC_REPRESENTATION_CONTEXT() REPRESENTATION_CONTEXT('2D SPACE',''
  ) );
#585 = ORIENTED_EDGE('',*,*,#586,.F.);
#586 = EDGE_CURVE('',#587,#544,#589,.T.);
#587 = VERTEX_POINT('',#588);
#588 = CARTESIAN_POINT('',(25.5,-36.,0.));
#589 = SURFACE_CURVE('',#590,(#594,#601),.PCURVE_S1.);
#590 = LINE('',#591,#592);
#591 = CARTESIAN_POINT('',(25.5,-38.5,0.));
#592 = VECTOR('',#593,1.);
#593 = DIRECTION('',(0.,1.,0.));
#594 = PCURVE('',#44,#595);
#595 = DEFINITIONAL_REPRESENTATION('',(#596),#600);
#596 = LINE('',#597,#598);
#597 = CARTESIAN_POINT('',(25.5,-38.5));
#598 = VECTOR('',#599,1.);
#599 = DIRECTION('',(0.,1.));
#600 = ( GEOMETRIC_REPRESENTATION_CONTEXT(2) 
PARAMETRIC_REPRESENTATION_CONTEXT() REPRESENTATION_CONTEXT('2D SPACE',''
  ) );
#601 = PCURVE('',#602,#607);
#602 = B_SPLINE_SURFACE_WITH_KNOTS('',1,1,(
    (#603,#604)
    ,(#605,#606
    )),.UNSPECIFIED.,.F.,.F.,.F.,(2,2),(2,2),(2.5,74.5),(0.,1.),
  .PIECEWISE_BEZIER_KNOTS.);
#603 = CARTESIAN_POINT('',(25.5,-36.,0.));
#604 = CARTESIAN_POINT('',(24.,-35.,1.5));
#605 = CARTESIAN_POINT('',(25.5,36.,0.));
#606 = CARTESIAN_POINT('',(24.,35.,1.5));
#607 = DEFINITIONAL_REPRESENTATION('',(#608),#612);
#608 = LINE('',#609,#610);
#609 = CARTESIAN_POINT('',(0.,0.));
#610 = VECTOR('',#611,1.);
#611 = DIRECTION('',(1.,0.));
#612 = ( GEOMETRIC_REPRESENTATION_CONTEXT(2) 
PARAMETRIC_REPRESENTATION_CONTEXT() REPRESENTATION_CONTEXT('2D SPACE',''
  ) );
#613 = ORIENTED_EDGE('',*,*,#614,.F.);
#614 = EDGE_CURVE('',#370,#587,#615,.T.);
#615 = SURFACE_CURVE('',#616,(#621,#628),.PCURVE_S1.);
#616 = CIRCLE('',#617,2.5);
#617 = AXIS2_PLACEMENT_3D('',#618,#619,#620);
#618 = CARTESIAN_POINT('',(23.,-36.,0.));
#619 = DIRECTION('',(0.,0.,1.));
#620 = DIRECTION('',(0.,-1.,0.));
#621 = PCURVE('',#44,#622);
#622 = DEFINITIONAL_REPRESENTATION('',(#623),#627);
#623 = CIRCLE('',#624,2.5);
#624 = AXIS2_PLACEMENT_2D('',#625,#626);
#625 = CARTESIAN_POINT('',(23.,-36.));
#626 = DIRECTION('',(0.,-1.));
#627 = ( GEOMETRIC_REPRESENTATION_CONTEXT(2) 
PARAMETRIC_REPRESENTATION_CONTEXT() REPRESENTATION_CONTEXT('2D SPACE',''
  ) );
#628 = PCURVE('',#629,#648);
#629 = B_SPLINE_SURFACE_WITH_KNOTS('',8,1,(
    (#630,#631)
    ,(#632,#633)
    ,(#634,#635)
    ,(#636,#637)
    ,(#638,#639)
    ,(#640,#641)
    ,(#642,#643)
    ,(#644,#645)
    ,(#646,#647
    )),.UNSPECIFIED.,.F.,.F.,.F.,(9,9),(2,2),(0.,1.570796326795),(0.,1.)
  ,.PIECEWISE_BEZIER_KNOTS.);
#630 = CARTESIAN_POINT('',(23.,-38.5,0.));
#631 = CARTESIAN_POINT('',(22.,-37.,1.5));
#632 = CARTESIAN_POINT('',(23.490873852123,-38.5,0.));
#633 = CARTESIAN_POINT('',(22.392699081699,-37.,1.5));
#634 = CARTESIAN_POINT('',(23.981747858761,-38.38984802759,0.));
#635 = CARTESIAN_POINT('',(22.785398287008,-36.91187842207,1.5));
#636 = CARTESIAN_POINT('',(24.443783085838,-38.16954516467,0.));
#637 = CARTESIAN_POINT('',(23.15502646867,-36.73563613174,1.5));
#638 = CARTESIAN_POINT('',(24.84814688945,-37.84814688945,0.));
#639 = CARTESIAN_POINT('',(23.47851751156,-36.47851751155,1.5));
#640 = CARTESIAN_POINT('',(25.169545164679,-37.44378308583,0.));
#641 = CARTESIAN_POINT('',(23.735636131743,-36.15502646867,1.5));
#642 = CARTESIAN_POINT('',(25.389848027597,-36.98174785876,0.));
#643 = CARTESIAN_POINT('',(23.911878422077,-35.785398287,1.5));
#644 = CARTESIAN_POINT('',(25.5,-36.49087385212,0.));
#645 = CARTESIAN_POINT('',(24.,-35.39269908169,1.5));
#646 = CARTESIAN_POINT('',(25.5,-36.,0.));
#647 = CARTESIAN_POINT('',(24.,-35.,1.5));
#648 = DEFINITIONAL_REPRESENTATION('',(#649),#653);
#649 = LINE('',#650,#651);
#650 = CARTESIAN_POINT('',(0.,0.));
#651 = VECTOR('',#652,1.);
#652 = DIRECTION('',(1.,0.));
#653 = ( GEOMETRIC_REPRESENTATION_CONTEXT(2) 
PARAMETRIC_REPRESENTATION_CONTEXT() REPRESENTATION_CONTEXT('2D SPACE',''
  ) );
#654 = ADVANCED_FACE('',(#655),#72,.T.);
#655 = FACE_BOUND('',#656,.F.);
#656 = EDGE_LOOP('',(#657,#658,#659,#682));
#657 = ORIENTED_EDGE('',*,*,#56,.F.);
#658 = ORIENTED_EDGE('',*,*,#339,.T.);
#659 = ORIENTED_EDGE('',*,*,#660,.T.);
#660 = EDGE_CURVE('',#312,#661,#663,.T.);
#661 = VERTEX_POINT('',#662);
#662 = CARTESIAN_POINT('',(-28.6,-40.6,23.14));
#663 = SURFACE_CURVE('',#664,(#668,#675),.PCURVE_S1.);
#664 = LINE('',#665,#666);
#665 = CARTESIAN_POINT('',(-28.6,-40.6,0.));
#666 = VECTOR('',#667,1.);
#667 = DIRECTION('',(0.,0.,1.));
#668 = PCURVE('',#72,#669);
#669 = DEFINITIONAL_REPRESENTATION('',(#670),#674);
#670 = LINE('',#671,#672);
#671 = CARTESIAN_POINT('',(-1.570796326795,0.));
#672 = VECTOR('',#673,1.);
#673 = DIRECTION('',(-0.,1.));
#674 = ( GEOMETRIC_REPRESENTATION_CONTEXT(2) 
PARAMETRIC_REPRESENTATION_CONTEXT() REPRESENTATION_CONTEXT('2D SPACE',''
  ) );
#675 = PCURVE('',#327,#676);
#676 = DEFINITIONAL_REPRESENTATION('',(#677),#681);
#677 = LINE('',#678,#679);
#678 = CARTESIAN_POINT('',(85.2,0.));
#679 = VECTOR('',#680,1.);
#680 = DIRECTION('',(0.,-1.));
#681 = ( GEOMETRIC_REPRESENTATION_CONTEXT(2) 
PARAMETRIC_REPRESENTATION_CONTEXT() REPRESENTATION_CONTEXT('2D SPACE',''
  ) );
#682 = ORIENTED_EDGE('',*,*,#683,.F.);
#683 = EDGE_CURVE('',#57,#661,#684,.T.);
#684 = SURFACE_CURVE('',#685,(#690,#697),.PCURVE_S1.);
#685 = CIRCLE('',#686,4.);
#686 = AXIS2_PLACEMENT_3D('',#687,#688,#689);
#687 = CARTESIAN_POINT('',(-24.6,-40.6,23.14));
#688 = DIRECTION('',(-0.,-0.,-1.));
#689 = DIRECTION('',(0.,-1.,0.));
#690 = PCURVE('',#72,#691);
#691 = DEFINITIONAL_REPRESENTATION('',(#692),#696);
#692 = LINE('',#693,#694);
#693 = CARTESIAN_POINT('',(-0.,23.14));
#694 = VECTOR('',#695,1.);
#695 = DIRECTION('',(-1.,0.));
#696 = ( GEOMETRIC_REPRESENTATION_CONTEXT(2) 
PARAMETRIC_REPRESENTATION_CONTEXT() REPRESENTATION_CONTEXT('2D SPACE',''
  ) );
#697 = PCURVE('',#698,#703);
#698 = CONICAL_SURFACE('',#699,4.,0.785398163397);
#699 = AXIS2_PLACEMENT_3D('',#700,#701,#702);
#700 = CARTESIAN_POINT('',(-24.6,-40.6,23.14));
#701 = DIRECTION('',(0.,0.,1.));
#702 = DIRECTION('',(0.,-1.,0.));
#703 = DEFINITIONAL_REPRESENTATION('',(#704),#708);
#704 = LINE('',#705,#706);
#705 = CARTESIAN_POINT('',(6.28318530718,0.));
#706 = VECTOR('',#707,1.);
#707 = DIRECTION('',(-1.,0.));
#708 = ( GEOMETRIC_REPRESENTATION_CONTEXT(2) 
PARAMETRIC_REPRESENTATION_CONTEXT() REPRESENTATION_CONTEXT('2D SPACE',''
  ) );
#709 = ADVANCED_FACE('',(#710),#126,.T.);
#710 = FACE_BOUND('',#711,.T.);
#711 = EDGE_LOOP('',(#712,#713,#714,#737));
#712 = ORIENTED_EDGE('',*,*,#112,.F.);
#713 = ORIENTED_EDGE('',*,*,#173,.T.);
#714 = ORIENTED_EDGE('',*,*,#715,.T.);
#715 = EDGE_CURVE('',#174,#716,#718,.T.);
#716 = VERTEX_POINT('',#717);
#717 = CARTESIAN_POINT('',(28.6,-40.6,23.14));
#718 = SURFACE_CURVE('',#719,(#723,#730),.PCURVE_S1.);
#719 = LINE('',#720,#721);
#720 = CARTESIAN_POINT('',(28.6,-40.6,0.));
#721 = VECTOR('',#722,1.);
#722 = DIRECTION('',(0.,0.,1.));
#723 = PCURVE('',#126,#724);
#724 = DEFINITIONAL_REPRESENTATION('',(#725),#729);
#725 = LINE('',#726,#727);
#726 = CARTESIAN_POINT('',(1.570796326795,0.));
#727 = VECTOR('',#728,1.);
#728 = DIRECTION('',(0.,1.));
#729 = ( GEOMETRIC_REPRESENTATION_CONTEXT(2) 
PARAMETRIC_REPRESENTATION_CONTEXT() REPRESENTATION_CONTEXT('2D SPACE',''
  ) );
#730 = PCURVE('',#213,#731);
#731 = DEFINITIONAL_REPRESENTATION('',(#732),#736);
#732 = LINE('',#733,#734);
#733 = CARTESIAN_POINT('',(4.,0.));
#734 = VECTOR('',#735,1.);
#735 = DIRECTION('',(0.,-1.));
#736 = ( GEOMETRIC_REPRESENTATION_CONTEXT(2) 
PARAMETRIC_REPRESENTATION_CONTEXT() REPRESENTATION_CONTEXT('2D SPACE',''
  ) );
#737 = ORIENTED_EDGE('',*,*,#738,.F.);
#738 = EDGE_CURVE('',#85,#716,#739,.T.);
#739 = SURFACE_CURVE('',#740,(#745,#752),.PCURVE_S1.);
#740 = CIRCLE('',#741,4.);
#741 = AXIS2_PLACEMENT_3D('',#742,#743,#744);
#742 = CARTESIAN_POINT('',(24.6,-40.6,23.14));
#743 = DIRECTION('',(0.,0.,1.));
#744 = DIRECTION('',(0.,-1.,0.));
#745 = PCURVE('',#126,#746);
#746 = DEFINITIONAL_REPRESENTATION('',(#747),#751);
#747 = LINE('',#748,#749);
#748 = CARTESIAN_POINT('',(0.,23.14));
#749 = VECTOR('',#750,1.);
#750 = DIRECTION('',(1.,0.));
#751 = ( GEOMETRIC_REPRESENTATION_CONTEXT(2) 
PARAMETRIC_REPRESENTATION_CONTEXT() REPRESENTATION_CONTEXT('2D SPACE',''
  ) );
#752 = PCURVE('',#753,#758);
#753 = CONICAL_SURFACE('',#754,4.,0.785398163397);
#754 = AXIS2_PLACEMENT_3D('',#755,#756,#757);
#755 = CARTESIAN_POINT('',(24.6,-40.6,23.14));
#756 = DIRECTION('',(0.,0.,1.));
#757 = DIRECTION('',(0.,-1.,0.));
#758 = DEFINITIONAL_REPRESENTATION('',(#759),#763);
#759 = LINE('',#760,#761);
#760 = CARTESIAN_POINT('',(0.,0.));
#761 = VECTOR('',#762,1.);
#762 = DIRECTION('',(1.,0.));
#763 = ( GEOMETRIC_REPRESENTATION_CONTEXT(2) 
PARAMETRIC_REPRESENTATION_CONTEXT() REPRESENTATION_CONTEXT('2D SPACE',''
  ) );
#764 = ADVANCED_FACE('',(#765),#100,.T.);
#765 = FACE_BOUND('',#766,.T.);
#766 = EDGE_LOOP('',(#767,#768,#788,#816));
#767 = ORIENTED_EDGE('',*,*,#84,.T.);
#768 = ORIENTED_EDGE('',*,*,#769,.T.);
#769 = EDGE_CURVE('',#85,#770,#772,.T.);
#770 = VERTEX_POINT('',#771);
#771 = CARTESIAN_POINT('',(24.6,-48.2,26.74));
#772 = SURFACE_CURVE('',#773,(#776,#782),.PCURVE_S1.);
#773 = B_SPLINE_CURVE_WITH_KNOTS('',1,(#774,#775),.UNSPECIFIED.,.F.,.F.,
  (2,2),(0.,1.),.PIECEWISE_BEZIER_KNOTS.);
#774 = CARTESIAN_POINT('',(24.6,-44.6,23.14));
#775 = CARTESIAN_POINT('',(24.6,-48.2,26.74));
#776 = PCURVE('',#100,#777);
#777 = DEFINITIONAL_REPRESENTATION('',(#778),#781);
#778 = B_SPLINE_CURVE_WITH_KNOTS('',1,(#779,#780),.UNSPECIFIED.,.F.,.F.,
  (2,2),(0.,1.),.PIECEWISE_BEZIER_KNOTS.);
#779 = CARTESIAN_POINT('',(56.8,-5.091168824543));
#780 = CARTESIAN_POINT('',(56.8,1.42108547152E-14));
#781 = ( GEOMETRIC_REPRESENTATION_CONTEXT(2) 
PARAMETRIC_REPRESENTATION_CONTEXT() REPRESENTATION_CONTEXT('2D SPACE',''
  ) );
#782 = PCURVE('',#753,#783);
#783 = DEFINITIONAL_REPRESENTATION('',(#784),#787);
#784 = B_SPLINE_CURVE_WITH_KNOTS('',1,(#785,#786),.UNSPECIFIED.,.F.,.F.,
  (2,2),(0.,1.),.PIECEWISE_BEZIER_KNOTS.);
#785 = CARTESIAN_POINT('',(0.,0.));
#786 = CARTESIAN_POINT('',(0.,3.6));
#787 = ( GEOMETRIC_REPRESENTATION_CONTEXT(2) 
PARAMETRIC_REPRESENTATION_CONTEXT() REPRESENTATION_CONTEXT('2D SPACE',''
  ) );
#788 = ORIENTED_EDGE('',*,*,#789,.F.);
#789 = EDGE_CURVE('',#790,#770,#792,.T.);
#790 = VERTEX_POINT('',#791);
#791 = CARTESIAN_POINT('',(-24.6,-48.2,26.74));
#792 = SURFACE_CURVE('',#793,(#797,#804),.PCURVE_S1.);
#793 = LINE('',#794,#795);
#794 = CARTESIAN_POINT('',(-32.2,-48.2,26.74));
#795 = VECTOR('',#796,1.);
#796 = DIRECTION('',(1.,0.,0.));
#797 = PCURVE('',#100,#798);
#798 = DEFINITIONAL_REPRESENTATION('',(#799),#803);
#799 = LINE('',#800,#801);
#800 = CARTESIAN_POINT('',(0.,0.));
#801 = VECTOR('',#802,1.);
#802 = DIRECTION('',(1.,0.));
#803 = ( GEOMETRIC_REPRESENTATION_CONTEXT(2) 
PARAMETRIC_REPRESENTATION_CONTEXT() REPRESENTATION_CONTEXT('2D SPACE',''
  ) );
#804 = PCURVE('',#805,#810);
#805 = PLANE('',#806);
#806 = AXIS2_PLACEMENT_3D('',#807,#808,#809);
#807 = CARTESIAN_POINT('',(-32.2,-48.2,26.74));
#808 = DIRECTION('',(0.,1.,0.));
#809 = DIRECTION('',(1.,0.,0.));
#810 = DEFINITIONAL_REPRESENTATION('',(#811),#815);
#811 = LINE('',#812,#813);
#812 = CARTESIAN_POINT('',(0.,0.));
#813 = VECTOR('',#814,1.);
#814 = DIRECTION('',(1.,0.));
#815 = ( GEOMETRIC_REPRESENTATION_CONTEXT(2) 
PARAMETRIC_REPRESENTATION_CONTEXT() REPRESENTATION_CONTEXT('2D SPACE',''
  ) );
#816 = ORIENTED_EDGE('',*,*,#817,.F.);
#817 = EDGE_CURVE('',#57,#790,#818,.T.);
#818 = SURFACE_CURVE('',#819,(#822,#828),.PCURVE_S1.);
#819 = B_SPLINE_CURVE_WITH_KNOTS('',1,(#820,#821),.UNSPECIFIED.,.F.,.F.,
  (2,2),(0.,1.),.PIECEWISE_BEZIER_KNOTS.);
#820 = CARTESIAN_POINT('',(-24.6,-44.6,23.14));
#821 = CARTESIAN_POINT('',(-24.6,-48.2,26.74));
#822 = PCURVE('',#100,#823);
#823 = DEFINITIONAL_REPRESENTATION('',(#824),#827);
#824 = B_SPLINE_CURVE_WITH_KNOTS('',1,(#825,#826),.UNSPECIFIED.,.F.,.F.,
  (2,2),(0.,1.),.PIECEWISE_BEZIER_KNOTS.);
#825 = CARTESIAN_POINT('',(7.6,-5.091168824543));
#826 = CARTESIAN_POINT('',(7.6,1.42108547152E-14));
#827 = ( GEOMETRIC_REPRESENTATION_CONTEXT(2) 
PARAMETRIC_REPRESENTATION_CONTEXT() REPRESENTATION_CONTEXT('2D SPACE',''
  ) );
#828 = PCURVE('',#698,#829);
#829 = DEFINITIONAL_REPRESENTATION('',(#830),#833);
#830 = B_SPLINE_CURVE_WITH_KNOTS('',1,(#831,#832),.UNSPECIFIED.,.F.,.F.,
  (2,2),(0.,1.),.PIECEWISE_BEZIER_KNOTS.);
#831 = CARTESIAN_POINT('',(6.28318530718,0.));
#832 = CARTESIAN_POINT('',(6.28318530718,3.6));
#833 = ( GEOMETRIC_REPRESENTATION_CONTEXT(2) 
PARAMETRIC_REPRESENTATION_CONTEXT() REPRESENTATION_CONTEXT('2D SPACE',''
  ) );
#834 = ADVANCED_FACE('',(#835),#157,.T.);
#835 = FACE_BOUND('',#836,.T.);
#836 = EDGE_LOOP('',(#837,#838,#861,#888));
#837 = ORIENTED_EDGE('',*,*,#140,.F.);
#838 = ORIENTED_EDGE('',*,*,#839,.F.);
#839 = EDGE_CURVE('',#840,#141,#842,.T.);
#840 = VERTEX_POINT('',#841);
#841 = CARTESIAN_POINT('',(4.,-52.2,19.));
#842 = SEAM_CURVE('',#843,(#847,#854),.PCURVE_S1.);
#843 = LINE('',#844,#845);
#844 = CARTESIAN_POINT('',(4.,-52.2,19.));
#845 = VECTOR('',#846,1.);
#846 = DIRECTION('',(0.,1.,0.));
#847 = PCURVE('',#157,#848);
#848 = DEFINITIONAL_REPRESENTATION('',(#849),#853);
#849 = LINE('',#850,#851);
#850 = CARTESIAN_POINT('',(6.28318530718,-0.));
#851 = VECTOR('',#852,1.);
#852 = DIRECTION('',(0.,1.));
#853 = ( GEOMETRIC_REPRESENTATION_CONTEXT(2) 
PARAMETRIC_REPRESENTATION_CONTEXT() REPRESENTATION_CONTEXT('2D SPACE',''
  ) );
#854 = PCURVE('',#157,#855);
#855 = DEFINITIONAL_REPRESENTATION('',(#856),#860);
#856 = LINE('',#857,#858);
#857 = CARTESIAN_POINT('',(0.,-0.));
#858 = VECTOR('',#859,1.);
#859 = DIRECTION('',(0.,1.));
#860 = ( GEOMETRIC_REPRESENTATION_CONTEXT(2) 
PARAMETRIC_REPRESENTATION_CONTEXT() REPRESENTATION_CONTEXT('2D SPACE',''
  ) );
#861 = ORIENTED_EDGE('',*,*,#862,.T.);
#862 = EDGE_CURVE('',#840,#840,#863,.T.);
#863 = SURFACE_CURVE('',#864,(#869,#876),.PCURVE_S1.);
#864 = CIRCLE('',#865,6.);
#865 = AXIS2_PLACEMENT_3D('',#866,#867,#868);
#866 = CARTESIAN_POINT('',(4.,-52.2,13.));
#867 = DIRECTION('',(0.,1.,0.));
#868 = DIRECTION('',(0.,-0.,1.));
#869 = PCURVE('',#157,#870);
#870 = DEFINITIONAL_REPRESENTATION('',(#871),#875);
#871 = LINE('',#872,#873);
#872 = CARTESIAN_POINT('',(0.,0.));
#873 = VECTOR('',#874,1.);
#874 = DIRECTION('',(1.,0.));
#875 = ( GEOMETRIC_REPRESENTATION_CONTEXT(2) 
PARAMETRIC_REPRESENTATION_CONTEXT() REPRESENTATION_CONTEXT('2D SPACE',''
  ) );
#876 = PCURVE('',#877,#882);
#877 = PLANE('',#878);
#878 = AXIS2_PLACEMENT_3D('',#879,#880,#881);
#879 = CARTESIAN_POINT('',(4.,-52.2,13.));
#880 = DIRECTION('',(0.,1.,0.));
#881 = DIRECTION('',(0.,-0.,1.));
#882 = DEFINITIONAL_REPRESENTATION('',(#883),#887);
#883 = CIRCLE('',#884,6.);
#884 = AXIS2_PLACEMENT_2D('',#885,#886);
#885 = CARTESIAN_POINT('',(0.,0.));
#886 = DIRECTION('',(1.,0.));
#887 = ( GEOMETRIC_REPRESENTATION_CONTEXT(2) 
PARAMETRIC_REPRESENTATION_CONTEXT() REPRESENTATION_CONTEXT('2D SPACE',''
  ) );
#888 = ORIENTED_EDGE('',*,*,#839,.T.);
#889 = ADVANCED_FACE('',(#890,#943),#327,.F.);
#890 = FACE_BOUND('',#891,.F.);
#891 = EDGE_LOOP('',(#892,#893,#916,#942));
#892 = ORIENTED_EDGE('',*,*,#311,.F.);
#893 = ORIENTED_EDGE('',*,*,#894,.T.);
#894 = EDGE_CURVE('',#283,#895,#897,.T.);
#895 = VERTEX_POINT('',#896);
#896 = CARTESIAN_POINT('',(-28.6,40.6,23.14));
#897 = SURFACE_CURVE('',#898,(#902,#909),.PCURVE_S1.);
#898 = LINE('',#899,#900);
#899 = CARTESIAN_POINT('',(-28.6,40.6,0.));
#900 = VECTOR('',#901,1.);
#901 = DIRECTION('',(0.,0.,1.));
#902 = PCURVE('',#327,#903);
#903 = DEFINITIONAL_REPRESENTATION('',(#904),#908);
#904 = LINE('',#905,#906);
#905 = CARTESIAN_POINT('',(4.,0.));
#906 = VECTOR('',#907,1.);
#907 = DIRECTION('',(0.,-1.));
#908 = ( GEOMETRIC_REPRESENTATION_CONTEXT(2) 
PARAMETRIC_REPRESENTATION_CONTEXT() REPRESENTATION_CONTEXT('2D SPACE',''
  ) );
#909 = PCURVE('',#299,#910);
#910 = DEFINITIONAL_REPRESENTATION('',(#911),#915);
#911 = LINE('',#912,#913);
#912 = CARTESIAN_POINT('',(1.570796326795,0.));
#913 = VECTOR('',#914,1.);
#914 = DIRECTION('',(0.,1.));
#915 = ( GEOMETRIC_REPRESENTATION_CONTEXT(2) 
PARAMETRIC_REPRESENTATION_CONTEXT() REPRESENTATION_CONTEXT('2D SPACE',''
  ) );
#916 = ORIENTED_EDGE('',*,*,#917,.T.);
#917 = EDGE_CURVE('',#895,#661,#918,.T.);
#918 = SURFACE_CURVE('',#919,(#923,#930),.PCURVE_S1.);
#919 = LINE('',#920,#921);
#920 = CARTESIAN_POINT('',(-28.6,44.6,23.14));
#921 = VECTOR('',#922,1.);
#922 = DIRECTION('',(0.,-1.,0.));
#923 = PCURVE('',#327,#924);
#924 = DEFINITIONAL_REPRESENTATION('',(#925),#929);
#925 = LINE('',#926,#927);
#926 = CARTESIAN_POINT('',(0.,-23.14));
#927 = VECTOR('',#928,1.);
#928 = DIRECTION('',(1.,0.));
#929 = ( GEOMETRIC_REPRESENTATION_CONTEXT(2) 
PARAMETRIC_REPRESENTATION_CONTEXT() REPRESENTATION_CONTEXT('2D SPACE',''
  ) );
#930 = PCURVE('',#931,#936);
#931 = PLANE('',#932);
#932 = AXIS2_PLACEMENT_3D('',#933,#934,#935);
#933 = CARTESIAN_POINT('',(-32.2,48.2,26.74));
#934 = DIRECTION('',(-0.707106781187,-0.,-0.707106781187));
#935 = DIRECTION('',(0.,-1.,0.));
#936 = DEFINITIONAL_REPRESENTATION('',(#937),#941);
#937 = LINE('',#938,#939);
#938 = CARTESIAN_POINT('',(3.6,-5.091168824543));
#939 = VECTOR('',#940,1.);
#940 = DIRECTION('',(1.,0.));
#941 = ( GEOMETRIC_REPRESENTATION_CONTEXT(2) 
PARAMETRIC_REPRESENTATION_CONTEXT() REPRESENTATION_CONTEXT('2D SPACE',''
  ) );
#942 = ORIENTED_EDGE('',*,*,#660,.F.);
#943 = FACE_BOUND('',#944,.F.);
#944 = EDGE_LOOP('',(#945,#973,#999,#1025));
#945 = ORIENTED_EDGE('',*,*,#946,.F.);
#946 = EDGE_CURVE('',#947,#949,#951,.T.);
#947 = VERTEX_POINT('',#948);
#948 = CARTESIAN_POINT('',(-28.6,3.6,23.));
#949 = VERTEX_POINT('',#950);
#950 = CARTESIAN_POINT('',(-28.6,-3.6,23.));
#951 = SURFACE_CURVE('',#952,(#956,#962),.PCURVE_S1.);
#952 = LINE('',#953,#954);
#953 = CARTESIAN_POINT('',(-28.6,22.3,23.));
#954 = VECTOR('',#955,1.);
#955 = DIRECTION('',(0.,-1.,0.));
#956 = PCURVE('',#327,#957);
#957 = DEFINITIONAL_REPRESENTATION('',(#958),#961);
#958 = B_SPLINE_CURVE_WITH_KNOTS('',1,(#959,#960),.UNSPECIFIED.,.F.,.F.,
  (2,2),(18.7,25.9),.PIECEWISE_BEZIER_KNOTS.);
#959 = CARTESIAN_POINT('',(41.,-23.));
#960 = CARTESIAN_POINT('',(48.2,-23.));
#961 = ( GEOMETRIC_REPRESENTATION_CONTEXT(2) 
PARAMETRIC_REPRESENTATION_CONTEXT() REPRESENTATION_CONTEXT('2D SPACE',''
  ) );
#962 = PCURVE('',#963,#968);
#963 = PLANE('',#964);
#964 = AXIS2_PLACEMENT_3D('',#965,#966,#967);
#965 = CARTESIAN_POINT('',(-28.6,4.296462473279E-17,23.));
#966 = DIRECTION('',(0.,0.,1.));
#967 = DIRECTION('',(1.,0.,-0.));
#968 = DEFINITIONAL_REPRESENTATION('',(#969),#972);
#969 = B_SPLINE_CURVE_WITH_KNOTS('',1,(#970,#971),.UNSPECIFIED.,.F.,.F.,
  (2,2),(18.7,25.9),.PIECEWISE_BEZIER_KNOTS.);
#970 = CARTESIAN_POINT('',(0.,3.6));
#971 = CARTESIAN_POINT('',(0.,-3.6));
#972 = ( GEOMETRIC_REPRESENTATION_CONTEXT(2) 
PARAMETRIC_REPRESENTATION_CONTEXT() REPRESENTATION_CONTEXT('2D SPACE',''
  ) );
#973 = ORIENTED_EDGE('',*,*,#974,.T.);
#974 = EDGE_CURVE('',#947,#975,#977,.T.);
#975 = VERTEX_POINT('',#976);
#976 = CARTESIAN_POINT('',(-28.6,3.6,9.));
#977 = SURFACE_CURVE('',#978,(#982,#988),.PCURVE_S1.);
#978 = LINE('',#979,#980);
#979 = CARTESIAN_POINT('',(-28.6,3.6,9.));
#980 = VECTOR('',#981,1.);
#981 = DIRECTION('',(-0.,-0.,-1.));
#982 = PCURVE('',#327,#983);
#983 = DEFINITIONAL_REPRESENTATION('',(#984),#987);
#984 = B_SPLINE_CURVE_WITH_KNOTS('',1,(#985,#986),.UNSPECIFIED.,.F.,.F.,
  (2,2),(-14.0000006,5.999999999062E-07),.PIECEWISE_BEZIER_KNOTS.);
#985 = CARTESIAN_POINT('',(41.,-23.0000006));
#986 = CARTESIAN_POINT('',(41.,-8.9999994));
#987 = ( GEOMETRIC_REPRESENTATION_CONTEXT(2) 
PARAMETRIC_REPRESENTATION_CONTEXT() REPRESENTATION_CONTEXT('2D SPACE',''
  ) );
#988 = PCURVE('',#989,#994);
#989 = CYLINDRICAL_SURFACE('',#990,3.6);
#990 = AXIS2_PLACEMENT_3D('',#991,#992,#993);
#991 = CARTESIAN_POINT('',(-28.6,0.,9.));
#992 = DIRECTION('',(-0.,-0.,-1.));
#993 = DIRECTION('',(1.,0.,0.));
#994 = DEFINITIONAL_REPRESENTATION('',(#995),#998);
#995 = B_SPLINE_CURVE_WITH_KNOTS('',1,(#996,#997),.UNSPECIFIED.,.F.,.F.,
  (2,2),(-14.0000006,5.999999999062E-07),.PIECEWISE_BEZIER_KNOTS.);
#996 = CARTESIAN_POINT('',(-1.570796326795,-14.0000006));
#997 = CARTESIAN_POINT('',(-1.570796326795,5.999999999062E-07));
#998 = ( GEOMETRIC_REPRESENTATION_CONTEXT(2) 
PARAMETRIC_REPRESENTATION_CONTEXT() REPRESENTATION_CONTEXT('2D SPACE',''
  ) );
#999 = ORIENTED_EDGE('',*,*,#1000,.T.);
#1000 = EDGE_CURVE('',#975,#1001,#1003,.T.);
#1001 = VERTEX_POINT('',#1002);
#1002 = CARTESIAN_POINT('',(-28.6,-3.6,9.));
#1003 = SURFACE_CURVE('',#1004,(#1008,#1014),.PCURVE_S1.);
#1004 = LINE('',#1005,#1006);
#1005 = CARTESIAN_POINT('',(-28.6,22.3,9.));
#1006 = VECTOR('',#1007,1.);
#1007 = DIRECTION('',(0.,-1.,0.));
#1008 = PCURVE('',#327,#1009);
#1009 = DEFINITIONAL_REPRESENTATION('',(#1010),#1013);
#1010 = B_SPLINE_CURVE_WITH_KNOTS('',1,(#1011,#1012),.UNSPECIFIED.,.F.,
  .F.,(2,2),(18.7,25.9),.PIECEWISE_BEZIER_KNOTS.);
#1011 = CARTESIAN_POINT('',(41.,-9.));
#1012 = CARTESIAN_POINT('',(48.2,-9.));
#1013 = ( GEOMETRIC_REPRESENTATION_CONTEXT(2) 
PARAMETRIC_REPRESENTATION_CONTEXT() REPRESENTATION_CONTEXT('2D SPACE',''
  ) );
#1014 = PCURVE('',#1015,#1020);
#1015 = PLANE('',#1016);
#1016 = AXIS2_PLACEMENT_3D('',#1017,#1018,#1019);
#1017 = CARTESIAN_POINT('',(-28.6,4.296462473279E-17,9.));
#1018 = DIRECTION('',(0.,0.,1.));
#1019 = DIRECTION('',(1.,0.,-0.));
#1020 = DEFINITIONAL_REPRESENTATION('',(#1021),#1024);
#1021 = B_SPLINE_CURVE_WITH_KNOTS('',1,(#1022,#1023),.UNSPECIFIED.,.F.,
  .F.,(2,2),(18.7,25.9),.PIECEWISE_BEZIER_KNOTS.);
#1022 = CARTESIAN_POINT('',(0.,3.6));
#1023 = CARTESIAN_POINT('',(0.,-3.6));
#1024 = ( GEOMETRIC_REPRESENTATION_CONTEXT(2) 
PARAMETRIC_REPRESENTATION_CONTEXT() REPRESENTATION_CONTEXT('2D SPACE',''
  ) );
#1025 = ORIENTED_EDGE('',*,*,#1026,.F.);
#1026 = EDGE_CURVE('',#949,#1001,#1027,.T.);
#1027 = SURFACE_CURVE('',#1028,(#1032,#1038),.PCURVE_S1.);
#1028 = LINE('',#1029,#1030);
#1029 = CARTESIAN_POINT('',(-28.6,-3.6,9.));
#1030 = VECTOR('',#1031,1.);
#1031 = DIRECTION('',(-0.,-0.,-1.));
#1032 = PCURVE('',#327,#1033);
#1033 = DEFINITIONAL_REPRESENTATION('',(#1034),#1037);
#1034 = B_SPLINE_CURVE_WITH_KNOTS('',1,(#1035,#1036),.UNSPECIFIED.,.F.,
  .F.,(2,2),(-14.0000006,5.999999999062E-07),.PIECEWISE_BEZIER_KNOTS.);
#1035 = CARTESIAN_POINT('',(48.2,-23.0000006));
#1036 = CARTESIAN_POINT('',(48.2,-8.9999994));
#1037 = ( GEOMETRIC_REPRESENTATION_CONTEXT(2) 
PARAMETRIC_REPRESENTATION_CONTEXT() REPRESENTATION_CONTEXT('2D SPACE',''
  ) );
#1038 = PCURVE('',#989,#1039);
#1039 = DEFINITIONAL_REPRESENTATION('',(#1040),#1043);
#1040 = B_SPLINE_CURVE_WITH_KNOTS('',1,(#1041,#1042),.UNSPECIFIED.,.F.,
  .F.,(2,2),(-14.0000006,5.999999999062E-07),.PIECEWISE_BEZIER_KNOTS.);
#1041 = CARTESIAN_POINT('',(-4.712388980385,-14.0000006));
#1042 = CARTESIAN_POINT('',(-4.712388980385,5.999999999062E-07));
#1043 = ( GEOMETRIC_REPRESENTATION_CONTEXT(2) 
PARAMETRIC_REPRESENTATION_CONTEXT() REPRESENTATION_CONTEXT('2D SPACE',''
  ) );
#1044 = ADVANCED_FACE('',(#1045,#1098,#1199,#1234),#213,.F.);
#1045 = FACE_BOUND('',#1046,.F.);
#1046 = EDGE_LOOP('',(#1047,#1048,#1049,#1077));
#1047 = ORIENTED_EDGE('',*,*,#197,.F.);
#1048 = ORIENTED_EDGE('',*,*,#715,.T.);
#1049 = ORIENTED_EDGE('',*,*,#1050,.T.);
#1050 = EDGE_CURVE('',#716,#1051,#1053,.T.);
#1051 = VERTEX_POINT('',#1052);
#1052 = CARTESIAN_POINT('',(28.6,40.6,23.14));
#1053 = SURFACE_CURVE('',#1054,(#1058,#1065),.PCURVE_S1.);
#1054 = LINE('',#1055,#1056);
#1055 = CARTESIAN_POINT('',(28.6,-44.6,23.14));
#1056 = VECTOR('',#1057,1.);
#1057 = DIRECTION('',(0.,1.,0.));
#1058 = PCURVE('',#213,#1059);
#1059 = DEFINITIONAL_REPRESENTATION('',(#1060),#1064);
#1060 = LINE('',#1061,#1062);
#1061 = CARTESIAN_POINT('',(0.,-23.14));
#1062 = VECTOR('',#1063,1.);
#1063 = DIRECTION('',(1.,0.));
#1064 = ( GEOMETRIC_REPRESENTATION_CONTEXT(2) 
PARAMETRIC_REPRESENTATION_CONTEXT() REPRESENTATION_CONTEXT('2D SPACE',''
  ) );
#1065 = PCURVE('',#1066,#1071);
#1066 = PLANE('',#1067);
#1067 = AXIS2_PLACEMENT_3D('',#1068,#1069,#1070);
#1068 = CARTESIAN_POINT('',(32.2,-48.2,26.74));
#1069 = DIRECTION('',(0.707106781187,0.,-0.707106781187));
#1070 = DIRECTION('',(0.,1.,0.));
#1071 = DEFINITIONAL_REPRESENTATION('',(#1072),#1076);
#1072 = LINE('',#1073,#1074);
#1073 = CARTESIAN_POINT('',(3.6,-5.091168824543));
#1074 = VECTOR('',#1075,1.);
#1075 = DIRECTION('',(1.,0.));
#1076 = ( GEOMETRIC_REPRESENTATION_CONTEXT(2) 
PARAMETRIC_REPRESENTATION_CONTEXT() REPRESENTATION_CONTEXT('2D SPACE',''
  ) );
#1077 = ORIENTED_EDGE('',*,*,#1078,.F.);
#1078 = EDGE_CURVE('',#198,#1051,#1079,.T.);
#1079 = SURFACE_CURVE('',#1080,(#1084,#1091),.PCURVE_S1.);
#1080 = LINE('',#1081,#1082);
#1081 = CARTESIAN_POINT('',(28.6,40.6,0.));
#1082 = VECTOR('',#1083,1.);
#1083 = DIRECTION('',(0.,0.,1.));
#1084 = PCURVE('',#213,#1085);
#1085 = DEFINITIONAL_REPRESENTATION('',(#1086),#1090);
#1086 = LINE('',#1087,#1088);
#1087 = CARTESIAN_POINT('',(85.2,0.));
#1088 = VECTOR('',#1089,1.);
#1089 = DIRECTION('',(0.,-1.));
#1090 = ( GEOMETRIC_REPRESENTATION_CONTEXT(2) 
PARAMETRIC_REPRESENTATION_CONTEXT() REPRESENTATION_CONTEXT('2D SPACE',''
  ) );
#1091 = PCURVE('',#242,#1092);
#1092 = DEFINITIONAL_REPRESENTATION('',(#1093),#1097);
#1093 = LINE('',#1094,#1095);
#1094 = CARTESIAN_POINT('',(0.,0.));
#1095 = VECTOR('',#1096,1.);
#1096 = DIRECTION('',(0.,1.));
#1097 = ( GEOMETRIC_REPRESENTATION_CONTEXT(2) 
PARAMETRIC_REPRESENTATION_CONTEXT() REPRESENTATION_CONTEXT('2D SPACE',''
  ) );
#1098 = FACE_BOUND('',#1099,.F.);
#1099 = EDGE_LOOP('',(#1100,#1128,#1154,#1180));
#1100 = ORIENTED_EDGE('',*,*,#1101,.F.);
#1101 = EDGE_CURVE('',#1102,#1104,#1106,.T.);
#1102 = VERTEX_POINT('',#1103);
#1103 = CARTESIAN_POINT('',(28.6,-3.6,23.));
#1104 = VERTEX_POINT('',#1105);
#1105 = CARTESIAN_POINT('',(28.6,3.6,23.));
#1106 = SURFACE_CURVE('',#1107,(#1111,#1117),.PCURVE_S1.);
#1107 = LINE('',#1108,#1109);
#1108 = CARTESIAN_POINT('',(28.6,-22.3,23.));
#1109 = VECTOR('',#1110,1.);
#1110 = DIRECTION('',(0.,1.,-0.));
#1111 = PCURVE('',#213,#1112);
#1112 = DEFINITIONAL_REPRESENTATION('',(#1113),#1116);
#1113 = B_SPLINE_CURVE_WITH_KNOTS('',1,(#1114,#1115),.UNSPECIFIED.,.F.,
  .F.,(2,2),(18.7,25.9),.PIECEWISE_BEZIER_KNOTS.);
#1114 = CARTESIAN_POINT('',(41.,-23.));
#1115 = CARTESIAN_POINT('',(48.2,-23.));
#1116 = ( GEOMETRIC_REPRESENTATION_CONTEXT(2) 
PARAMETRIC_REPRESENTATION_CONTEXT() REPRESENTATION_CONTEXT('2D SPACE',''
  ) );
#1117 = PCURVE('',#1118,#1123);
#1118 = PLANE('',#1119);
#1119 = AXIS2_PLACEMENT_3D('',#1120,#1121,#1122);
#1120 = CARTESIAN_POINT('',(28.6,4.296462473279E-17,23.));
#1121 = DIRECTION('',(0.,0.,1.));
#1122 = DIRECTION('',(1.,0.,-0.));
#1123 = DEFINITIONAL_REPRESENTATION('',(#1124),#1127);
#1124 = B_SPLINE_CURVE_WITH_KNOTS('',1,(#1125,#1126),.UNSPECIFIED.,.F.,
  .F.,(2,2),(18.7,25.9),.PIECEWISE_BEZIER_KNOTS.);
#1125 = CARTESIAN_POINT('',(0.,-3.6));
#1126 = CARTESIAN_POINT('',(0.,3.6));
#1127 = ( GEOMETRIC_REPRESENTATION_CONTEXT(2) 
PARAMETRIC_REPRESENTATION_CONTEXT() REPRESENTATION_CONTEXT('2D SPACE',''
  ) );
#1128 = ORIENTED_EDGE('',*,*,#1129,.T.);
#1129 = EDGE_CURVE('',#1102,#1130,#1132,.T.);
#1130 = VERTEX_POINT('',#1131);
#1131 = CARTESIAN_POINT('',(28.6,-3.6,9.));
#1132 = SURFACE_CURVE('',#1133,(#1137,#1143),.PCURVE_S1.);
#1133 = LINE('',#1134,#1135);
#1134 = CARTESIAN_POINT('',(28.6,-3.6,9.));
#1135 = VECTOR('',#1136,1.);
#1136 = DIRECTION('',(-0.,-0.,-1.));
#1137 = PCURVE('',#213,#1138);
#1138 = DEFINITIONAL_REPRESENTATION('',(#1139),#1142);
#1139 = B_SPLINE_CURVE_WITH_KNOTS('',1,(#1140,#1141),.UNSPECIFIED.,.F.,
  .F.,(2,2),(-14.0000006,5.999999999062E-07),.PIECEWISE_BEZIER_KNOTS.);
#1140 = CARTESIAN_POINT('',(41.,-23.0000006));
#1141 = CARTESIAN_POINT('',(41.,-8.9999994));
#1142 = ( GEOMETRIC_REPRESENTATION_CONTEXT(2) 
PARAMETRIC_REPRESENTATION_CONTEXT() REPRESENTATION_CONTEXT('2D SPACE',''
  ) );
#1143 = PCURVE('',#1144,#1149);
#1144 = CYLINDRICAL_SURFACE('',#1145,3.6);
#1145 = AXIS2_PLACEMENT_3D('',#1146,#1147,#1148);
#1146 = CARTESIAN_POINT('',(28.6,0.,9.));
#1147 = DIRECTION('',(-0.,-0.,-1.));
#1148 = DIRECTION('',(1.,0.,0.));
#1149 = DEFINITIONAL_REPRESENTATION('',(#1150),#1153);
#1150 = B_SPLINE_CURVE_WITH_KNOTS('',1,(#1151,#1152),.UNSPECIFIED.,.F.,
  .F.,(2,2),(-14.,-0.),.PIECEWISE_BEZIER_KNOTS.);
#1151 = CARTESIAN_POINT('',(-4.712388980385,-14.));
#1152 = CARTESIAN_POINT('',(-4.712388980385,0.));
#1153 = ( GEOMETRIC_REPRESENTATION_CONTEXT(2) 
PARAMETRIC_REPRESENTATION_CONTEXT() REPRESENTATION_CONTEXT('2D SPACE',''
  ) );
#1154 = ORIENTED_EDGE('',*,*,#1155,.T.);
#1155 = EDGE_CURVE('',#1130,#1156,#1158,.T.);
#1156 = VERTEX_POINT('',#1157);
#1157 = CARTESIAN_POINT('',(28.6,3.6,9.));
#1158 = SURFACE_CURVE('',#1159,(#1163,#1169),.PCURVE_S1.);
#1159 = LINE('',#1160,#1161);
#1160 = CARTESIAN_POINT('',(28.6,-22.3,9.));
#1161 = VECTOR('',#1162,1.);
#1162 = DIRECTION('',(0.,1.,-0.));
#1163 = PCURVE('',#213,#1164);
#1164 = DEFINITIONAL_REPRESENTATION('',(#1165),#1168);
#1165 = B_SPLINE_CURVE_WITH_KNOTS('',1,(#1166,#1167),.UNSPECIFIED.,.F.,
  .F.,(2,2),(18.7,25.9),.PIECEWISE_BEZIER_KNOTS.);
#1166 = CARTESIAN_POINT('',(41.,-9.));
#1167 = CARTESIAN_POINT('',(48.2,-9.));
#1168 = ( GEOMETRIC_REPRESENTATION_CONTEXT(2) 
PARAMETRIC_REPRESENTATION_CONTEXT() REPRESENTATION_CONTEXT('2D SPACE',''
  ) );
#1169 = PCURVE('',#1170,#1175);
#1170 = PLANE('',#1171);
#1171 = AXIS2_PLACEMENT_3D('',#1172,#1173,#1174);
#1172 = CARTESIAN_POINT('',(28.6,4.296462473279E-17,9.));
#1173 = DIRECTION('',(0.,0.,1.));
#1174 = DIRECTION('',(1.,0.,-0.));
#1175 = DEFINITIONAL_REPRESENTATION('',(#1176),#1179);
#1176 = B_SPLINE_CURVE_WITH_KNOTS('',1,(#1177,#1178),.UNSPECIFIED.,.F.,
  .F.,(2,2),(18.7,25.9),.PIECEWISE_BEZIER_KNOTS.);
#1177 = CARTESIAN_POINT('',(0.,-3.6));
#1178 = CARTESIAN_POINT('',(0.,3.6));
#1179 = ( GEOMETRIC_REPRESENTATION_CONTEXT(2) 
PARAMETRIC_REPRESENTATION_CONTEXT() REPRESENTATION_CONTEXT('2D SPACE',''
  ) );
#1180 = ORIENTED_EDGE('',*,*,#1181,.F.);
#1181 = EDGE_CURVE('',#1104,#1156,#1182,.T.);
#1182 = SURFACE_CURVE('',#1183,(#1187,#1193),.PCURVE_S1.);
#1183 = LINE('',#1184,#1185);
#1184 = CARTESIAN_POINT('',(28.6,3.6,9.));
#1185 = VECTOR('',#1186,1.);
#1186 = DIRECTION('',(-0.,-0.,-1.));
#1187 = PCURVE('',#213,#1188);
#1188 = DEFINITIONAL_REPRESENTATION('',(#1189),#1192);
#1189 = B_SPLINE_CURVE_WITH_KNOTS('',1,(#1190,#1191),.UNSPECIFIED.,.F.,
  .F.,(2,2),(-14.0000006,5.999999999062E-07),.PIECEWISE_BEZIER_KNOTS.);
#1190 = CARTESIAN_POINT('',(48.2,-23.0000006));
#1191 = CARTESIAN_POINT('',(48.2,-8.9999994));
#1192 = ( GEOMETRIC_REPRESENTATION_CONTEXT(2) 
PARAMETRIC_REPRESENTATION_CONTEXT() REPRESENTATION_CONTEXT('2D SPACE',''
  ) );
#1193 = PCURVE('',#1144,#1194);
#1194 = DEFINITIONAL_REPRESENTATION('',(#1195),#1198);
#1195 = B_SPLINE_CURVE_WITH_KNOTS('',1,(#1196,#1197),.UNSPECIFIED.,.F.,
  .F.,(2,2),(-14.,-0.),.PIECEWISE_BEZIER_KNOTS.);
#1196 = CARTESIAN_POINT('',(-7.853981633974,-14.));
#1197 = CARTESIAN_POINT('',(-7.853981633974,0.));
#1198 = ( GEOMETRIC_REPRESENTATION_CONTEXT(2) 
PARAMETRIC_REPRESENTATION_CONTEXT() REPRESENTATION_CONTEXT('2D SPACE',''
  ) );
#1199 = FACE_BOUND('',#1200,.F.);
#1200 = EDGE_LOOP('',(#1201));
#1201 = ORIENTED_EDGE('',*,*,#1202,.T.);
#1202 = EDGE_CURVE('',#1203,#1203,#1205,.T.);
#1203 = VERTEX_POINT('',#1204);
#1204 = CARTESIAN_POINT('',(28.6,18.,18.));
#1205 = SURFACE_CURVE('',#1206,(#1211,#1222),.PCURVE_S1.);
#1206 = CIRCLE('',#1207,6.);
#1207 = AXIS2_PLACEMENT_3D('',#1208,#1209,#1210);
#1208 = CARTESIAN_POINT('',(28.6,18.,12.));
#1209 = DIRECTION('',(1.,0.,0.));
#1210 = DIRECTION('',(-0.,0.,1.));
#1211 = PCURVE('',#213,#1212);
#1212 = DEFINITIONAL_REPRESENTATION('',(#1213),#1221);
#1213 = ( BOUNDED_CURVE() B_SPLINE_CURVE(2,(#1214,#1215,#1216,#1217,
#1218,#1219,#1220),.UNSPECIFIED.,.T.,.F.) B_SPLINE_CURVE_WITH_KNOTS((1,2
    ,2,2,2,1),(-2.094395102393,0.,2.094395102393,4.188790204786,
6.28318530718,8.377580409573),.UNSPECIFIED.) CURVE() 
GEOMETRIC_REPRESENTATION_ITEM() RATIONAL_B_SPLINE_CURVE((1.,0.5,1.,0.5,
1.,0.5,1.)) REPRESENTATION_ITEM('') );
#1214 = CARTESIAN_POINT('',(62.6,-18.));
#1215 = CARTESIAN_POINT('',(52.207695154587,-18.));
#1216 = CARTESIAN_POINT('',(57.403847577293,-9.));
#1217 = CARTESIAN_POINT('',(62.6,-3.552713678801E-15));
#1218 = CARTESIAN_POINT('',(67.796152422707,-9.));
#1219 = CARTESIAN_POINT('',(72.992304845413,-18.));
#1220 = CARTESIAN_POINT('',(62.6,-18.));
#1221 = ( GEOMETRIC_REPRESENTATION_CONTEXT(2) 
PARAMETRIC_REPRESENTATION_CONTEXT() REPRESENTATION_CONTEXT('2D SPACE',''
  ) );
#1222 = PCURVE('',#1223,#1228);
#1223 = CYLINDRICAL_SURFACE('',#1224,6.);
#1224 = AXIS2_PLACEMENT_3D('',#1225,#1226,#1227);
#1225 = CARTESIAN_POINT('',(28.,18.,12.));
#1226 = DIRECTION('',(1.,0.,0.));
#1227 = DIRECTION('',(-0.,0.,1.));
#1228 = DEFINITIONAL_REPRESENTATION('',(#1229),#1233);
#1229 = LINE('',#1230,#1231);
#1230 = CARTESIAN_POINT('',(0.,0.6));
#1231 = VECTOR('',#1232,1.);
#1232 = DIRECTION('',(1.,0.));
#1233 = ( GEOMETRIC_REPRESENTATION_CONTEXT(2) 
PARAMETRIC_REPRESENTATION_CONTEXT() REPRESENTATION_CONTEXT('2D SPACE',''
  ) );
#1234 = FACE_BOUND('',#1235,.F.);
#1235 = EDGE_LOOP('',(#1236,#1264,#1297,#1323));
#1236 = ORIENTED_EDGE('',*,*,#1237,.T.);
#1237 = EDGE_CURVE('',#1238,#1240,#1242,.T.);
#1238 = VERTEX_POINT('',#1239);
#1239 = CARTESIAN_POINT('',(28.6,18.,5.5));
#1240 = VERTEX_POINT('',#1241);
#1241 = CARTESIAN_POINT('',(28.6,18.,1.636363636364));
#1242 = SURFACE_CURVE('',#1243,(#1247,#1253),.PCURVE_S1.);
#1243 = LINE('',#1244,#1245);
#1244 = CARTESIAN_POINT('',(28.6,18.,12.5));
#1245 = VECTOR('',#1246,1.);
#1246 = DIRECTION('',(0.,0.,-1.));
#1247 = PCURVE('',#213,#1248);
#1248 = DEFINITIONAL_REPRESENTATION('',(#1249),#1252);
#1249 = B_SPLINE_CURVE_WITH_KNOTS('',1,(#1250,#1251),.UNSPECIFIED.,.F.,
  .F.,(2,2),(7.,12.5),.PIECEWISE_BEZIER_KNOTS.);
#1250 = CARTESIAN_POINT('',(62.6,-5.5));
#1251 = CARTESIAN_POINT('',(62.6,0.));
#1252 = ( GEOMETRIC_REPRESENTATION_CONTEXT(2) 
PARAMETRIC_REPRESENTATION_CONTEXT() REPRESENTATION_CONTEXT('2D SPACE',''
  ) );
#1253 = PCURVE('',#1254,#1259);
#1254 = PLANE('',#1255);
#1255 = AXIS2_PLACEMENT_3D('',#1256,#1257,#1258);
#1256 = CARTESIAN_POINT('',(27.6,18.,25.));
#1257 = DIRECTION('',(0.,1.,0.));
#1258 = DIRECTION('',(1.,0.,1.110223024625E-16));
#1259 = DEFINITIONAL_REPRESENTATION('',(#1260),#1263);
#1260 = B_SPLINE_CURVE_WITH_KNOTS('',1,(#1261,#1262),.UNSPECIFIED.,.F.,
  .F.,(2,2),(7.,12.5),.PIECEWISE_BEZIER_KNOTS.);
#1261 = CARTESIAN_POINT('',(1.,19.5));
#1262 = CARTESIAN_POINT('',(1.,25.));
#1263 = ( GEOMETRIC_REPRESENTATION_CONTEXT(2) 
PARAMETRIC_REPRESENTATION_CONTEXT() REPRESENTATION_CONTEXT('2D SPACE',''
  ) );
#1264 = ORIENTED_EDGE('',*,*,#1265,.T.);
#1265 = EDGE_CURVE('',#1240,#1266,#1268,.T.);
#1266 = VERTEX_POINT('',#1267);
#1267 = CARTESIAN_POINT('',(28.6,18.,22.363636363636));
#1268 = SURFACE_CURVE('',#1269,(#1274,#1285),.PCURVE_S1.);
#1269 = CIRCLE('',#1270,10.363636363636);
#1270 = AXIS2_PLACEMENT_3D('',#1271,#1272,#1273);
#1271 = CARTESIAN_POINT('',(28.6,18.,12.));
#1272 = DIRECTION('',(1.,0.,1.110223024625E-16));
#1273 = DIRECTION('',(1.110223024625E-16,0.,-1.));
#1274 = PCURVE('',#213,#1275);
#1275 = DEFINITIONAL_REPRESENTATION('',(#1276),#1284);
#1276 = ( BOUNDED_CURVE() B_SPLINE_CURVE(2,(#1277,#1278,#1279,#1280,
#1281,#1282,#1283),.UNSPECIFIED.,.T.,.F.) B_SPLINE_CURVE_WITH_KNOTS((1,2
    ,2,2,2,1),(-2.094395102393,0.,2.094395102393,4.188790204786,
6.28318530718,8.377580409573),.UNSPECIFIED.) CURVE() 
GEOMETRIC_REPRESENTATION_ITEM() RATIONAL_B_SPLINE_CURVE((1.,0.5,1.,0.5,
1.,0.5,1.)) REPRESENTATION_ITEM('') );
#1277 = CARTESIAN_POINT('',(62.6,-1.636363636364));
#1278 = CARTESIAN_POINT('',(80.550344732987,-1.636363636364));
#1279 = CARTESIAN_POINT('',(71.575172366493,-17.18181818181));
#1280 = CARTESIAN_POINT('',(62.6,-32.72727272727));
#1281 = CARTESIAN_POINT('',(53.624827633507,-17.18181818181));
#1282 = CARTESIAN_POINT('',(44.649655267013,-1.636363636364));
#1283 = CARTESIAN_POINT('',(62.6,-1.636363636364));
#1284 = ( GEOMETRIC_REPRESENTATION_CONTEXT(2) 
PARAMETRIC_REPRESENTATION_CONTEXT() REPRESENTATION_CONTEXT('2D SPACE',''
  ) );
#1285 = PCURVE('',#1286,#1291);
#1286 = CONICAL_SURFACE('',#1287,9.,1.219351532791);
#1287 = AXIS2_PLACEMENT_3D('',#1288,#1289,#1290);
#1288 = CARTESIAN_POINT('',(28.1,18.,12.));
#1289 = DIRECTION('',(1.,0.,1.110223024625E-16));
#1290 = DIRECTION('',(1.110223024625E-16,0.,-1.));
#1291 = DEFINITIONAL_REPRESENTATION('',(#1292),#1296);
#1292 = LINE('',#1293,#1294);
#1293 = CARTESIAN_POINT('',(0.,0.5));
#1294 = VECTOR('',#1295,1.);
#1295 = DIRECTION('',(1.,0.));
#1296 = ( GEOMETRIC_REPRESENTATION_CONTEXT(2) 
PARAMETRIC_REPRESENTATION_CONTEXT() REPRESENTATION_CONTEXT('2D SPACE',''
  ) );
#1297 = ORIENTED_EDGE('',*,*,#1298,.T.);
#1298 = EDGE_CURVE('',#1266,#1299,#1301,.T.);
#1299 = VERTEX_POINT('',#1300);
#1300 = CARTESIAN_POINT('',(28.6,18.,18.5));
#1301 = SURFACE_CURVE('',#1302,(#1306,#1312),.PCURVE_S1.);
#1302 = LINE('',#1303,#1304);
#1303 = CARTESIAN_POINT('',(28.6,18.,12.5));
#1304 = VECTOR('',#1305,1.);
#1305 = DIRECTION('',(0.,0.,-1.));
#1306 = PCURVE('',#213,#1307);
#1307 = DEFINITIONAL_REPRESENTATION('',(#1308),#1311);
#1308 = B_SPLINE_CURVE_WITH_KNOTS('',1,(#1309,#1310),.UNSPECIFIED.,.F.,
  .F.,(2,2),(-10.64,-6.),.PIECEWISE_BEZIER_KNOTS.);
#1309 = CARTESIAN_POINT('',(62.6,-23.14));
#1310 = CARTESIAN_POINT('',(62.6,-18.5));
#1311 = ( GEOMETRIC_REPRESENTATION_CONTEXT(2) 
PARAMETRIC_REPRESENTATION_CONTEXT() REPRESENTATION_CONTEXT('2D SPACE',''
  ) );
#1312 = PCURVE('',#1313,#1318);
#1313 = PLANE('',#1314);
#1314 = AXIS2_PLACEMENT_3D('',#1315,#1316,#1317);
#1315 = CARTESIAN_POINT('',(27.6,18.,25.));
#1316 = DIRECTION('',(0.,1.,0.));
#1317 = DIRECTION('',(1.,0.,1.110223024625E-16));
#1318 = DEFINITIONAL_REPRESENTATION('',(#1319),#1322);
#1319 = B_SPLINE_CURVE_WITH_KNOTS('',1,(#1320,#1321),.UNSPECIFIED.,.F.,
  .F.,(2,2),(-10.64,-6.),.PIECEWISE_BEZIER_KNOTS.);
#1320 = CARTESIAN_POINT('',(1.,1.86));
#1321 = CARTESIAN_POINT('',(1.,6.5));
#1322 = ( GEOMETRIC_REPRESENTATION_CONTEXT(2) 
PARAMETRIC_REPRESENTATION_CONTEXT() REPRESENTATION_CONTEXT('2D SPACE',''
  ) );
#1323 = ORIENTED_EDGE('',*,*,#1324,.T.);
#1324 = EDGE_CURVE('',#1299,#1238,#1325,.T.);
#1325 = SURFACE_CURVE('',#1326,(#1331,#1338),.PCURVE_S1.);
#1326 = CIRCLE('',#1327,6.5);
#1327 = AXIS2_PLACEMENT_3D('',#1328,#1329,#1330);
#1328 = CARTESIAN_POINT('',(28.6,18.,12.));
#1329 = DIRECTION('',(-1.,-0.,-1.110223024625E-16));
#1330 = DIRECTION('',(1.110223024625E-16,0.,-1.));
#1331 = PCURVE('',#213,#1332);
#1332 = DEFINITIONAL_REPRESENTATION('',(#1333),#1337);
#1333 = CIRCLE('',#1334,6.5);
#1334 = AXIS2_PLACEMENT_2D('',#1335,#1336);
#1335 = CARTESIAN_POINT('',(62.6,-12.));
#1336 = DIRECTION('',(0.,1.));
#1337 = ( GEOMETRIC_REPRESENTATION_CONTEXT(2) 
PARAMETRIC_REPRESENTATION_CONTEXT() REPRESENTATION_CONTEXT('2D SPACE',''
  ) );
#1338 = PCURVE('',#1339,#1344);
#1339 = CYLINDRICAL_SURFACE('',#1340,6.5);
#1340 = AXIS2_PLACEMENT_3D('',#1341,#1342,#1343);
#1341 = CARTESIAN_POINT('',(27.6,18.,12.));
#1342 = DIRECTION('',(-1.,-0.,-1.110223024625E-16));
#1343 = DIRECTION('',(1.110223024625E-16,0.,-1.));
#1344 = DEFINITIONAL_REPRESENTATION('',(#1345),#1349);
#1345 = LINE('',#1346,#1347);
#1346 = CARTESIAN_POINT('',(-6.28318530718,-1.));
#1347 = VECTOR('',#1348,1.);
#1348 = DIRECTION('',(1.,-0.));
#1349 = ( GEOMETRIC_REPRESENTATION_CONTEXT(2) 
PARAMETRIC_REPRESENTATION_CONTEXT() REPRESENTATION_CONTEXT('2D SPACE',''
  ) );
#1350 = ADVANCED_FACE('',(#1351),#299,.T.);
#1351 = FACE_BOUND('',#1352,.T.);
#1352 = EDGE_LOOP('',(#1353,#1376,#1377,#1378));
#1353 = ORIENTED_EDGE('',*,*,#1354,.F.);
#1354 = EDGE_CURVE('',#255,#1355,#1357,.T.);
#1355 = VERTEX_POINT('',#1356);
#1356 = CARTESIAN_POINT('',(-24.6,44.6,23.14));
#1357 = SURFACE_CURVE('',#1358,(#1362,#1369),.PCURVE_S1.);
#1358 = LINE('',#1359,#1360);
#1359 = CARTESIAN_POINT('',(-24.6,44.6,0.));
#1360 = VECTOR('',#1361,1.);
#1361 = DIRECTION('',(0.,0.,1.));
#1362 = PCURVE('',#299,#1363);
#1363 = DEFINITIONAL_REPRESENTATION('',(#1364),#1368);
#1364 = LINE('',#1365,#1366);
#1365 = CARTESIAN_POINT('',(0.,0.));
#1366 = VECTOR('',#1367,1.);
#1367 = DIRECTION('',(0.,1.));
#1368 = ( GEOMETRIC_REPRESENTATION_CONTEXT(2) 
PARAMETRIC_REPRESENTATION_CONTEXT() REPRESENTATION_CONTEXT('2D SPACE',''
  ) );
#1369 = PCURVE('',#270,#1370);
#1370 = DEFINITIONAL_REPRESENTATION('',(#1371),#1375);
#1371 = LINE('',#1372,#1373);
#1372 = CARTESIAN_POINT('',(53.2,0.));
#1373 = VECTOR('',#1374,1.);
#1374 = DIRECTION('',(0.,-1.));
#1375 = ( GEOMETRIC_REPRESENTATION_CONTEXT(2) 
PARAMETRIC_REPRESENTATION_CONTEXT() REPRESENTATION_CONTEXT('2D SPACE',''
  ) );
#1376 = ORIENTED_EDGE('',*,*,#282,.T.);
#1377 = ORIENTED_EDGE('',*,*,#894,.T.);
#1378 = ORIENTED_EDGE('',*,*,#1379,.F.);
#1379 = EDGE_CURVE('',#1355,#895,#1380,.T.);
#1380 = SURFACE_CURVE('',#1381,(#1386,#1393),.PCURVE_S1.);
#1381 = CIRCLE('',#1382,4.);
#1382 = AXIS2_PLACEMENT_3D('',#1383,#1384,#1385);
#1383 = CARTESIAN_POINT('',(-24.6,40.6,23.14));
#1384 = DIRECTION('',(0.,0.,1.));
#1385 = DIRECTION('',(0.,-1.,0.));
#1386 = PCURVE('',#299,#1387);
#1387 = DEFINITIONAL_REPRESENTATION('',(#1388),#1392);
#1388 = LINE('',#1389,#1390);
#1389 = CARTESIAN_POINT('',(-3.14159265359,23.14));
#1390 = VECTOR('',#1391,1.);
#1391 = DIRECTION('',(1.,0.));
#1392 = ( GEOMETRIC_REPRESENTATION_CONTEXT(2) 
PARAMETRIC_REPRESENTATION_CONTEXT() REPRESENTATION_CONTEXT('2D SPACE',''
  ) );
#1393 = PCURVE('',#1394,#1399);
#1394 = CONICAL_SURFACE('',#1395,4.,0.785398163397);
#1395 = AXIS2_PLACEMENT_3D('',#1396,#1397,#1398);
#1396 = CARTESIAN_POINT('',(-24.6,40.6,23.14));
#1397 = DIRECTION('',(0.,0.,1.));
#1398 = DIRECTION('',(0.,-1.,0.));
#1399 = DEFINITIONAL_REPRESENTATION('',(#1400),#1404);
#1400 = LINE('',#1401,#1402);
#1401 = CARTESIAN_POINT('',(0.,0.));
#1402 = VECTOR('',#1403,1.);
#1403 = DIRECTION('',(1.,0.));
#1404 = ( GEOMETRIC_REPRESENTATION_CONTEXT(2) 
PARAMETRIC_REPRESENTATION_CONTEXT() REPRESENTATION_CONTEXT('2D SPACE',''
  ) );
#1405 = ADVANCED_FACE('',(#1406),#242,.T.);
#1406 = FACE_BOUND('',#1407,.T.);
#1407 = EDGE_LOOP('',(#1408,#1409,#1410,#1433));
#1408 = ORIENTED_EDGE('',*,*,#1078,.F.);
#1409 = ORIENTED_EDGE('',*,*,#225,.T.);
#1410 = ORIENTED_EDGE('',*,*,#1411,.T.);
#1411 = EDGE_CURVE('',#226,#1412,#1414,.T.);
#1412 = VERTEX_POINT('',#1413);
#1413 = CARTESIAN_POINT('',(24.6,44.6,23.14));
#1414 = SURFACE_CURVE('',#1415,(#1419,#1426),.PCURVE_S1.);
#1415 = LINE('',#1416,#1417);
#1416 = CARTESIAN_POINT('',(24.6,44.6,0.));
#1417 = VECTOR('',#1418,1.);
#1418 = DIRECTION('',(0.,0.,1.));
#1419 = PCURVE('',#242,#1420);
#1420 = DEFINITIONAL_REPRESENTATION('',(#1421),#1425);
#1421 = LINE('',#1422,#1423);
#1422 = CARTESIAN_POINT('',(1.570796326795,0.));
#1423 = VECTOR('',#1424,1.);
#1424 = DIRECTION('',(0.,1.));
#1425 = ( GEOMETRIC_REPRESENTATION_CONTEXT(2) 
PARAMETRIC_REPRESENTATION_CONTEXT() REPRESENTATION_CONTEXT('2D SPACE',''
  ) );
#1426 = PCURVE('',#270,#1427);
#1427 = DEFINITIONAL_REPRESENTATION('',(#1428),#1432);
#1428 = LINE('',#1429,#1430);
#1429 = CARTESIAN_POINT('',(4.,0.));
#1430 = VECTOR('',#1431,1.);
#1431 = DIRECTION('',(0.,-1.));
#1432 = ( GEOMETRIC_REPRESENTATION_CONTEXT(2) 
PARAMETRIC_REPRESENTATION_CONTEXT() REPRESENTATION_CONTEXT('2D SPACE',''
  ) );
#1433 = ORIENTED_EDGE('',*,*,#1434,.F.);
#1434 = EDGE_CURVE('',#1051,#1412,#1435,.T.);
#1435 = SURFACE_CURVE('',#1436,(#1441,#1448),.PCURVE_S1.);
#1436 = CIRCLE('',#1437,4.);
#1437 = AXIS2_PLACEMENT_3D('',#1438,#1439,#1440);
#1438 = CARTESIAN_POINT('',(24.6,40.6,23.14));
#1439 = DIRECTION('',(0.,0.,1.));
#1440 = DIRECTION('',(0.,-1.,0.));
#1441 = PCURVE('',#242,#1442);
#1442 = DEFINITIONAL_REPRESENTATION('',(#1443),#1447);
#1443 = LINE('',#1444,#1445);
#1444 = CARTESIAN_POINT('',(-1.570796326795,23.14));
#1445 = VECTOR('',#1446,1.);
#1446 = DIRECTION('',(1.,0.));
#1447 = ( GEOMETRIC_REPRESENTATION_CONTEXT(2) 
PARAMETRIC_REPRESENTATION_CONTEXT() REPRESENTATION_CONTEXT('2D SPACE',''
  ) );
#1448 = PCURVE('',#1449,#1454);
#1449 = CONICAL_SURFACE('',#1450,4.,0.785398163397);
#1450 = AXIS2_PLACEMENT_3D('',#1451,#1452,#1453);
#1451 = CARTESIAN_POINT('',(24.6,40.6,23.14));
#1452 = DIRECTION('',(0.,0.,1.));
#1453 = DIRECTION('',(0.,-1.,0.));
#1454 = DEFINITIONAL_REPRESENTATION('',(#1455),#1459);
#1455 = LINE('',#1456,#1457);
#1456 = CARTESIAN_POINT('',(0.,0.));
#1457 = VECTOR('',#1458,1.);
#1458 = DIRECTION('',(1.,0.));
#1459 = ( GEOMETRIC_REPRESENTATION_CONTEXT(2) 
PARAMETRIC_REPRESENTATION_CONTEXT() REPRESENTATION_CONTEXT('2D SPACE',''
  ) );
#1460 = ADVANCED_FACE('',(#1461),#270,.F.);
#1461 = FACE_BOUND('',#1462,.F.);
#1462 = EDGE_LOOP('',(#1463,#1464,#1465,#1491));
#1463 = ORIENTED_EDGE('',*,*,#254,.F.);
#1464 = ORIENTED_EDGE('',*,*,#1411,.T.);
#1465 = ORIENTED_EDGE('',*,*,#1466,.T.);
#1466 = EDGE_CURVE('',#1412,#1355,#1467,.T.);
#1467 = SURFACE_CURVE('',#1468,(#1472,#1479),.PCURVE_S1.);
#1468 = LINE('',#1469,#1470);
#1469 = CARTESIAN_POINT('',(28.6,44.6,23.14));
#1470 = VECTOR('',#1471,1.);
#1471 = DIRECTION('',(-1.,0.,0.));
#1472 = PCURVE('',#270,#1473);
#1473 = DEFINITIONAL_REPRESENTATION('',(#1474),#1478);
#1474 = LINE('',#1475,#1476);
#1475 = CARTESIAN_POINT('',(0.,-23.14));
#1476 = VECTOR('',#1477,1.);
#1477 = DIRECTION('',(1.,0.));
#1478 = ( GEOMETRIC_REPRESENTATION_CONTEXT(2) 
PARAMETRIC_REPRESENTATION_CONTEXT() REPRESENTATION_CONTEXT('2D SPACE',''
  ) );
#1479 = PCURVE('',#1480,#1485);
#1480 = PLANE('',#1481);
#1481 = AXIS2_PLACEMENT_3D('',#1482,#1483,#1484);
#1482 = CARTESIAN_POINT('',(32.2,48.2,26.74));
#1483 = DIRECTION('',(0.,0.707106781187,-0.707106781187));
#1484 = DIRECTION('',(-1.,0.,0.));
#1485 = DEFINITIONAL_REPRESENTATION('',(#1486),#1490);
#1486 = LINE('',#1487,#1488);
#1487 = CARTESIAN_POINT('',(3.6,-5.091168824543));
#1488 = VECTOR('',#1489,1.);
#1489 = DIRECTION('',(1.,0.));
#1490 = ( GEOMETRIC_REPRESENTATION_CONTEXT(2) 
PARAMETRIC_REPRESENTATION_CONTEXT() REPRESENTATION_CONTEXT('2D SPACE',''
  ) );
#1491 = ORIENTED_EDGE('',*,*,#1354,.F.);
#1492 = ADVANCED_FACE('',(#1493),#385,.F.);
#1493 = FACE_BOUND('',#1494,.F.);
#1494 = EDGE_LOOP('',(#1495,#1496,#1518,#1545));
#1495 = ORIENTED_EDGE('',*,*,#367,.T.);
#1496 = ORIENTED_EDGE('',*,*,#1497,.T.);
#1497 = EDGE_CURVE('',#370,#1498,#1500,.T.);
#1498 = VERTEX_POINT('',#1499);
#1499 = CARTESIAN_POINT('',(22.,-37.,1.5));
#1500 = SURFACE_CURVE('',#1501,(#1504,#1511),.PCURVE_S1.);
#1501 = B_SPLINE_CURVE_WITH_KNOTS('',1,(#1502,#1503),.UNSPECIFIED.,.F.,
  .F.,(2,2),(0.,1.),.PIECEWISE_BEZIER_KNOTS.);
#1502 = CARTESIAN_POINT('',(23.,-38.5,0.));
#1503 = CARTESIAN_POINT('',(22.,-37.,1.5));
#1504 = PCURVE('',#385,#1505);
#1505 = DEFINITIONAL_REPRESENTATION('',(#1506),#1510);
#1506 = LINE('',#1507,#1508);
#1507 = CARTESIAN_POINT('',(48.5,0.));
#1508 = VECTOR('',#1509,1.);
#1509 = DIRECTION('',(0.,1.));
#1510 = ( GEOMETRIC_REPRESENTATION_CONTEXT(2) 
PARAMETRIC_REPRESENTATION_CONTEXT() REPRESENTATION_CONTEXT('2D SPACE',''
  ) );
#1511 = PCURVE('',#629,#1512);
#1512 = DEFINITIONAL_REPRESENTATION('',(#1513),#1517);
#1513 = LINE('',#1514,#1515);
#1514 = CARTESIAN_POINT('',(0.,0.));
#1515 = VECTOR('',#1516,1.);
#1516 = DIRECTION('',(0.,1.));
#1517 = ( GEOMETRIC_REPRESENTATION_CONTEXT(2) 
PARAMETRIC_REPRESENTATION_CONTEXT() REPRESENTATION_CONTEXT('2D SPACE',''
  ) );
#1518 = ORIENTED_EDGE('',*,*,#1519,.F.);
#1519 = EDGE_CURVE('',#1520,#1498,#1522,.T.);
#1520 = VERTEX_POINT('',#1521);
#1521 = CARTESIAN_POINT('',(-22.,-37.,1.5));
#1522 = SURFACE_CURVE('',#1523,(#1527,#1533),.PCURVE_S1.);
#1523 = LINE('',#1524,#1525);
#1524 = CARTESIAN_POINT('',(-24.,-37.,1.5));
#1525 = VECTOR('',#1526,1.);
#1526 = DIRECTION('',(1.,0.,0.));
#1527 = PCURVE('',#385,#1528);
#1528 = DEFINITIONAL_REPRESENTATION('',(#1529),#1532);
#1529 = B_SPLINE_CURVE_WITH_KNOTS('',1,(#1530,#1531),.UNSPECIFIED.,.F.,
  .F.,(2,2),(2.,46.),.PIECEWISE_BEZIER_KNOTS.);
#1530 = CARTESIAN_POINT('',(2.5,1.));
#1531 = CARTESIAN_POINT('',(48.5,1.));
#1532 = ( GEOMETRIC_REPRESENTATION_CONTEXT(2) 
PARAMETRIC_REPRESENTATION_CONTEXT() REPRESENTATION_CONTEXT('2D SPACE',''
  ) );
#1533 = PCURVE('',#1534,#1539);
#1534 = PLANE('',#1535);
#1535 = AXIS2_PLACEMENT_3D('',#1536,#1537,#1538);
#1536 = CARTESIAN_POINT('',(-24.,-37.,-1.));
#1537 = DIRECTION('',(0.,1.,0.));
#1538 = DIRECTION('',(1.,0.,0.));
#1539 = DEFINITIONAL_REPRESENTATION('',(#1540),#1544);
#1540 = LINE('',#1541,#1542);
#1541 = CARTESIAN_POINT('',(0.,-2.5));
#1542 = VECTOR('',#1543,1.);
#1543 = DIRECTION('',(1.,0.));
#1544 = ( GEOMETRIC_REPRESENTATION_CONTEXT(2) 
PARAMETRIC_REPRESENTATION_CONTEXT() REPRESENTATION_CONTEXT('2D SPACE',''
  ) );
#1545 = ORIENTED_EDGE('',*,*,#1546,.F.);
#1546 = EDGE_CURVE('',#368,#1520,#1547,.T.);
#1547 = SURFACE_CURVE('',#1548,(#1551,#1558),.PCURVE_S1.);
#1548 = B_SPLINE_CURVE_WITH_KNOTS('',1,(#1549,#1550),.UNSPECIFIED.,.F.,
  .F.,(2,2),(0.,1.),.PIECEWISE_BEZIER_KNOTS.);
#1549 = CARTESIAN_POINT('',(-23.,-38.5,0.));
#1550 = CARTESIAN_POINT('',(-22.,-37.,1.5));
#1551 = PCURVE('',#385,#1552);
#1552 = DEFINITIONAL_REPRESENTATION('',(#1553),#1557);
#1553 = LINE('',#1554,#1555);
#1554 = CARTESIAN_POINT('',(2.5,0.));
#1555 = VECTOR('',#1556,1.);
#1556 = DIRECTION('',(0.,1.));
#1557 = ( GEOMETRIC_REPRESENTATION_CONTEXT(2) 
PARAMETRIC_REPRESENTATION_CONTEXT() REPRESENTATION_CONTEXT('2D SPACE',''
  ) );
#1558 = PCURVE('',#418,#1559);
#1559 = DEFINITIONAL_REPRESENTATION('',(#1560),#1564);
#1560 = LINE('',#1561,#1562);
#1561 = CARTESIAN_POINT('',(6.28318530718,0.));
#1562 = VECTOR('',#1563,1.);
#1563 = DIRECTION('',(0.,1.));
#1564 = ( GEOMETRIC_REPRESENTATION_CONTEXT(2) 
PARAMETRIC_REPRESENTATION_CONTEXT() REPRESENTATION_CONTEXT('2D SPACE',''
  ) );
#1565 = ADVANCED_FACE('',(#1566),#629,.F.);
#1566 = FACE_BOUND('',#1567,.F.);
#1567 = EDGE_LOOP('',(#1568,#1569,#1591,#1618));
#1568 = ORIENTED_EDGE('',*,*,#614,.T.);
#1569 = ORIENTED_EDGE('',*,*,#1570,.T.);
#1570 = EDGE_CURVE('',#587,#1571,#1573,.T.);
#1571 = VERTEX_POINT('',#1572);
#1572 = CARTESIAN_POINT('',(24.,-35.,1.5));
#1573 = SURFACE_CURVE('',#1574,(#1577,#1584),.PCURVE_S1.);
#1574 = B_SPLINE_CURVE_WITH_KNOTS('',1,(#1575,#1576),.UNSPECIFIED.,.F.,
  .F.,(2,2),(0.,1.),.PIECEWISE_BEZIER_KNOTS.);
#1575 = CARTESIAN_POINT('',(25.5,-36.,0.));
#1576 = CARTESIAN_POINT('',(24.,-35.,1.5));
#1577 = PCURVE('',#629,#1578);
#1578 = DEFINITIONAL_REPRESENTATION('',(#1579),#1583);
#1579 = LINE('',#1580,#1581);
#1580 = CARTESIAN_POINT('',(1.570796326795,0.));
#1581 = VECTOR('',#1582,1.);
#1582 = DIRECTION('',(0.,1.));
#1583 = ( GEOMETRIC_REPRESENTATION_CONTEXT(2) 
PARAMETRIC_REPRESENTATION_CONTEXT() REPRESENTATION_CONTEXT('2D SPACE',''
  ) );
#1584 = PCURVE('',#602,#1585);
#1585 = DEFINITIONAL_REPRESENTATION('',(#1586),#1590);
#1586 = LINE('',#1587,#1588);
#1587 = CARTESIAN_POINT('',(2.5,0.));
#1588 = VECTOR('',#1589,1.);
#1589 = DIRECTION('',(0.,1.));
#1590 = ( GEOMETRIC_REPRESENTATION_CONTEXT(2) 
PARAMETRIC_REPRESENTATION_CONTEXT() REPRESENTATION_CONTEXT('2D SPACE',''
  ) );
#1591 = ORIENTED_EDGE('',*,*,#1592,.F.);
#1592 = EDGE_CURVE('',#1498,#1571,#1593,.T.);
#1593 = SURFACE_CURVE('',#1594,(#1599,#1606),.PCURVE_S1.);
#1594 = CIRCLE('',#1595,2.);
#1595 = AXIS2_PLACEMENT_3D('',#1596,#1597,#1598);
#1596 = CARTESIAN_POINT('',(22.,-35.,1.5));
#1597 = DIRECTION('',(0.,0.,1.));
#1598 = DIRECTION('',(0.,-1.,0.));
#1599 = PCURVE('',#629,#1600);
#1600 = DEFINITIONAL_REPRESENTATION('',(#1601),#1605);
#1601 = LINE('',#1602,#1603);
#1602 = CARTESIAN_POINT('',(0.,1.));
#1603 = VECTOR('',#1604,1.);
#1604 = DIRECTION('',(1.,0.));
#1605 = ( GEOMETRIC_REPRESENTATION_CONTEXT(2) 
PARAMETRIC_REPRESENTATION_CONTEXT() REPRESENTATION_CONTEXT('2D SPACE',''
  ) );
#1606 = PCURVE('',#1607,#1612);
#1607 = CYLINDRICAL_SURFACE('',#1608,2.);
#1608 = AXIS2_PLACEMENT_3D('',#1609,#1610,#1611);
#1609 = CARTESIAN_POINT('',(22.,-35.,-1.));
#1610 = DIRECTION('',(0.,0.,1.));
#1611 = DIRECTION('',(0.,-1.,0.));
#1612 = DEFINITIONAL_REPRESENTATION('',(#1613),#1617);
#1613 = LINE('',#1614,#1615);
#1614 = CARTESIAN_POINT('',(0.,2.5));
#1615 = VECTOR('',#1616,1.);
#1616 = DIRECTION('',(1.,0.));
#1617 = ( GEOMETRIC_REPRESENTATION_CONTEXT(2) 
PARAMETRIC_REPRESENTATION_CONTEXT() REPRESENTATION_CONTEXT('2D SPACE',''
  ) );
#1618 = ORIENTED_EDGE('',*,*,#1497,.F.);
#1619 = ADVANCED_FACE('',(#1620),#602,.F.);
#1620 = FACE_BOUND('',#1621,.F.);
#1621 = EDGE_LOOP('',(#1622,#1623,#1645,#1670));
#1622 = ORIENTED_EDGE('',*,*,#586,.T.);
#1623 = ORIENTED_EDGE('',*,*,#1624,.T.);
#1624 = EDGE_CURVE('',#544,#1625,#1627,.T.);
#1625 = VERTEX_POINT('',#1626);
#1626 = CARTESIAN_POINT('',(24.,35.,1.5));
#1627 = SURFACE_CURVE('',#1628,(#1631,#1638),.PCURVE_S1.);
#1628 = B_SPLINE_CURVE_WITH_KNOTS('',1,(#1629,#1630),.UNSPECIFIED.,.F.,
  .F.,(2,2),(0.,1.),.PIECEWISE_BEZIER_KNOTS.);
#1629 = CARTESIAN_POINT('',(25.5,36.,0.));
#1630 = CARTESIAN_POINT('',(24.,35.,1.5));
#1631 = PCURVE('',#602,#1632);
#1632 = DEFINITIONAL_REPRESENTATION('',(#1633),#1637);
#1633 = LINE('',#1634,#1635);
#1634 = CARTESIAN_POINT('',(74.5,0.));
#1635 = VECTOR('',#1636,1.);
#1636 = DIRECTION('',(0.,1.));
#1637 = ( GEOMETRIC_REPRESENTATION_CONTEXT(2) 
PARAMETRIC_REPRESENTATION_CONTEXT() REPRESENTATION_CONTEXT('2D SPACE',''
  ) );
#1638 = PCURVE('',#560,#1639);
#1639 = DEFINITIONAL_REPRESENTATION('',(#1640),#1644);
#1640 = LINE('',#1641,#1642);
#1641 = CARTESIAN_POINT('',(1.570796326795,0.));
#1642 = VECTOR('',#1643,1.);
#1643 = DIRECTION('',(0.,1.));
#1644 = ( GEOMETRIC_REPRESENTATION_CONTEXT(2) 
PARAMETRIC_REPRESENTATION_CONTEXT() REPRESENTATION_CONTEXT('2D SPACE',''
  ) );
#1645 = ORIENTED_EDGE('',*,*,#1646,.F.);
#1646 = EDGE_CURVE('',#1571,#1625,#1647,.T.);
#1647 = SURFACE_CURVE('',#1648,(#1652,#1658),.PCURVE_S1.);
#1648 = LINE('',#1649,#1650);
#1649 = CARTESIAN_POINT('',(24.,-37.,1.5));
#1650 = VECTOR('',#1651,1.);
#1651 = DIRECTION('',(0.,1.,0.));
#1652 = PCURVE('',#602,#1653);
#1653 = DEFINITIONAL_REPRESENTATION('',(#1654),#1657);
#1654 = B_SPLINE_CURVE_WITH_KNOTS('',1,(#1655,#1656),.UNSPECIFIED.,.F.,
  .F.,(2,2),(2.,72.),.PIECEWISE_BEZIER_KNOTS.);
#1655 = CARTESIAN_POINT('',(2.5,1.));
#1656 = CARTESIAN_POINT('',(74.5,1.));
#1657 = ( GEOMETRIC_REPRESENTATION_CONTEXT(2) 
PARAMETRIC_REPRESENTATION_CONTEXT() REPRESENTATION_CONTEXT('2D SPACE',''
  ) );
#1658 = PCURVE('',#1659,#1664);
#1659 = PLANE('',#1660);
#1660 = AXIS2_PLACEMENT_3D('',#1661,#1662,#1663);
#1661 = CARTESIAN_POINT('',(24.,-37.,-1.));
#1662 = DIRECTION('',(-1.,0.,0.));
#1663 = DIRECTION('',(0.,1.,0.));
#1664 = DEFINITIONAL_REPRESENTATION('',(#1665),#1669);
#1665 = LINE('',#1666,#1667);
#1666 = CARTESIAN_POINT('',(0.,-2.5));
#1667 = VECTOR('',#1668,1.);
#1668 = DIRECTION('',(1.,0.));
#1669 = ( GEOMETRIC_REPRESENTATION_CONTEXT(2) 
PARAMETRIC_REPRESENTATION_CONTEXT() REPRESENTATION_CONTEXT('2D SPACE',''
  ) );
#1670 = ORIENTED_EDGE('',*,*,#1570,.F.);
#1671 = ADVANCED_FACE('',(#1672),#560,.F.);
#1672 = FACE_BOUND('',#1673,.F.);
#1673 = EDGE_LOOP('',(#1674,#1675,#1697,#1724));
#1674 = ORIENTED_EDGE('',*,*,#543,.T.);
#1675 = ORIENTED_EDGE('',*,*,#1676,.T.);
#1676 = EDGE_CURVE('',#516,#1677,#1679,.T.);
#1677 = VERTEX_POINT('',#1678);
#1678 = CARTESIAN_POINT('',(22.,37.,1.5));
#1679 = SURFACE_CURVE('',#1680,(#1683,#1690),.PCURVE_S1.);
#1680 = B_SPLINE_CURVE_WITH_KNOTS('',1,(#1681,#1682),.UNSPECIFIED.,.F.,
  .F.,(2,2),(0.,1.),.PIECEWISE_BEZIER_KNOTS.);
#1681 = CARTESIAN_POINT('',(23.,38.5,0.));
#1682 = CARTESIAN_POINT('',(22.,37.,1.5));
#1683 = PCURVE('',#560,#1684);
#1684 = DEFINITIONAL_REPRESENTATION('',(#1685),#1689);
#1685 = LINE('',#1686,#1687);
#1686 = CARTESIAN_POINT('',(3.14159265359,0.));
#1687 = VECTOR('',#1688,1.);
#1688 = DIRECTION('',(0.,1.));
#1689 = ( GEOMETRIC_REPRESENTATION_CONTEXT(2) 
PARAMETRIC_REPRESENTATION_CONTEXT() REPRESENTATION_CONTEXT('2D SPACE',''
  ) );
#1690 = PCURVE('',#531,#1691);
#1691 = DEFINITIONAL_REPRESENTATION('',(#1692),#1696);
#1692 = LINE('',#1693,#1694);
#1693 = CARTESIAN_POINT('',(2.5,0.));
#1694 = VECTOR('',#1695,1.);
#1695 = DIRECTION('',(0.,1.));
#1696 = ( GEOMETRIC_REPRESENTATION_CONTEXT(2) 
PARAMETRIC_REPRESENTATION_CONTEXT() REPRESENTATION_CONTEXT('2D SPACE',''
  ) );
#1697 = ORIENTED_EDGE('',*,*,#1698,.F.);
#1698 = EDGE_CURVE('',#1625,#1677,#1699,.T.);
#1699 = SURFACE_CURVE('',#1700,(#1705,#1712),.PCURVE_S1.);
#1700 = CIRCLE('',#1701,2.);
#1701 = AXIS2_PLACEMENT_3D('',#1702,#1703,#1704);
#1702 = CARTESIAN_POINT('',(22.,35.,1.5));
#1703 = DIRECTION('',(0.,0.,1.));
#1704 = DIRECTION('',(0.,-1.,0.));
#1705 = PCURVE('',#560,#1706);
#1706 = DEFINITIONAL_REPRESENTATION('',(#1707),#1711);
#1707 = LINE('',#1708,#1709);
#1708 = CARTESIAN_POINT('',(0.,1.));
#1709 = VECTOR('',#1710,1.);
#1710 = DIRECTION('',(1.,0.));
#1711 = ( GEOMETRIC_REPRESENTATION_CONTEXT(2) 
PARAMETRIC_REPRESENTATION_CONTEXT() REPRESENTATION_CONTEXT('2D SPACE',''
  ) );
#1712 = PCURVE('',#1713,#1718);
#1713 = CYLINDRICAL_SURFACE('',#1714,2.);
#1714 = AXIS2_PLACEMENT_3D('',#1715,#1716,#1717);
#1715 = CARTESIAN_POINT('',(22.,35.,-1.));
#1716 = DIRECTION('',(0.,0.,1.));
#1717 = DIRECTION('',(1.,0.,-0.));
#1718 = DEFINITIONAL_REPRESENTATION('',(#1719),#1723);
#1719 = LINE('',#1720,#1721);
#1720 = CARTESIAN_POINT('',(-1.570796326795,2.5));
#1721 = VECTOR('',#1722,1.);
#1722 = DIRECTION('',(1.,0.));
#1723 = ( GEOMETRIC_REPRESENTATION_CONTEXT(2) 
PARAMETRIC_REPRESENTATION_CONTEXT() REPRESENTATION_CONTEXT('2D SPACE',''
  ) );
#1724 = ORIENTED_EDGE('',*,*,#1624,.F.);
#1725 = ADVANCED_FACE('',(#1726),#531,.F.);
#1726 = FACE_BOUND('',#1727,.F.);
#1727 = EDGE_LOOP('',(#1728,#1729,#1751,#1776));
#1728 = ORIENTED_EDGE('',*,*,#515,.T.);
#1729 = ORIENTED_EDGE('',*,*,#1730,.T.);
#1730 = EDGE_CURVE('',#473,#1731,#1733,.T.);
#1731 = VERTEX_POINT('',#1732);
#1732 = CARTESIAN_POINT('',(-22.,37.,1.5));
#1733 = SURFACE_CURVE('',#1734,(#1737,#1744),.PCURVE_S1.);
#1734 = B_SPLINE_CURVE_WITH_KNOTS('',1,(#1735,#1736),.UNSPECIFIED.,.F.,
  .F.,(2,2),(0.,1.),.PIECEWISE_BEZIER_KNOTS.);
#1735 = CARTESIAN_POINT('',(-23.,38.5,0.));
#1736 = CARTESIAN_POINT('',(-22.,37.,1.5));
#1737 = PCURVE('',#531,#1738);
#1738 = DEFINITIONAL_REPRESENTATION('',(#1739),#1743);
#1739 = LINE('',#1740,#1741);
#1740 = CARTESIAN_POINT('',(48.5,0.));
#1741 = VECTOR('',#1742,1.);
#1742 = DIRECTION('',(0.,1.));
#1743 = ( GEOMETRIC_REPRESENTATION_CONTEXT(2) 
PARAMETRIC_REPRESENTATION_CONTEXT() REPRESENTATION_CONTEXT('2D SPACE',''
  ) );
#1744 = PCURVE('',#489,#1745);
#1745 = DEFINITIONAL_REPRESENTATION('',(#1746),#1750);
#1746 = LINE('',#1747,#1748);
#1747 = CARTESIAN_POINT('',(3.14159265359,0.));
#1748 = VECTOR('',#1749,1.);
#1749 = DIRECTION('',(0.,1.));
#1750 = ( GEOMETRIC_REPRESENTATION_CONTEXT(2) 
PARAMETRIC_REPRESENTATION_CONTEXT() REPRESENTATION_CONTEXT('2D SPACE',''
  ) );
#1751 = ORIENTED_EDGE('',*,*,#1752,.F.);
#1752 = EDGE_CURVE('',#1677,#1731,#1753,.T.);
#1753 = SURFACE_CURVE('',#1754,(#1758,#1764),.PCURVE_S1.);
#1754 = LINE('',#1755,#1756);
#1755 = CARTESIAN_POINT('',(24.,37.,1.5));
#1756 = VECTOR('',#1757,1.);
#1757 = DIRECTION('',(-1.,0.,0.));
#1758 = PCURVE('',#531,#1759);
#1759 = DEFINITIONAL_REPRESENTATION('',(#1760),#1763);
#1760 = B_SPLINE_CURVE_WITH_KNOTS('',1,(#1761,#1762),.UNSPECIFIED.,.F.,
  .F.,(2,2),(2.,46.),.PIECEWISE_BEZIER_KNOTS.);
#1761 = CARTESIAN_POINT('',(2.5,1.));
#1762 = CARTESIAN_POINT('',(48.5,1.));
#1763 = ( GEOMETRIC_REPRESENTATION_CONTEXT(2) 
PARAMETRIC_REPRESENTATION_CONTEXT() REPRESENTATION_CONTEXT('2D SPACE',''
  ) );
#1764 = PCURVE('',#1765,#1770);
#1765 = PLANE('',#1766);
#1766 = AXIS2_PLACEMENT_3D('',#1767,#1768,#1769);
#1767 = CARTESIAN_POINT('',(24.,37.,-1.));
#1768 = DIRECTION('',(0.,-1.,0.));
#1769 = DIRECTION('',(-1.,0.,0.));
#1770 = DEFINITIONAL_REPRESENTATION('',(#1771),#1775);
#1771 = LINE('',#1772,#1773);
#1772 = CARTESIAN_POINT('',(0.,-2.5));
#1773 = VECTOR('',#1774,1.);
#1774 = DIRECTION('',(1.,0.));
#1775 = ( GEOMETRIC_REPRESENTATION_CONTEXT(2) 
PARAMETRIC_REPRESENTATION_CONTEXT() REPRESENTATION_CONTEXT('2D SPACE',''
  ) );
#1776 = ORIENTED_EDGE('',*,*,#1676,.F.);
#1777 = ADVANCED_FACE('',(#1778),#489,.F.);
#1778 = FACE_BOUND('',#1779,.F.);
#1779 = EDGE_LOOP('',(#1780,#1781,#1803,#1830));
#1780 = ORIENTED_EDGE('',*,*,#472,.T.);
#1781 = ORIENTED_EDGE('',*,*,#1782,.T.);
#1782 = EDGE_CURVE('',#445,#1783,#1785,.T.);
#1783 = VERTEX_POINT('',#1784);
#1784 = CARTESIAN_POINT('',(-24.,35.,1.5));
#1785 = SURFACE_CURVE('',#1786,(#1789,#1796),.PCURVE_S1.);
#1786 = B_SPLINE_CURVE_WITH_KNOTS('',1,(#1787,#1788),.UNSPECIFIED.,.F.,
  .F.,(2,2),(0.,1.),.PIECEWISE_BEZIER_KNOTS.);
#1787 = CARTESIAN_POINT('',(-25.5,36.,0.));
#1788 = CARTESIAN_POINT('',(-24.,35.,1.5));
#1789 = PCURVE('',#489,#1790);
#1790 = DEFINITIONAL_REPRESENTATION('',(#1791),#1795);
#1791 = LINE('',#1792,#1793);
#1792 = CARTESIAN_POINT('',(4.712388980385,0.));
#1793 = VECTOR('',#1794,1.);
#1794 = DIRECTION('',(0.,1.));
#1795 = ( GEOMETRIC_REPRESENTATION_CONTEXT(2) 
PARAMETRIC_REPRESENTATION_CONTEXT() REPRESENTATION_CONTEXT('2D SPACE',''
  ) );
#1796 = PCURVE('',#460,#1797);
#1797 = DEFINITIONAL_REPRESENTATION('',(#1798),#1802);
#1798 = LINE('',#1799,#1800);
#1799 = CARTESIAN_POINT('',(2.5,0.));
#1800 = VECTOR('',#1801,1.);
#1801 = DIRECTION('',(0.,1.));
#1802 = ( GEOMETRIC_REPRESENTATION_CONTEXT(2) 
PARAMETRIC_REPRESENTATION_CONTEXT() REPRESENTATION_CONTEXT('2D SPACE',''
  ) );
#1803 = ORIENTED_EDGE('',*,*,#1804,.F.);
#1804 = EDGE_CURVE('',#1731,#1783,#1805,.T.);
#1805 = SURFACE_CURVE('',#1806,(#1811,#1818),.PCURVE_S1.);
#1806 = CIRCLE('',#1807,2.);
#1807 = AXIS2_PLACEMENT_3D('',#1808,#1809,#1810);
#1808 = CARTESIAN_POINT('',(-22.,35.,1.5));
#1809 = DIRECTION('',(0.,0.,1.));
#1810 = DIRECTION('',(0.,-1.,0.));
#1811 = PCURVE('',#489,#1812);
#1812 = DEFINITIONAL_REPRESENTATION('',(#1813),#1817);
#1813 = LINE('',#1814,#1815);
#1814 = CARTESIAN_POINT('',(0.,1.));
#1815 = VECTOR('',#1816,1.);
#1816 = DIRECTION('',(1.,0.));
#1817 = ( GEOMETRIC_REPRESENTATION_CONTEXT(2) 
PARAMETRIC_REPRESENTATION_CONTEXT() REPRESENTATION_CONTEXT('2D SPACE',''
  ) );
#1818 = PCURVE('',#1819,#1824);
#1819 = CYLINDRICAL_SURFACE('',#1820,2.);
#1820 = AXIS2_PLACEMENT_3D('',#1821,#1822,#1823);
#1821 = CARTESIAN_POINT('',(-22.,35.,-1.));
#1822 = DIRECTION('',(0.,0.,1.));
#1823 = DIRECTION('',(-0.,1.,0.));
#1824 = DEFINITIONAL_REPRESENTATION('',(#1825),#1829);
#1825 = LINE('',#1826,#1827);
#1826 = CARTESIAN_POINT('',(-3.14159265359,2.5));
#1827 = VECTOR('',#1828,1.);
#1828 = DIRECTION('',(1.,0.));
#1829 = ( GEOMETRIC_REPRESENTATION_CONTEXT(2) 
PARAMETRIC_REPRESENTATION_CONTEXT() REPRESENTATION_CONTEXT('2D SPACE',''
  ) );
#1830 = ORIENTED_EDGE('',*,*,#1730,.F.);
#1831 = ADVANCED_FACE('',(#1832),#460,.F.);
#1832 = FACE_BOUND('',#1833,.F.);
#1833 = EDGE_LOOP('',(#1834,#1835,#1857,#1882));
#1834 = ORIENTED_EDGE('',*,*,#444,.T.);
#1835 = ORIENTED_EDGE('',*,*,#1836,.T.);
#1836 = EDGE_CURVE('',#398,#1837,#1839,.T.);
#1837 = VERTEX_POINT('',#1838);
#1838 = CARTESIAN_POINT('',(-24.,-35.,1.5));
#1839 = SURFACE_CURVE('',#1840,(#1843,#1850),.PCURVE_S1.);
#1840 = B_SPLINE_CURVE_WITH_KNOTS('',1,(#1841,#1842),.UNSPECIFIED.,.F.,
  .F.,(2,2),(0.,1.),.PIECEWISE_BEZIER_KNOTS.);
#1841 = CARTESIAN_POINT('',(-25.5,-36.,0.));
#1842 = CARTESIAN_POINT('',(-24.,-35.,1.5));
#1843 = PCURVE('',#460,#1844);
#1844 = DEFINITIONAL_REPRESENTATION('',(#1845),#1849);
#1845 = LINE('',#1846,#1847);
#1846 = CARTESIAN_POINT('',(74.5,0.));
#1847 = VECTOR('',#1848,1.);
#1848 = DIRECTION('',(0.,1.));
#1849 = ( GEOMETRIC_REPRESENTATION_CONTEXT(2) 
PARAMETRIC_REPRESENTATION_CONTEXT() REPRESENTATION_CONTEXT('2D SPACE',''
  ) );
#1850 = PCURVE('',#418,#1851);
#1851 = DEFINITIONAL_REPRESENTATION('',(#1852),#1856);
#1852 = LINE('',#1853,#1854);
#1853 = CARTESIAN_POINT('',(4.712388980385,0.));
#1854 = VECTOR('',#1855,1.);
#1855 = DIRECTION('',(0.,1.));
#1856 = ( GEOMETRIC_REPRESENTATION_CONTEXT(2) 
PARAMETRIC_REPRESENTATION_CONTEXT() REPRESENTATION_CONTEXT('2D SPACE',''
  ) );
#1857 = ORIENTED_EDGE('',*,*,#1858,.F.);
#1858 = EDGE_CURVE('',#1783,#1837,#1859,.T.);
#1859 = SURFACE_CURVE('',#1860,(#1864,#1870),.PCURVE_S1.);
#1860 = LINE('',#1861,#1862);
#1861 = CARTESIAN_POINT('',(-24.,37.,1.5));
#1862 = VECTOR('',#1863,1.);
#1863 = DIRECTION('',(0.,-1.,0.));
#1864 = PCURVE('',#460,#1865);
#1865 = DEFINITIONAL_REPRESENTATION('',(#1866),#1869);
#1866 = B_SPLINE_CURVE_WITH_KNOTS('',1,(#1867,#1868),.UNSPECIFIED.,.F.,
  .F.,(2,2),(2.,72.),.PIECEWISE_BEZIER_KNOTS.);
#1867 = CARTESIAN_POINT('',(2.5,1.));
#1868 = CARTESIAN_POINT('',(74.5,1.));
#1869 = ( GEOMETRIC_REPRESENTATION_CONTEXT(2) 
PARAMETRIC_REPRESENTATION_CONTEXT() REPRESENTATION_CONTEXT('2D SPACE',''
  ) );
#1870 = PCURVE('',#1871,#1876);
#1871 = PLANE('',#1872);
#1872 = AXIS2_PLACEMENT_3D('',#1873,#1874,#1875);
#1873 = CARTESIAN_POINT('',(-24.,37.,-1.));
#1874 = DIRECTION('',(1.,0.,-0.));
#1875 = DIRECTION('',(0.,-1.,0.));
#1876 = DEFINITIONAL_REPRESENTATION('',(#1877),#1881);
#1877 = LINE('',#1878,#1879);
#1878 = CARTESIAN_POINT('',(0.,-2.5));
#1879 = VECTOR('',#1880,1.);
#1880 = DIRECTION('',(1.,0.));
#1881 = ( GEOMETRIC_REPRESENTATION_CONTEXT(2) 
PARAMETRIC_REPRESENTATION_CONTEXT() REPRESENTATION_CONTEXT('2D SPACE',''
  ) );
#1882 = ORIENTED_EDGE('',*,*,#1782,.F.);
#1883 = ADVANCED_FACE('',(#1884),#418,.F.);
#1884 = FACE_BOUND('',#1885,.F.);
#1885 = EDGE_LOOP('',(#1886,#1887,#1888,#1915));
#1886 = ORIENTED_EDGE('',*,*,#397,.F.);
#1887 = ORIENTED_EDGE('',*,*,#1546,.T.);
#1888 = ORIENTED_EDGE('',*,*,#1889,.T.);
#1889 = EDGE_CURVE('',#1520,#1837,#1890,.T.);
#1890 = SURFACE_CURVE('',#1891,(#1896,#1903),.PCURVE_S1.);
#1891 = CIRCLE('',#1892,2.);
#1892 = AXIS2_PLACEMENT_3D('',#1893,#1894,#1895);
#1893 = CARTESIAN_POINT('',(-22.,-35.,1.5));
#1894 = DIRECTION('',(-0.,-0.,-1.));
#1895 = DIRECTION('',(0.,-1.,0.));
#1896 = PCURVE('',#418,#1897);
#1897 = DEFINITIONAL_REPRESENTATION('',(#1898),#1902);
#1898 = LINE('',#1899,#1900);
#1899 = CARTESIAN_POINT('',(6.28318530718,1.));
#1900 = VECTOR('',#1901,1.);
#1901 = DIRECTION('',(-1.,0.));
#1902 = ( GEOMETRIC_REPRESENTATION_CONTEXT(2) 
PARAMETRIC_REPRESENTATION_CONTEXT() REPRESENTATION_CONTEXT('2D SPACE',''
  ) );
#1903 = PCURVE('',#1904,#1909);
#1904 = CYLINDRICAL_SURFACE('',#1905,2.);
#1905 = AXIS2_PLACEMENT_3D('',#1906,#1907,#1908);
#1906 = CARTESIAN_POINT('',(-22.,-35.,-1.));
#1907 = DIRECTION('',(0.,0.,1.));
#1908 = DIRECTION('',(0.,-1.,0.));
#1909 = DEFINITIONAL_REPRESENTATION('',(#1910),#1914);
#1910 = LINE('',#1911,#1912);
#1911 = CARTESIAN_POINT('',(-0.,2.5));
#1912 = VECTOR('',#1913,1.);
#1913 = DIRECTION('',(-1.,0.));
#1914 = ( GEOMETRIC_REPRESENTATION_CONTEXT(2) 
PARAMETRIC_REPRESENTATION_CONTEXT() REPRESENTATION_CONTEXT('2D SPACE',''
  ) );
#1915 = ORIENTED_EDGE('',*,*,#1836,.F.);
#1916 = ADVANCED_FACE('',(#1917),#698,.T.);
#1917 = FACE_BOUND('',#1918,.T.);
#1918 = EDGE_LOOP('',(#1919,#1920,#1921,#1949));
#1919 = ORIENTED_EDGE('',*,*,#683,.F.);
#1920 = ORIENTED_EDGE('',*,*,#817,.T.);
#1921 = ORIENTED_EDGE('',*,*,#1922,.T.);
#1922 = EDGE_CURVE('',#790,#1923,#1925,.T.);
#1923 = VERTEX_POINT('',#1924);
#1924 = CARTESIAN_POINT('',(-32.2,-40.6,26.74));
#1925 = SURFACE_CURVE('',#1926,(#1931,#1938),.PCURVE_S1.);
#1926 = CIRCLE('',#1927,7.6);
#1927 = AXIS2_PLACEMENT_3D('',#1928,#1929,#1930);
#1928 = CARTESIAN_POINT('',(-24.6,-40.6,26.74));
#1929 = DIRECTION('',(-0.,-0.,-1.));
#1930 = DIRECTION('',(0.,-1.,0.));
#1931 = PCURVE('',#698,#1932);
#1932 = DEFINITIONAL_REPRESENTATION('',(#1933),#1937);
#1933 = LINE('',#1934,#1935);
#1934 = CARTESIAN_POINT('',(6.28318530718,3.6));
#1935 = VECTOR('',#1936,1.);
#1936 = DIRECTION('',(-1.,0.));
#1937 = ( GEOMETRIC_REPRESENTATION_CONTEXT(2) 
PARAMETRIC_REPRESENTATION_CONTEXT() REPRESENTATION_CONTEXT('2D SPACE',''
  ) );
#1938 = PCURVE('',#1939,#1944);
#1939 = CYLINDRICAL_SURFACE('',#1940,7.6);
#1940 = AXIS2_PLACEMENT_3D('',#1941,#1942,#1943);
#1941 = CARTESIAN_POINT('',(-24.6,-40.6,26.74));
#1942 = DIRECTION('',(0.,0.,1.));
#1943 = DIRECTION('',(0.,-1.,0.));
#1944 = DEFINITIONAL_REPRESENTATION('',(#1945),#1948);
#1945 = B_SPLINE_CURVE_WITH_KNOTS('',1,(#1946,#1947),.UNSPECIFIED.,.F.,
  .F.,(2,2),(0.,1.570796326795),.PIECEWISE_BEZIER_KNOTS.);
#1946 = CARTESIAN_POINT('',(0.,0.));
#1947 = CARTESIAN_POINT('',(-1.570796326795,0.));
#1948 = ( GEOMETRIC_REPRESENTATION_CONTEXT(2) 
PARAMETRIC_REPRESENTATION_CONTEXT() REPRESENTATION_CONTEXT('2D SPACE',''
  ) );
#1949 = ORIENTED_EDGE('',*,*,#1950,.F.);
#1950 = EDGE_CURVE('',#661,#1923,#1951,.T.);
#1951 = SURFACE_CURVE('',#1952,(#1955,#1961),.PCURVE_S1.);
#1952 = B_SPLINE_CURVE_WITH_KNOTS('',1,(#1953,#1954),.UNSPECIFIED.,.F.,
  .F.,(2,2),(0.,1.),.PIECEWISE_BEZIER_KNOTS.);
#1953 = CARTESIAN_POINT('',(-28.6,-40.6,23.14));
#1954 = CARTESIAN_POINT('',(-32.2,-40.6,26.74));
#1955 = PCURVE('',#698,#1956);
#1956 = DEFINITIONAL_REPRESENTATION('',(#1957),#1960);
#1957 = B_SPLINE_CURVE_WITH_KNOTS('',1,(#1958,#1959),.UNSPECIFIED.,.F.,
  .F.,(2,2),(0.,1.),.PIECEWISE_BEZIER_KNOTS.);
#1958 = CARTESIAN_POINT('',(4.712388980385,0.));
#1959 = CARTESIAN_POINT('',(4.712388980385,3.6));
#1960 = ( GEOMETRIC_REPRESENTATION_CONTEXT(2) 
PARAMETRIC_REPRESENTATION_CONTEXT() REPRESENTATION_CONTEXT('2D SPACE',''
  ) );
#1961 = PCURVE('',#931,#1962);
#1962 = DEFINITIONAL_REPRESENTATION('',(#1963),#1966);
#1963 = B_SPLINE_CURVE_WITH_KNOTS('',1,(#1964,#1965),.UNSPECIFIED.,.F.,
  .F.,(2,2),(0.,1.),.PIECEWISE_BEZIER_KNOTS.);
#1964 = CARTESIAN_POINT('',(88.8,-5.091168824543));
#1965 = CARTESIAN_POINT('',(88.8,0.));
#1966 = ( GEOMETRIC_REPRESENTATION_CONTEXT(2) 
PARAMETRIC_REPRESENTATION_CONTEXT() REPRESENTATION_CONTEXT('2D SPACE',''
  ) );
#1967 = ADVANCED_FACE('',(#1968),#753,.T.);
#1968 = FACE_BOUND('',#1969,.T.);
#1969 = EDGE_LOOP('',(#1970,#1971,#1991,#2017));
#1970 = ORIENTED_EDGE('',*,*,#738,.T.);
#1971 = ORIENTED_EDGE('',*,*,#1972,.T.);
#1972 = EDGE_CURVE('',#716,#1973,#1975,.T.);
#1973 = VERTEX_POINT('',#1974);
#1974 = CARTESIAN_POINT('',(32.2,-40.6,26.74));
#1975 = SURFACE_CURVE('',#1976,(#1979,#1985),.PCURVE_S1.);
#1976 = B_SPLINE_CURVE_WITH_KNOTS('',1,(#1977,#1978),.UNSPECIFIED.,.F.,
  .F.,(2,2),(0.,1.),.PIECEWISE_BEZIER_KNOTS.);
#1977 = CARTESIAN_POINT('',(28.6,-40.6,23.14));
#1978 = CARTESIAN_POINT('',(32.2,-40.6,26.74));
#1979 = PCURVE('',#753,#1980);
#1980 = DEFINITIONAL_REPRESENTATION('',(#1981),#1984);
#1981 = B_SPLINE_CURVE_WITH_KNOTS('',1,(#1982,#1983),.UNSPECIFIED.,.F.,
  .F.,(2,2),(0.,1.),.PIECEWISE_BEZIER_KNOTS.);
#1982 = CARTESIAN_POINT('',(1.570796326795,0.));
#1983 = CARTESIAN_POINT('',(1.570796326795,3.6));
#1984 = ( GEOMETRIC_REPRESENTATION_CONTEXT(2) 
PARAMETRIC_REPRESENTATION_CONTEXT() REPRESENTATION_CONTEXT('2D SPACE',''
  ) );
#1985 = PCURVE('',#1066,#1986);
#1986 = DEFINITIONAL_REPRESENTATION('',(#1987),#1990);
#1987 = B_SPLINE_CURVE_WITH_KNOTS('',1,(#1988,#1989),.UNSPECIFIED.,.F.,
  .F.,(2,2),(0.,1.),.PIECEWISE_BEZIER_KNOTS.);
#1988 = CARTESIAN_POINT('',(7.6,-5.091168824543));
#1989 = CARTESIAN_POINT('',(7.6,0.));
#1990 = ( GEOMETRIC_REPRESENTATION_CONTEXT(2) 
PARAMETRIC_REPRESENTATION_CONTEXT() REPRESENTATION_CONTEXT('2D SPACE',''
  ) );
#1991 = ORIENTED_EDGE('',*,*,#1992,.F.);
#1992 = EDGE_CURVE('',#770,#1973,#1993,.T.);
#1993 = SURFACE_CURVE('',#1994,(#1999,#2006),.PCURVE_S1.);
#1994 = CIRCLE('',#1995,7.6);
#1995 = AXIS2_PLACEMENT_3D('',#1996,#1997,#1998);
#1996 = CARTESIAN_POINT('',(24.6,-40.6,26.74));
#1997 = DIRECTION('',(0.,0.,1.));
#1998 = DIRECTION('',(0.,-1.,0.));
#1999 = PCURVE('',#753,#2000);
#2000 = DEFINITIONAL_REPRESENTATION('',(#2001),#2005);
#2001 = LINE('',#2002,#2003);
#2002 = CARTESIAN_POINT('',(0.,3.6));
#2003 = VECTOR('',#2004,1.);
#2004 = DIRECTION('',(1.,0.));
#2005 = ( GEOMETRIC_REPRESENTATION_CONTEXT(2) 
PARAMETRIC_REPRESENTATION_CONTEXT() REPRESENTATION_CONTEXT('2D SPACE',''
  ) );
#2006 = PCURVE('',#2007,#2012);
#2007 = CYLINDRICAL_SURFACE('',#2008,7.6);
#2008 = AXIS2_PLACEMENT_3D('',#2009,#2010,#2011);
#2009 = CARTESIAN_POINT('',(24.6,-40.6,26.74));
#2010 = DIRECTION('',(0.,0.,1.));
#2011 = DIRECTION('',(0.,-1.,0.));
#2012 = DEFINITIONAL_REPRESENTATION('',(#2013),#2016);
#2013 = B_SPLINE_CURVE_WITH_KNOTS('',1,(#2014,#2015),.UNSPECIFIED.,.F.,
  .F.,(2,2),(4.67462326158E-16,1.570796326795),
  .PIECEWISE_BEZIER_KNOTS.);
#2014 = CARTESIAN_POINT('',(4.67462326158E-16,0.));
#2015 = CARTESIAN_POINT('',(1.570796326795,0.));
#2016 = ( GEOMETRIC_REPRESENTATION_CONTEXT(2) 
PARAMETRIC_REPRESENTATION_CONTEXT() REPRESENTATION_CONTEXT('2D SPACE',''
  ) );
#2017 = ORIENTED_EDGE('',*,*,#769,.F.);
#2018 = ADVANCED_FACE('',(#2019),#805,.F.);
#2019 = FACE_BOUND('',#2020,.F.);
#2020 = EDGE_LOOP('',(#2021,#2022,#2045,#2073));
#2021 = ORIENTED_EDGE('',*,*,#789,.F.);
#2022 = ORIENTED_EDGE('',*,*,#2023,.F.);
#2023 = EDGE_CURVE('',#2024,#790,#2026,.T.);
#2024 = VERTEX_POINT('',#2025);
#2025 = CARTESIAN_POINT('',(-24.6,-48.2,34.34));
#2026 = SURFACE_CURVE('',#2027,(#2031,#2038),.PCURVE_S1.);
#2027 = LINE('',#2028,#2029);
#2028 = CARTESIAN_POINT('',(-24.6,-48.2,34.34));
#2029 = VECTOR('',#2030,1.);
#2030 = DIRECTION('',(0.,0.,-1.));
#2031 = PCURVE('',#805,#2032);
#2032 = DEFINITIONAL_REPRESENTATION('',(#2033),#2037);
#2033 = LINE('',#2034,#2035);
#2034 = CARTESIAN_POINT('',(7.6,-7.6));
#2035 = VECTOR('',#2036,1.);
#2036 = DIRECTION('',(0.,1.));
#2037 = ( GEOMETRIC_REPRESENTATION_CONTEXT(2) 
PARAMETRIC_REPRESENTATION_CONTEXT() REPRESENTATION_CONTEXT('2D SPACE',''
  ) );
#2038 = PCURVE('',#1939,#2039);
#2039 = DEFINITIONAL_REPRESENTATION('',(#2040),#2044);
#2040 = LINE('',#2041,#2042);
#2041 = CARTESIAN_POINT('',(-0.,7.6));
#2042 = VECTOR('',#2043,1.);
#2043 = DIRECTION('',(-0.,-1.));
#2044 = ( GEOMETRIC_REPRESENTATION_CONTEXT(2) 
PARAMETRIC_REPRESENTATION_CONTEXT() REPRESENTATION_CONTEXT('2D SPACE',''
  ) );
#2045 = ORIENTED_EDGE('',*,*,#2046,.T.);
#2046 = EDGE_CURVE('',#2024,#2047,#2049,.T.);
#2047 = VERTEX_POINT('',#2048);
#2048 = CARTESIAN_POINT('',(24.6,-48.2,34.34));
#2049 = SURFACE_CURVE('',#2050,(#2054,#2061),.PCURVE_S1.);
#2050 = LINE('',#2051,#2052);
#2051 = CARTESIAN_POINT('',(-32.2,-48.2,34.34));
#2052 = VECTOR('',#2053,1.);
#2053 = DIRECTION('',(1.,0.,0.));
#2054 = PCURVE('',#805,#2055);
#2055 = DEFINITIONAL_REPRESENTATION('',(#2056),#2060);
#2056 = LINE('',#2057,#2058);
#2057 = CARTESIAN_POINT('',(0.,-7.6));
#2058 = VECTOR('',#2059,1.);
#2059 = DIRECTION('',(1.,0.));
#2060 = ( GEOMETRIC_REPRESENTATION_CONTEXT(2) 
PARAMETRIC_REPRESENTATION_CONTEXT() REPRESENTATION_CONTEXT('2D SPACE',''
  ) );
#2061 = PCURVE('',#2062,#2067);
#2062 = PLANE('',#2063);
#2063 = AXIS2_PLACEMENT_3D('',#2064,#2065,#2066);
#2064 = CARTESIAN_POINT('',(-1.414015394547E-15,0.,34.34));
#2065 = DIRECTION('',(0.,0.,1.));
#2066 = DIRECTION('',(1.,0.,-0.));
#2067 = DEFINITIONAL_REPRESENTATION('',(#2068),#2072);
#2068 = LINE('',#2069,#2070);
#2069 = CARTESIAN_POINT('',(-32.2,-48.2));
#2070 = VECTOR('',#2071,1.);
#2071 = DIRECTION('',(1.,0.));
#2072 = ( GEOMETRIC_REPRESENTATION_CONTEXT(2) 
PARAMETRIC_REPRESENTATION_CONTEXT() REPRESENTATION_CONTEXT('2D SPACE',''
  ) );
#2073 = ORIENTED_EDGE('',*,*,#2074,.F.);
#2074 = EDGE_CURVE('',#770,#2047,#2075,.T.);
#2075 = SURFACE_CURVE('',#2076,(#2080,#2087),.PCURVE_S1.);
#2076 = LINE('',#2077,#2078);
#2077 = CARTESIAN_POINT('',(24.6,-48.2,26.74));
#2078 = VECTOR('',#2079,1.);
#2079 = DIRECTION('',(0.,0.,1.));
#2080 = PCURVE('',#805,#2081);
#2081 = DEFINITIONAL_REPRESENTATION('',(#2082),#2086);
#2082 = LINE('',#2083,#2084);
#2083 = CARTESIAN_POINT('',(56.8,0.));
#2084 = VECTOR('',#2085,1.);
#2085 = DIRECTION('',(0.,-1.));
#2086 = ( GEOMETRIC_REPRESENTATION_CONTEXT(2) 
PARAMETRIC_REPRESENTATION_CONTEXT() REPRESENTATION_CONTEXT('2D SPACE',''
  ) );
#2087 = PCURVE('',#2007,#2088);
#2088 = DEFINITIONAL_REPRESENTATION('',(#2089),#2093);
#2089 = LINE('',#2090,#2091);
#2090 = CARTESIAN_POINT('',(0.,0.));
#2091 = VECTOR('',#2092,1.);
#2092 = DIRECTION('',(0.,1.));
#2093 = ( GEOMETRIC_REPRESENTATION_CONTEXT(2) 
PARAMETRIC_REPRESENTATION_CONTEXT() REPRESENTATION_CONTEXT('2D SPACE',''
  ) );
#2094 = ADVANCED_FACE('',(#2095,#2098),#877,.F.);
#2095 = FACE_BOUND('',#2096,.F.);
#2096 = EDGE_LOOP('',(#2097));
#2097 = ORIENTED_EDGE('',*,*,#862,.T.);
#2098 = FACE_BOUND('',#2099,.F.);
#2099 = EDGE_LOOP('',(#2100,#2131,#2157));
#2100 = ORIENTED_EDGE('',*,*,#2101,.F.);
#2101 = EDGE_CURVE('',#2102,#2104,#2106,.T.);
#2102 = VERTEX_POINT('',#2103);
#2103 = CARTESIAN_POINT('',(5.59099025767,-52.2,14.59099025767));
#2104 = VERTEX_POINT('',#2105);
#2105 = CARTESIAN_POINT('',(2.40900974233,-52.2,14.59099025767));
#2106 = SURFACE_CURVE('',#2107,(#2112,#2119),.PCURVE_S1.);
#2107 = CIRCLE('',#2108,2.25);
#2108 = AXIS2_PLACEMENT_3D('',#2109,#2110,#2111);
#2109 = CARTESIAN_POINT('',(4.,-52.2,13.));
#2110 = DIRECTION('',(0.,1.,0.));
#2111 = DIRECTION('',(0.,-0.,1.));
#2112 = PCURVE('',#877,#2113);
#2113 = DEFINITIONAL_REPRESENTATION('',(#2114),#2118);
#2114 = CIRCLE('',#2115,2.25);
#2115 = AXIS2_PLACEMENT_2D('',#2116,#2117);
#2116 = CARTESIAN_POINT('',(0.,0.));
#2117 = DIRECTION('',(1.,0.));
#2118 = ( GEOMETRIC_REPRESENTATION_CONTEXT(2) 
PARAMETRIC_REPRESENTATION_CONTEXT() REPRESENTATION_CONTEXT('2D SPACE',''
  ) );
#2119 = PCURVE('',#2120,#2125);
#2120 = CYLINDRICAL_SURFACE('',#2121,2.25);
#2121 = AXIS2_PLACEMENT_3D('',#2122,#2123,#2124);
#2122 = CARTESIAN_POINT('',(4.,-68.2,13.));
#2123 = DIRECTION('',(0.,1.,0.));
#2124 = DIRECTION('',(0.,-0.,1.));
#2125 = DEFINITIONAL_REPRESENTATION('',(#2126),#2130);
#2126 = LINE('',#2127,#2128);
#2127 = CARTESIAN_POINT('',(0.,16.));
#2128 = VECTOR('',#2129,1.);
#2129 = DIRECTION('',(1.,0.));
#2130 = ( GEOMETRIC_REPRESENTATION_CONTEXT(2) 
PARAMETRIC_REPRESENTATION_CONTEXT() REPRESENTATION_CONTEXT('2D SPACE',''
  ) );
#2131 = ORIENTED_EDGE('',*,*,#2132,.T.);
#2132 = EDGE_CURVE('',#2102,#2133,#2135,.T.);
#2133 = VERTEX_POINT('',#2134);
#2134 = CARTESIAN_POINT('',(4.,-52.2,16.181980515339));
#2135 = SURFACE_CURVE('',#2136,(#2140,#2146),.PCURVE_S1.);
#2136 = LINE('',#2137,#2138);
#2137 = CARTESIAN_POINT('',(5.59099025767,-52.2,14.59099025767));
#2138 = VECTOR('',#2139,1.);
#2139 = DIRECTION('',(-0.707106781187,0.,0.707106781187));
#2140 = PCURVE('',#877,#2141);
#2141 = DEFINITIONAL_REPRESENTATION('',(#2142),#2145);
#2142 = B_SPLINE_CURVE_WITH_KNOTS('',1,(#2143,#2144),.UNSPECIFIED.,.F.,
  .F.,(2,2),(0.,2.25),.PIECEWISE_BEZIER_KNOTS.);
#2143 = CARTESIAN_POINT('',(1.59099025767,1.59099025767));
#2144 = CARTESIAN_POINT('',(3.181980515339,-2.22044604925E-16));
#2145 = ( GEOMETRIC_REPRESENTATION_CONTEXT(2) 
PARAMETRIC_REPRESENTATION_CONTEXT() REPRESENTATION_CONTEXT('2D SPACE',''
  ) );
#2146 = PCURVE('',#2147,#2152);
#2147 = PLANE('',#2148);
#2148 = AXIS2_PLACEMENT_3D('',#2149,#2150,#2151);
#2149 = CARTESIAN_POINT('',(5.59099025767,-28.2,14.59099025767));
#2150 = DIRECTION('',(-0.707106781187,-0.,-0.707106781187));
#2151 = DIRECTION('',(-0.707106781187,0.,0.707106781187));
#2152 = DEFINITIONAL_REPRESENTATION('',(#2153),#2156);
#2153 = B_SPLINE_CURVE_WITH_KNOTS('',1,(#2154,#2155),.UNSPECIFIED.,.F.,
  .F.,(2,2),(0.,2.25),.PIECEWISE_BEZIER_KNOTS.);
#2154 = CARTESIAN_POINT('',(0.,-24.));
#2155 = CARTESIAN_POINT('',(2.25,-24.));
#2156 = ( GEOMETRIC_REPRESENTATION_CONTEXT(2) 
PARAMETRIC_REPRESENTATION_CONTEXT() REPRESENTATION_CONTEXT('2D SPACE',''
  ) );
#2157 = ORIENTED_EDGE('',*,*,#2158,.T.);
#2158 = EDGE_CURVE('',#2133,#2104,#2159,.T.);
#2159 = SURFACE_CURVE('',#2160,(#2164,#2170),.PCURVE_S1.);
#2160 = LINE('',#2161,#2162);
#2161 = CARTESIAN_POINT('',(3.204504871165,-52.2,15.386485386505));
#2162 = VECTOR('',#2163,1.);
#2163 = DIRECTION('',(-0.707106781187,0.,-0.707106781187));
#2164 = PCURVE('',#877,#2165);
#2165 = DEFINITIONAL_REPRESENTATION('',(#2166),#2169);
#2166 = B_SPLINE_CURVE_WITH_KNOTS('',1,(#2167,#2168),.UNSPECIFIED.,.F.,
  .F.,(2,2),(-1.125,1.125),.PIECEWISE_BEZIER_KNOTS.);
#2167 = CARTESIAN_POINT('',(3.181980515339,-3.330669073875E-16));
#2168 = CARTESIAN_POINT('',(1.59099025767,-1.59099025767));
#2169 = ( GEOMETRIC_REPRESENTATION_CONTEXT(2) 
PARAMETRIC_REPRESENTATION_CONTEXT() REPRESENTATION_CONTEXT('2D SPACE',''
  ) );
#2170 = PCURVE('',#2171,#2176);
#2171 = PLANE('',#2172);
#2172 = AXIS2_PLACEMENT_3D('',#2173,#2174,#2175);
#2173 = CARTESIAN_POINT('',(4.,-28.2,16.181980515339));
#2174 = DIRECTION('',(0.707106781187,0.,-0.707106781187));
#2175 = DIRECTION('',(-0.707106781187,0.,-0.707106781187));
#2176 = DEFINITIONAL_REPRESENTATION('',(#2177),#2180);
#2177 = B_SPLINE_CURVE_WITH_KNOTS('',1,(#2178,#2179),.UNSPECIFIED.,.F.,
  .F.,(2,2),(-1.125,1.125),.PIECEWISE_BEZIER_KNOTS.);
#2178 = CARTESIAN_POINT('',(0.,-24.));
#2179 = CARTESIAN_POINT('',(2.25,-24.));
#2180 = ( GEOMETRIC_REPRESENTATION_CONTEXT(2) 
PARAMETRIC_REPRESENTATION_CONTEXT() REPRESENTATION_CONTEXT('2D SPACE',''
  ) );
#2181 = ADVANCED_FACE('',(#2182),#931,.T.);
#2182 = FACE_BOUND('',#2183,.T.);
#2183 = EDGE_LOOP('',(#2184,#2185,#2186,#2214));
#2184 = ORIENTED_EDGE('',*,*,#917,.T.);
#2185 = ORIENTED_EDGE('',*,*,#1950,.T.);
#2186 = ORIENTED_EDGE('',*,*,#2187,.F.);
#2187 = EDGE_CURVE('',#2188,#1923,#2190,.T.);
#2188 = VERTEX_POINT('',#2189);
#2189 = CARTESIAN_POINT('',(-32.2,40.6,26.74));
#2190 = SURFACE_CURVE('',#2191,(#2195,#2202),.PCURVE_S1.);
#2191 = LINE('',#2192,#2193);
#2192 = CARTESIAN_POINT('',(-32.2,48.2,26.74));
#2193 = VECTOR('',#2194,1.);
#2194 = DIRECTION('',(0.,-1.,0.));
#2195 = PCURVE('',#931,#2196);
#2196 = DEFINITIONAL_REPRESENTATION('',(#2197),#2201);
#2197 = LINE('',#2198,#2199);
#2198 = CARTESIAN_POINT('',(0.,0.));
#2199 = VECTOR('',#2200,1.);
#2200 = DIRECTION('',(1.,0.));
#2201 = ( GEOMETRIC_REPRESENTATION_CONTEXT(2) 
PARAMETRIC_REPRESENTATION_CONTEXT() REPRESENTATION_CONTEXT('2D SPACE',''
  ) );
#2202 = PCURVE('',#2203,#2208);
#2203 = PLANE('',#2204);
#2204 = AXIS2_PLACEMENT_3D('',#2205,#2206,#2207);
#2205 = CARTESIAN_POINT('',(-32.2,48.2,26.74));
#2206 = DIRECTION('',(1.,0.,-0.));
#2207 = DIRECTION('',(0.,-1.,0.));
#2208 = DEFINITIONAL_REPRESENTATION('',(#2209),#2213);
#2209 = LINE('',#2210,#2211);
#2210 = CARTESIAN_POINT('',(0.,0.));
#2211 = VECTOR('',#2212,1.);
#2212 = DIRECTION('',(1.,0.));
#2213 = ( GEOMETRIC_REPRESENTATION_CONTEXT(2) 
PARAMETRIC_REPRESENTATION_CONTEXT() REPRESENTATION_CONTEXT('2D SPACE',''
  ) );
#2214 = ORIENTED_EDGE('',*,*,#2215,.F.);
#2215 = EDGE_CURVE('',#895,#2188,#2216,.T.);
#2216 = SURFACE_CURVE('',#2217,(#2220,#2226),.PCURVE_S1.);
#2217 = B_SPLINE_CURVE_WITH_KNOTS('',1,(#2218,#2219),.UNSPECIFIED.,.F.,
  .F.,(2,2),(0.,1.),.PIECEWISE_BEZIER_KNOTS.);
#2218 = CARTESIAN_POINT('',(-28.6,40.6,23.14));
#2219 = CARTESIAN_POINT('',(-32.2,40.6,26.74));
#2220 = PCURVE('',#931,#2221);
#2221 = DEFINITIONAL_REPRESENTATION('',(#2222),#2225);
#2222 = B_SPLINE_CURVE_WITH_KNOTS('',1,(#2223,#2224),.UNSPECIFIED.,.F.,
  .F.,(2,2),(0.,1.),.PIECEWISE_BEZIER_KNOTS.);
#2223 = CARTESIAN_POINT('',(7.6,-5.091168824543));
#2224 = CARTESIAN_POINT('',(7.6,0.));
#2225 = ( GEOMETRIC_REPRESENTATION_CONTEXT(2) 
PARAMETRIC_REPRESENTATION_CONTEXT() REPRESENTATION_CONTEXT('2D SPACE',''
  ) );
#2226 = PCURVE('',#1394,#2227);
#2227 = DEFINITIONAL_REPRESENTATION('',(#2228),#2231);
#2228 = B_SPLINE_CURVE_WITH_KNOTS('',1,(#2229,#2230),.UNSPECIFIED.,.F.,
  .F.,(2,2),(0.,1.),.PIECEWISE_BEZIER_KNOTS.);
#2229 = CARTESIAN_POINT('',(4.712388980385,0.));
#2230 = CARTESIAN_POINT('',(4.712388980385,3.6));
#2231 = ( GEOMETRIC_REPRESENTATION_CONTEXT(2) 
PARAMETRIC_REPRESENTATION_CONTEXT() REPRESENTATION_CONTEXT('2D SPACE',''
  ) );
#2232 = ADVANCED_FACE('',(#2233),#963,.T.);
#2233 = FACE_BOUND('',#2234,.T.);
#2234 = EDGE_LOOP('',(#2235,#2236));
#2235 = ORIENTED_EDGE('',*,*,#946,.F.);
#2236 = ORIENTED_EDGE('',*,*,#2237,.T.);
#2237 = EDGE_CURVE('',#947,#949,#2238,.T.);
#2238 = SURFACE_CURVE('',#2239,(#2244,#2251),.PCURVE_S1.);
#2239 = CIRCLE('',#2240,3.6);
#2240 = AXIS2_PLACEMENT_3D('',#2241,#2242,#2243);
#2241 = CARTESIAN_POINT('',(-28.6,0.,23.));
#2242 = DIRECTION('',(0.,0.,1.));
#2243 = DIRECTION('',(1.,0.,0.));
#2244 = PCURVE('',#963,#2245);
#2245 = DEFINITIONAL_REPRESENTATION('',(#2246),#2250);
#2246 = CIRCLE('',#2247,3.6);
#2247 = AXIS2_PLACEMENT_2D('',#2248,#2249);
#2248 = CARTESIAN_POINT('',(0.,-4.296462473279E-17));
#2249 = DIRECTION('',(1.,0.));
#2250 = ( GEOMETRIC_REPRESENTATION_CONTEXT(2) 
PARAMETRIC_REPRESENTATION_CONTEXT() REPRESENTATION_CONTEXT('2D SPACE',''
  ) );
#2251 = PCURVE('',#989,#2252);
#2252 = DEFINITIONAL_REPRESENTATION('',(#2253),#2257);
#2253 = LINE('',#2254,#2255);
#2254 = CARTESIAN_POINT('',(-0.,-14.));
#2255 = VECTOR('',#2256,1.);
#2256 = DIRECTION('',(-1.,0.));
#2257 = ( GEOMETRIC_REPRESENTATION_CONTEXT(2) 
PARAMETRIC_REPRESENTATION_CONTEXT() REPRESENTATION_CONTEXT('2D SPACE',''
  ) );
#2258 = ADVANCED_FACE('',(#2259,#2286),#989,.T.);
#2259 = FACE_BOUND('',#2260,.F.);
#2260 = EDGE_LOOP('',(#2261,#2283,#2284,#2285));
#2261 = ORIENTED_EDGE('',*,*,#2262,.F.);
#2262 = EDGE_CURVE('',#975,#1001,#2263,.T.);
#2263 = SURFACE_CURVE('',#2264,(#2269,#2276),.PCURVE_S1.);
#2264 = CIRCLE('',#2265,3.6);
#2265 = AXIS2_PLACEMENT_3D('',#2266,#2267,#2268);
#2266 = CARTESIAN_POINT('',(-28.6,0.,9.));
#2267 = DIRECTION('',(0.,0.,1.));
#2268 = DIRECTION('',(1.,0.,0.));
#2269 = PCURVE('',#989,#2270);
#2270 = DEFINITIONAL_REPRESENTATION('',(#2271),#2275);
#2271 = LINE('',#2272,#2273);
#2272 = CARTESIAN_POINT('',(-0.,0.));
#2273 = VECTOR('',#2274,1.);
#2274 = DIRECTION('',(-1.,0.));
#2275 = ( GEOMETRIC_REPRESENTATION_CONTEXT(2) 
PARAMETRIC_REPRESENTATION_CONTEXT() REPRESENTATION_CONTEXT('2D SPACE',''
  ) );
#2276 = PCURVE('',#1015,#2277);
#2277 = DEFINITIONAL_REPRESENTATION('',(#2278),#2282);
#2278 = CIRCLE('',#2279,3.6);
#2279 = AXIS2_PLACEMENT_2D('',#2280,#2281);
#2280 = CARTESIAN_POINT('',(0.,-4.296462473279E-17));
#2281 = DIRECTION('',(1.,0.));
#2282 = ( GEOMETRIC_REPRESENTATION_CONTEXT(2) 
PARAMETRIC_REPRESENTATION_CONTEXT() REPRESENTATION_CONTEXT('2D SPACE',''
  ) );
#2283 = ORIENTED_EDGE('',*,*,#974,.F.);
#2284 = ORIENTED_EDGE('',*,*,#2237,.T.);
#2285 = ORIENTED_EDGE('',*,*,#1026,.T.);
#2286 = FACE_BOUND('',#2287,.F.);
#2287 = EDGE_LOOP('',(#2288));
#2288 = ORIENTED_EDGE('',*,*,#2289,.F.);
#2289 = EDGE_CURVE('',#2290,#2290,#2292,.T.);
#2290 = VERTEX_POINT('',#2291);
#2291 = CARTESIAN_POINT('',(-32.2,3.061616997868E-16,12.25));
#2292 = SURFACE_CURVE('',#2293,(#2416,#2542),.PCURVE_S1.);
#2293 = B_SPLINE_CURVE_WITH_KNOTS('',6,(#2294,#2295,#2296,#2297,#2298,
    #2299,#2300,#2301,#2302,#2303,#2304,#2305,#2306,#2307,#2308,#2309,
    #2310,#2311,#2312,#2313,#2314,#2315,#2316,#2317,#2318,#2319,#2320,
    #2321,#2322,#2323,#2324,#2325,#2326,#2327,#2328,#2329,#2330,#2331,
    #2332,#2333,#2334,#2335,#2336,#2337,#2338,#2339,#2340,#2341,#2342,
    #2343,#2344,#2345,#2346,#2347,#2348,#2349,#2350,#2351,#2352,#2353,
    #2354,#2355,#2356,#2357,#2358,#2359,#2360,#2361,#2362,#2363,#2364,
    #2365,#2366,#2367,#2368,#2369,#2370,#2371,#2372,#2373,#2374,#2375,
    #2376,#2377,#2378,#2379,#2380,#2381,#2382,#2383,#2384,#2385,#2386,
    #2387,#2388,#2389,#2390,#2391,#2392,#2393,#2394,#2395,#2396,#2397,
    #2398,#2399,#2400,#2401,#2402,#2403,#2404,#2405,#2406,#2407,#2408,
    #2409,#2410,#2411,#2412,#2413,#2414,#2415),.UNSPECIFIED.,.T.,.F.,(7,
    5,5,5,5,5,5,5,5,5,5,5,5,5,5,5,5,5,5,5,5,5,5,5,7),(0.,
    7.514704110183E-02,0.109776894779,0.136402742292,0.157643031111,
    0.174893042784,0.249599061914,0.323520216531,0.34160497163,
    0.362667438207,0.388923582672,0.423198326543,0.468342488231,
    0.546226722986,0.609470956197,0.63617277704,0.657473672209,
    0.674772904505,0.749692087364,0.823824166204,0.841960523756,
    0.863083089292,0.889414152187,0.923786694498,1.),.UNSPECIFIED.);
#2294 = CARTESIAN_POINT('',(-32.2,4.440892098501E-16,12.25));
#2295 = CARTESIAN_POINT('',(-32.2,-0.112097966049,12.25));
#2296 = CARTESIAN_POINT('',(-32.19581138461,-0.223527593405,
    12.237936649543));
#2297 = CARTESIAN_POINT('',(-32.1875275843,-0.332221299064,
    12.214079913657));
#2298 = CARTESIAN_POINT('',(-32.17572039381,-0.436181598737,
    12.179305950946));
#2299 = CARTESIAN_POINT('',(-32.16139139922,-0.533636795031,
    12.135084529747));
#2300 = CARTESIAN_POINT('',(-32.13838297234,-0.664532654495,
    12.059795012316));
#2301 = CARTESIAN_POINT('',(-32.13079935354,-0.704291803609,
    12.034413105151));
#2302 = CARTESIAN_POINT('',(-32.12297500261,-0.742476237078,
    12.007525888633));
#2303 = CARTESIAN_POINT('',(-32.11499321706,-0.779052237519,
    11.979254961178));
#2304 = CARTESIAN_POINT('',(-32.10693418253,-0.813993666,11.949717955551
    ));
#2305 = CARTESIAN_POINT('',(-32.09267551064,-0.872875270481,
    11.895433176019));
#2306 = CARTESIAN_POINT('',(-32.08647543797,-0.897496283892,
    11.871151888771));
#2307 = CARTESIAN_POINT('',(-32.08030622448,-0.921140345381,
    11.846231940026));
#2308 = CARTESIAN_POINT('',(-32.07419901673,-0.943805075594,
    11.820717029477));
#2309 = CARTESIAN_POINT('',(-32.06818295377,-0.965489775747,
    11.79464774689));
#2310 = CARTESIAN_POINT('',(-32.05758031439,-1.002712987323,
    11.746852931486));
#2311 = CARTESIAN_POINT('',(-32.05295074726,-1.018607299117,
    11.725315512566));
#2312 = CARTESIAN_POINT('',(-32.04841024355,-1.033878660086,
    11.703468401907));
#2313 = CARTESIAN_POINT('',(-32.0439717973,-1.048527479065,
    11.681329860499));
#2314 = CARTESIAN_POINT('',(-32.03964761879,-1.062554276638,
    11.658917323759));
#2315 = CARTESIAN_POINT('',(-32.03203939264,-1.086846705324,
    11.617836332532));
#2316 = CARTESIAN_POINT('',(-32.02871255718,-1.097323847955,
    11.599255551379));
#2317 = CARTESIAN_POINT('',(-32.02547475308,-1.107391420343,
    11.580513984984));
#2318 = CARTESIAN_POINT('',(-32.02233176335,-1.117049702372,
    11.561620340012));
#2319 = CARTESIAN_POINT('',(-32.0192890291,-1.126298946492,
    11.542583102882));
#2320 = CARTESIAN_POINT('',(-32.00363050241,-1.173425347465,
    11.440378371775));
#2321 = CARTESIAN_POINT('',(-31.99288038013,-1.20405754099,
    11.354777802359));
#2322 = CARTESIAN_POINT('',(-31.98452501847,-1.22702683973,
    11.267316617914));
#2323 = CARTESIAN_POINT('',(-31.97885452379,-1.242339092453,
    11.178633794389));
#2324 = CARTESIAN_POINT('',(-31.97601836487,-1.25,11.089330317009));
#2325 = CARTESIAN_POINT('',(-31.97601836487,-1.25,10.911608190978));
#2326 = CARTESIAN_POINT('',(-31.97879525355,-1.242499225316,
    10.823241929752));
#2327 = CARTESIAN_POINT('',(-31.98434731497,-1.22750668522,
    10.735477041938));
#2328 = CARTESIAN_POINT('',(-31.99253124856,-1.205017092232,
    10.648896149977));
#2329 = CARTESIAN_POINT('',(-32.00306878329,-1.175025063536,
    10.56411786924));
#2330 = CARTESIAN_POINT('',(-32.01860761761,-1.128368463909,
    10.461693360973));
#2331 = CARTESIAN_POINT('',(-32.02177875815,-1.118748302975,
    10.441707805754));
#2332 = CARTESIAN_POINT('',(-32.02506089176,-1.108678585989,
    10.4218788343));
#2333 = CARTESIAN_POINT('',(-32.02844778332,-1.098159025404,
    10.402216205789));
#2334 = CARTESIAN_POINT('',(-32.0319327844,-1.087189299732,
    10.382729942744));
#2335 = CARTESIAN_POINT('',(-32.03967368975,-1.062468428098,
    10.340952977903));
#2336 = CARTESIAN_POINT('',(-32.04396204093,-1.04855675508,
    10.318728878879));
#2337 = CARTESIAN_POINT('',(-32.04836273904,-1.034033419216,
    10.29677423706));
#2338 = CARTESIAN_POINT('',(-32.05286387845,-1.018897912727,
    10.275106053176));
#2339 = CARTESIAN_POINT('',(-32.05745279568,-1.003149835327,
    10.253742125584));
#2340 = CARTESIAN_POINT('',(-32.06792923423,-0.966393598548,
    10.206471571833));
#2341 = CARTESIAN_POINT('',(-32.07385792121,-0.94504622908,
    10.180744033197));
#2342 = CARTESIAN_POINT('',(-32.07987613945,-0.922745854577,
    10.155554348933));
#2343 = CARTESIAN_POINT('',(-32.08595600008,-0.899493107842,
    10.130941362955));
#2344 = CARTESIAN_POINT('',(-32.09206771628,-0.875290185712,
    10.106946848519));
#2345 = CARTESIAN_POINT('',(-32.10615805424,-0.817310930961,
    10.053158800703));
#2346 = CARTESIAN_POINT('',(-32.11413868442,-0.782860817414,
    10.023825092978));
#2347 = CARTESIAN_POINT('',(-32.12204873146,-0.746808383767,
    9.995724227553));
#2348 = CARTESIAN_POINT('',(-32.12981079005,-0.709178089081,
    9.968969591907));
#2349 = CARTESIAN_POINT('',(-32.13734437605,-0.670001551997,
    9.943678542121));
#2350 = CARTESIAN_POINT('',(-32.15408124373,-0.575732922885,
    9.888749408367));
#2351 = CARTESIAN_POINT('',(-32.16306689112,-0.519474736065,
    9.860242139957));
#2352 = CARTESIAN_POINT('',(-32.17130963336,-0.460763602476,
    9.83482202119));
#2353 = CARTESIAN_POINT('',(-32.17860392923,-0.399859217217,
    9.812812806805));
#2354 = CARTESIAN_POINT('',(-32.18476798102,-0.337056148461,
    9.794494033585));
#2355 = CARTESIAN_POINT('',(-32.19809502505,-0.161613506922,
    9.755277956971));
#2356 = CARTESIAN_POINT('',(-32.20272315058,-4.608772055338E-02,
    9.742195604644));
#2357 = CARTESIAN_POINT('',(-32.20275712338,7.120285151476E-02,
    9.742210899413));
#2358 = CARTESIAN_POINT('',(-32.19800248161,0.187314491635,
    9.755522039845));
#2359 = CARTESIAN_POINT('',(-32.18910222245,0.299371737012,
    9.781264006353));
#2360 = CARTESIAN_POINT('',(-32.16745875781,0.490586129401,
    9.846731325688));
#2361 = CARTESIAN_POINT('',(-32.15574165916,0.572062194226,
    9.882950947325));
#2362 = CARTESIAN_POINT('',(-32.14249449223,0.648814430809,
    9.925271536097));
#2363 = CARTESIAN_POINT('',(-32.12825360154,0.720444130688,
    9.972912727673));
#2364 = CARTESIAN_POINT('',(-32.11355295036,0.786661269823,
    10.025083459702));
#2365 = CARTESIAN_POINT('',(-32.09267551064,0.872875270481,
    10.104566823981));
#2366 = CARTESIAN_POINT('',(-32.08647543797,0.897496283892,
    10.128848111229));
#2367 = CARTESIAN_POINT('',(-32.08030622448,0.921140345381,
    10.153768059974));
#2368 = CARTESIAN_POINT('',(-32.07419901673,0.943805075594,
    10.179282970523));
#2369 = CARTESIAN_POINT('',(-32.06818295377,0.965489775747,
    10.20535225311));
#2370 = CARTESIAN_POINT('',(-32.05758031439,1.002712987323,
    10.253147068514));
#2371 = CARTESIAN_POINT('',(-32.05295074726,1.018607299117,
    10.274684487434));
#2372 = CARTESIAN_POINT('',(-32.04841024355,1.033878660086,
    10.296531598093));
#2373 = CARTESIAN_POINT('',(-32.0439717973,1.048527479065,
    10.318670139501));
#2374 = CARTESIAN_POINT('',(-32.03964761879,1.062554276638,
    10.341082676241));
#2375 = CARTESIAN_POINT('',(-32.03203939264,1.086846705324,
    10.382163667468));
#2376 = CARTESIAN_POINT('',(-32.02871255718,1.097323847955,
    10.400744448621));
#2377 = CARTESIAN_POINT('',(-32.02547475308,1.107391420343,
    10.419486015016));
#2378 = CARTESIAN_POINT('',(-32.02233176335,1.117049702372,
    10.438379659988));
#2379 = CARTESIAN_POINT('',(-32.0192890291,1.126298946492,
    10.457416897119));
#2380 = CARTESIAN_POINT('',(-32.00363050241,1.173425347465,
    10.559621628225));
#2381 = CARTESIAN_POINT('',(-31.99288038013,1.20405754099,
    10.645222197641));
#2382 = CARTESIAN_POINT('',(-31.98452501847,1.22702683973,
    10.732683382086));
#2383 = CARTESIAN_POINT('',(-31.97885452379,1.242339092453,
    10.82136620561));
#2384 = CARTESIAN_POINT('',(-31.97601836487,1.25,10.910669682991));
#2385 = CARTESIAN_POINT('',(-31.97601836487,1.25,11.088391809022));
#2386 = CARTESIAN_POINT('',(-31.97879525355,1.242499225316,
    11.176758070248));
#2387 = CARTESIAN_POINT('',(-31.98434731497,1.22750668522,
    11.264522958062));
#2388 = CARTESIAN_POINT('',(-31.99253124856,1.205017092232,
    11.351103850023));
#2389 = CARTESIAN_POINT('',(-32.00306878329,1.175025063536,
    11.43588213076));
#2390 = CARTESIAN_POINT('',(-32.01860761761,1.128368463909,
    11.538306639027));
#2391 = CARTESIAN_POINT('',(-32.02177875815,1.118748302975,
    11.558292194246));
#2392 = CARTESIAN_POINT('',(-32.02506089176,1.108678585989,11.5781211657
    ));
#2393 = CARTESIAN_POINT('',(-32.02844778332,1.098159025404,
    11.597783794211));
#2394 = CARTESIAN_POINT('',(-32.0319327844,1.087189299732,
    11.617270057256));
#2395 = CARTESIAN_POINT('',(-32.03967368975,1.062468428098,
    11.659047022097));
#2396 = CARTESIAN_POINT('',(-32.04396204093,1.04855675508,
    11.681271121121));
#2397 = CARTESIAN_POINT('',(-32.04836273904,1.034033419216,
    11.70322576294));
#2398 = CARTESIAN_POINT('',(-32.05286387845,1.018897912727,
    11.724893946824));
#2399 = CARTESIAN_POINT('',(-32.05745279568,1.003149835327,
    11.746257874416));
#2400 = CARTESIAN_POINT('',(-32.06792923423,0.966393598549,
    11.793528428167));
#2401 = CARTESIAN_POINT('',(-32.07385792121,0.94504622908,
    11.819255966803));
#2402 = CARTESIAN_POINT('',(-32.07987613945,0.922745854577,
    11.844445651067));
#2403 = CARTESIAN_POINT('',(-32.08595600008,0.899493107842,
    11.869058637045));
#2404 = CARTESIAN_POINT('',(-32.09206771628,0.875290185712,
    11.893053151481));
#2405 = CARTESIAN_POINT('',(-32.10615805424,0.817310930961,
    11.946841199297));
#2406 = CARTESIAN_POINT('',(-32.11413868442,0.782860817414,
    11.976174907022));
#2407 = CARTESIAN_POINT('',(-32.12204873146,0.746808383767,
    12.004275772447));
#2408 = CARTESIAN_POINT('',(-32.12981079005,0.709178089081,
    12.031030408093));
#2409 = CARTESIAN_POINT('',(-32.13734437605,0.670001551997,
    12.056321457879));
#2410 = CARTESIAN_POINT('',(-32.16058310655,0.539111871319,
    12.132589213598));
#2411 = CARTESIAN_POINT('',(-32.17518767995,0.440847478862,
    12.177735912164));
#2412 = CARTESIAN_POINT('',(-32.18724510232,0.335891101955,
    12.213266384716));
#2413 = CARTESIAN_POINT('',(-32.19571484376,0.22605368285,
    12.237658605012));
#2414 = CARTESIAN_POINT('',(-32.2,0.113382470956,12.25));
#2415 = CARTESIAN_POINT('',(-32.2,4.440892098501E-16,12.25));
#2416 = PCURVE('',#989,#2417);
#2417 = DEFINITIONAL_REPRESENTATION('',(#2418),#2541);
#2418 = B_SPLINE_CURVE_WITH_KNOTS('',6,(#2419,#2420,#2421,#2422,#2423,
    #2424,#2425,#2426,#2427,#2428,#2429,#2430,#2431,#2432,#2433,#2434,
    #2435,#2436,#2437,#2438,#2439,#2440,#2441,#2442,#2443,#2444,#2445,
    #2446,#2447,#2448,#2449,#2450,#2451,#2452,#2453,#2454,#2455,#2456,
    #2457,#2458,#2459,#2460,#2461,#2462,#2463,#2464,#2465,#2466,#2467,
    #2468,#2469,#2470,#2471,#2472,#2473,#2474,#2475,#2476,#2477,#2478,
    #2479,#2480,#2481,#2482,#2483,#2484,#2485,#2486,#2487,#2488,#2489,
    #2490,#2491,#2492,#2493,#2494,#2495,#2496,#2497,#2498,#2499,#2500,
    #2501,#2502,#2503,#2504,#2505,#2506,#2507,#2508,#2509,#2510,#2511,
    #2512,#2513,#2514,#2515,#2516,#2517,#2518,#2519,#2520,#2521,#2522,
    #2523,#2524,#2525,#2526,#2527,#2528,#2529,#2530,#2531,#2532,#2533,
    #2534,#2535,#2536,#2537,#2538,#2539,#2540),.UNSPECIFIED.,.T.,.F.,(7,
    5,5,5,5,5,5,5,5,5,5,5,5,5,5,5,5,5,5,5,5,5,5,5,7),(0.,
    7.514704110183E-02,0.109776894779,0.136402742292,0.157643031111,
    0.174893042784,0.249599061914,0.323520216531,0.34160497163,
    0.362667438207,0.388923582672,0.423198326543,0.468342488231,
    0.546226722986,0.609470956197,0.63617277704,0.657473672209,
    0.674772904505,0.749692087364,0.823824166204,0.841960523756,
    0.863083089292,0.889414152187,0.923786694498,1.),.UNSPECIFIED.);
#2419 = CARTESIAN_POINT('',(-3.14159265359,-3.25));
#2420 = CARTESIAN_POINT('',(-3.172730977492,-3.25));
#2421 = CARTESIAN_POINT('',(-3.203683706106,-3.237936649543));
#2422 = CARTESIAN_POINT('',(-3.233930472364,-3.214079913657));
#2423 = CARTESIAN_POINT('',(-3.262968917347,-3.179305950946));
#2424 = CARTESIAN_POINT('',(-3.290320165886,-3.135084529747));
#2425 = CARTESIAN_POINT('',(-3.32723756799,-3.059795012316));
#2426 = CARTESIAN_POINT('',(-3.338479703511,-3.034413105151));
#2427 = CARTESIAN_POINT('',(-3.349305448083,-3.007525888633));
#2428 = CARTESIAN_POINT('',(-3.359703414996,-2.979254961178));
#2429 = CARTESIAN_POINT('',(-3.369663593821,-2.949717955551));
#2430 = CARTESIAN_POINT('',(-3.386492326852,-2.895433176019));
#2431 = CARTESIAN_POINT('',(-3.393544729667,-2.871151888771));
#2432 = CARTESIAN_POINT('',(-3.400332047467,-2.846231940026));
#2433 = CARTESIAN_POINT('',(-3.406852072797,-2.820717029477));
#2434 = CARTESIAN_POINT('',(-3.413102979374,-2.79464774689));
#2435 = CARTESIAN_POINT('',(-3.423854032445,-2.746852931486));
#2436 = CARTESIAN_POINT('',(-3.428452515058,-2.725315512566));
#2437 = CARTESIAN_POINT('',(-3.432877987767,-2.703468401907));
#2438 = CARTESIAN_POINT('',(-3.437129701732,-2.681329860499));
#2439 = CARTESIAN_POINT('',(-3.441206941435,-2.658917323759));
#2440 = CARTESIAN_POINT('',(-3.448278048511,-2.617836332532));
#2441 = CARTESIAN_POINT('',(-3.451331539445,-2.599255551379));
#2442 = CARTESIAN_POINT('',(-3.454269125146,-2.580513984984));
#2443 = CARTESIAN_POINT('',(-3.457090437869,-2.561620340012));
#2444 = CARTESIAN_POINT('',(-3.459795114453,-2.542583102882));
#2445 = CARTESIAN_POINT('',(-3.473589479263,-2.440378371775));
#2446 = CARTESIAN_POINT('',(-3.48260601972,-2.354777802359));
#2447 = CARTESIAN_POINT('',(-3.489395021672,-2.267316617914));
#2448 = CARTESIAN_POINT('',(-3.493930966999,-2.178633794389));
#2449 = CARTESIAN_POINT('',(-3.496200057617,-2.089330317009));
#2450 = CARTESIAN_POINT('',(-3.496200057617,-1.911608190978));
#2451 = CARTESIAN_POINT('',(-3.493978392269,-1.823241929752));
#2452 = CARTESIAN_POINT('',(-3.489537168639,-1.735477041938));
#2453 = CARTESIAN_POINT('',(-3.482889645576,-1.648896149977));
#2454 = CARTESIAN_POINT('',(-3.4740603788,-1.56411786924));
#2455 = CARTESIAN_POINT('',(-3.460400337325,-1.461693360973));
#2456 = CARTESIAN_POINT('',(-3.45758664266,-1.441707805754));
#2457 = CARTESIAN_POINT('',(-3.454644694401,-1.4218788343));
#2458 = CARTESIAN_POINT('',(-3.451574910521,-1.402216205789));
#2459 = CARTESIAN_POINT('',(-3.448377714552,-1.382729942744));
#2460 = CARTESIAN_POINT('',(-3.441182020164,-1.340952977903));
#2461 = CARTESIAN_POINT('',(-3.437138271337,-1.318728878879));
#2462 = CARTESIAN_POINT('',(-3.43292295468,-1.29677423706));
#2463 = CARTESIAN_POINT('',(-3.428536767883,-1.275106053176));
#2464 = CARTESIAN_POINT('',(-3.42398044075,-1.253742125584));
#2465 = CARTESIAN_POINT('',(-3.413363743897,-1.206471571833));
#2466 = CARTESIAN_POINT('',(-3.407209612333,-1.180744033197));
#2467 = CARTESIAN_POINT('',(-3.400793728659,-1.155554348933));
#2468 = CARTESIAN_POINT('',(-3.394117835736,-1.130941362955));
#2469 = CARTESIAN_POINT('',(-3.387184031137,-1.106946848519));
#2470 = CARTESIAN_POINT('',(-3.370609909357,-1.053158800703));
#2471 = CARTESIAN_POINT('',(-3.360787582261,-1.023825092978));
#2472 = CARTESIAN_POINT('',(-3.350535901444,-0.995724227553));
#2473 = CARTESIAN_POINT('',(-3.339864354868,-0.968969591907));
#2474 = CARTESIAN_POINT('',(-3.32878373102,-0.943678542121));
#2475 = CARTESIAN_POINT('',(-3.302188489326,-0.888749408367));
#2476 = CARTESIAN_POINT('',(-3.286365490091,-0.860242139957));
#2477 = CARTESIAN_POINT('',(-3.269901553928,-0.83482202119));
#2478 = CARTESIAN_POINT('',(-3.25286834246,-0.812812806805));
#2479 = CARTESIAN_POINT('',(-3.235343494903,-0.794494033585));
#2480 = CARTESIAN_POINT('',(-3.186469025302,-0.755277956971));
#2481 = CARTESIAN_POINT('',(-3.154373176987,-0.742195604644));
#2482 = CARTESIAN_POINT('',(-3.121832827712,-0.742210899413));
#2483 = CARTESIAN_POINT('',(-3.089590264187,-0.755522039845));
#2484 = CARTESIAN_POINT('',(-3.058382530791,-0.781264006353));
#2485 = CARTESIAN_POINT('',(-3.004928252837,-0.846731325688));
#2486 = CARTESIAN_POINT('',(-2.982073651824,-0.882950947325));
#2487 = CARTESIAN_POINT('',(-2.960449962596,-0.925271536097));
#2488 = CARTESIAN_POINT('',(-2.9401716115,-0.972912727673));
#2489 = CARTESIAN_POINT('',(-2.921333484156,-1.025083459702));
#2490 = CARTESIAN_POINT('',(-2.896692980328,-1.104566823981));
#2491 = CARTESIAN_POINT('',(-2.889640577513,-1.128848111229));
#2492 = CARTESIAN_POINT('',(-2.882853259712,-1.153768059974));
#2493 = CARTESIAN_POINT('',(-2.876333234382,-1.179282970523));
#2494 = CARTESIAN_POINT('',(-2.870082327805,-1.20535225311));
#2495 = CARTESIAN_POINT('',(-2.859331274735,-1.253147068514));
#2496 = CARTESIAN_POINT('',(-2.854732792121,-1.274684487434));
#2497 = CARTESIAN_POINT('',(-2.850307319412,-1.296531598093));
#2498 = CARTESIAN_POINT('',(-2.846055605447,-1.318670139501));
#2499 = CARTESIAN_POINT('',(-2.841978365745,-1.341082676241));
#2500 = CARTESIAN_POINT('',(-2.834907258668,-1.382163667468));
#2501 = CARTESIAN_POINT('',(-2.831853767735,-1.400744448621));
#2502 = CARTESIAN_POINT('',(-2.828916182034,-1.419486015016));
#2503 = CARTESIAN_POINT('',(-2.826094869311,-1.438379659988));
#2504 = CARTESIAN_POINT('',(-2.823390192726,-1.457416897119));
#2505 = CARTESIAN_POINT('',(-2.809595827916,-1.559621628225));
#2506 = CARTESIAN_POINT('',(-2.80057928746,-1.645222197641));
#2507 = CARTESIAN_POINT('',(-2.793790285508,-1.732683382086));
#2508 = CARTESIAN_POINT('',(-2.789254340181,-1.82136620561));
#2509 = CARTESIAN_POINT('',(-2.786985249563,-1.910669682991));
#2510 = CARTESIAN_POINT('',(-2.786985249563,-2.088391809022));
#2511 = CARTESIAN_POINT('',(-2.789206914911,-2.176758070248));
#2512 = CARTESIAN_POINT('',(-2.793648138541,-2.264522958062));
#2513 = CARTESIAN_POINT('',(-2.800295661603,-2.351103850023));
#2514 = CARTESIAN_POINT('',(-2.80912492838,-2.43588213076));
#2515 = CARTESIAN_POINT('',(-2.822784969854,-2.538306639027));
#2516 = CARTESIAN_POINT('',(-2.82559866452,-2.558292194246));
#2517 = CARTESIAN_POINT('',(-2.828540612778,-2.5781211657));
#2518 = CARTESIAN_POINT('',(-2.831610396658,-2.597783794211));
#2519 = CARTESIAN_POINT('',(-2.834807592627,-2.617270057256));
#2520 = CARTESIAN_POINT('',(-2.842003287016,-2.659047022097));
#2521 = CARTESIAN_POINT('',(-2.846047035843,-2.681271121121));
#2522 = CARTESIAN_POINT('',(-2.8502623525,-2.70322576294));
#2523 = CARTESIAN_POINT('',(-2.854648539297,-2.724893946824));
#2524 = CARTESIAN_POINT('',(-2.85920486643,-2.746257874416));
#2525 = CARTESIAN_POINT('',(-2.869821563282,-2.793528428167));
#2526 = CARTESIAN_POINT('',(-2.875975694847,-2.819255966803));
#2527 = CARTESIAN_POINT('',(-2.882391578521,-2.844445651067));
#2528 = CARTESIAN_POINT('',(-2.889067471444,-2.869058637045));
#2529 = CARTESIAN_POINT('',(-2.896001276043,-2.893053151481));
#2530 = CARTESIAN_POINT('',(-2.912575397822,-2.946841199297));
#2531 = CARTESIAN_POINT('',(-2.922397724919,-2.976174907022));
#2532 = CARTESIAN_POINT('',(-2.932649405735,-3.004275772447));
#2533 = CARTESIAN_POINT('',(-2.943320952312,-3.031030408093));
#2534 = CARTESIAN_POINT('',(-2.954401576159,-3.056321457879));
#2535 = CARTESIAN_POINT('',(-2.991328417312,-3.132589213598));
#2536 = CARTESIAN_POINT('',(-3.018913008836,-3.177735912164));
#2537 = CARTESIAN_POINT('',(-3.048233568827,-3.213266384716));
#2538 = CARTESIAN_POINT('',(-3.078799906097,-3.237658605012));
#2539 = CARTESIAN_POINT('',(-3.110097522769,-3.25));
#2540 = CARTESIAN_POINT('',(-3.14159265359,-3.25));
#2541 = ( GEOMETRIC_REPRESENTATION_CONTEXT(2) 
PARAMETRIC_REPRESENTATION_CONTEXT() REPRESENTATION_CONTEXT('2D SPACE',''
  ) );
#2542 = PCURVE('',#2543,#2548);
#2543 = CYLINDRICAL_SURFACE('',#2544,1.25);
#2544 = AXIS2_PLACEMENT_3D('',#2545,#2546,#2547);
#2545 = CARTESIAN_POINT('',(-32.3,0.,11.));
#2546 = DIRECTION('',(1.,0.,0.));
#2547 = DIRECTION('',(-0.,0.,1.));
#2548 = DEFINITIONAL_REPRESENTATION('',(#2549),#2672);
#2549 = B_SPLINE_CURVE_WITH_KNOTS('',6,(#2550,#2551,#2552,#2553,#2554,
    #2555,#2556,#2557,#2558,#2559,#2560,#2561,#2562,#2563,#2564,#2565,
    #2566,#2567,#2568,#2569,#2570,#2571,#2572,#2573,#2574,#2575,#2576,
    #2577,#2578,#2579,#2580,#2581,#2582,#2583,#2584,#2585,#2586,#2587,
    #2588,#2589,#2590,#2591,#2592,#2593,#2594,#2595,#2596,#2597,#2598,
    #2599,#2600,#2601,#2602,#2603,#2604,#2605,#2606,#2607,#2608,#2609,
    #2610,#2611,#2612,#2613,#2614,#2615,#2616,#2617,#2618,#2619,#2620,
    #2621,#2622,#2623,#2624,#2625,#2626,#2627,#2628,#2629,#2630,#2631,
    #2632,#2633,#2634,#2635,#2636,#2637,#2638,#2639,#2640,#2641,#2642,
    #2643,#2644,#2645,#2646,#2647,#2648,#2649,#2650,#2651,#2652,#2653,
    #2654,#2655,#2656,#2657,#2658,#2659,#2660,#2661,#2662,#2663,#2664,
    #2665,#2666,#2667,#2668,#2669,#2670,#2671),.UNSPECIFIED.,.F.,.F.,(7,
    5,5,5,5,5,5,5,5,5,5,5,5,5,5,5,5,5,5,5,5,5,5,5,7),(0.,
    7.514704110183E-02,0.109776894779,0.136402742292,0.157643031111,
    0.174893042784,0.249599061914,0.323520216531,0.34160497163,
    0.362667438207,0.388923582672,0.423198326543,0.468342488231,
    0.546226722986,0.609470956197,0.63617277704,0.657473672209,
    0.674772904505,0.749692087364,0.823824166204,0.841960523756,
    0.863083089292,0.889414152187,0.923786694498,1.),.UNSPECIFIED.);
#2550 = CARTESIAN_POINT('',(0.,0.1));
#2551 = CARTESIAN_POINT('',(8.967837283934E-02,0.1));
#2552 = CARTESIAN_POINT('',(0.178821871558,0.104188615382));
#2553 = CARTESIAN_POINT('',(0.267076041425,0.112472415691));
#2554 = CARTESIAN_POINT('',(0.354058498924,0.124279606182));
#2555 = CARTESIAN_POINT('',(0.439279270592,0.138608600771));
#2556 = CARTESIAN_POINT('',(0.560082548586,0.161617027657));
#2557 = CARTESIAN_POINT('',(0.597778489673,0.169200646451));
#2558 = CARTESIAN_POINT('',(0.635082408811,0.177024997382));
#2559 = CARTESIAN_POINT('',(0.672011389263,0.18500678294));
#2560 = CARTESIAN_POINT('',(0.708579915073,0.193065817465));
#2561 = CARTESIAN_POINT('',(0.772649280658,0.20732448936));
#2562 = CARTESIAN_POINT('',(0.80029769934,0.213524562025));
#2563 = CARTESIAN_POINT('',(0.827756507536,0.219693775512));
#2564 = CARTESIAN_POINT('',(0.855036870313,0.225800983262));
#2565 = CARTESIAN_POINT('',(0.882150291679,0.231817046228));
#2566 = CARTESIAN_POINT('',(0.930614129642,0.242419685608));
#2567 = CARTESIAN_POINT('',(0.9520208207,0.247049252735));
#2568 = CARTESIAN_POINT('',(0.973334611449,0.251589756446));
#2569 = CARTESIAN_POINT('',(0.994561311421,0.256028202697));
#2570 = CARTESIAN_POINT('',(1.015706615986,0.26035238121));
#2571 = CARTESIAN_POINT('',(1.053887406396,0.267960607354));
#2572 = CARTESIAN_POINT('',(1.070948678764,0.271287442814));
#2573 = CARTESIAN_POINT('',(1.087962896671,0.274525246916));
#2574 = CARTESIAN_POINT('',(1.104932949148,0.277668236644));
#2575 = CARTESIAN_POINT('',(1.121861641048,0.280710970895));
#2576 = CARTESIAN_POINT('',(1.211898805745,0.296369497582));
#2577 = CARTESIAN_POINT('',(1.284348047914,0.307119619862));
#2578 = CARTESIAN_POINT('',(1.35628613257,0.315474981524));
#2579 = CARTESIAN_POINT('',(1.427889279096,0.32114547621));
#2580 = CARTESIAN_POINT('',(1.499332073187,0.323981635121));
#2581 = CARTESIAN_POINT('',(1.641509774012,0.323981635121));
#2582 = CARTESIAN_POINT('',(1.712202795074,0.321204746449));
#2583 = CARTESIAN_POINT('',(1.783051107082,0.315652685023));
#2584 = CARTESIAN_POINT('',(1.854223607649,0.307468751434));
#2585 = CARTESIAN_POINT('',(1.925890715583,0.296931216709));
#2586 = CARTESIAN_POINT('',(2.015931126715,0.281392382386));
#2587 = CARTESIAN_POINT('',(2.033671470376,0.278221241842));
#2588 = CARTESIAN_POINT('',(2.051456864031,0.274939108233));
#2589 = CARTESIAN_POINT('',(2.069290531174,0.271552216673));
#2590 = CARTESIAN_POINT('',(2.087175797325,0.268067215592));
#2591 = CARTESIAN_POINT('',(2.126010308045,0.26032631025));
#2592 = CARTESIAN_POINT('',(2.14697913004,0.256037959064));
#2593 = CARTESIAN_POINT('',(2.168027998859,0.251637260955));
#2594 = CARTESIAN_POINT('',(2.189162467977,0.247136121549));
#2595 = CARTESIAN_POINT('',(2.210388201514,0.242547204314));
#2596 = CARTESIAN_POINT('',(2.258291612293,0.232070765766));
#2597 = CARTESIAN_POINT('',(2.285022865937,0.226142078788));
#2598 = CARTESIAN_POINT('',(2.311916082093,0.220123860548));
#2599 = CARTESIAN_POINT('',(2.338982297965,0.214043999918));
#2600 = CARTESIAN_POINT('',(2.366232241033,0.207932283719));
#2601 = CARTESIAN_POINT('',(2.429501813217,0.193841945757));
#2602 = CARTESIAN_POINT('',(2.465666495527,0.185861315575));
#2603 = CARTESIAN_POINT('',(2.502182945064,0.177951268537));
#2604 = CARTESIAN_POINT('',(2.539065628028,0.170189209947));
#2605 = CARTESIAN_POINT('',(2.576331458468,0.162655623945));
#2606 = CARTESIAN_POINT('',(2.663615030053,0.145918756266));
#2607 = CARTESIAN_POINT('',(2.713983284575,0.136933108872));
#2608 = CARTESIAN_POINT('',(2.765023799972,0.128690366637));
#2609 = CARTESIAN_POINT('',(2.81667911498,0.121396070764));
#2610 = CARTESIAN_POINT('',(2.86890855507,0.115232018972));
#2611 = CARTESIAN_POINT('',(3.012726264433,0.101904974947));
#2612 = CARTESIAN_POINT('',(3.105203675953,9.727684941307E-02));
#2613 = CARTESIAN_POINT('',(3.198134541791,9.724287661144E-02));
#2614 = CARTESIAN_POINT('',(3.290746295485,0.101997518388));
#2615 = CARTESIAN_POINT('',(3.382229002782,0.110897777548));
#2616 = CARTESIAN_POINT('',(3.543917916455,0.132541242181));
#2617 = CARTESIAN_POINT('',(3.614970898486,0.144258340835));
#2618 = CARTESIAN_POINT('',(3.684712027207,0.157505507764));
#2619 = CARTESIAN_POINT('',(3.753194928142,0.171746398451));
#2620 = CARTESIAN_POINT('',(3.820432052954,0.18644704964));
#2621 = CARTESIAN_POINT('',(3.914241934247,0.20732448936));
#2622 = CARTESIAN_POINT('',(3.94189035293,0.213524562025));
#2623 = CARTESIAN_POINT('',(3.969349161126,0.219693775512));
#2624 = CARTESIAN_POINT('',(3.996629523903,0.225800983262));
#2625 = CARTESIAN_POINT('',(4.023742945268,0.231817046228));
#2626 = CARTESIAN_POINT('',(4.072206783232,0.242419685608));
#2627 = CARTESIAN_POINT('',(4.09361347429,0.247049252735));
#2628 = CARTESIAN_POINT('',(4.114927265039,0.251589756446));
#2629 = CARTESIAN_POINT('',(4.13615396501,0.256028202697));
#2630 = CARTESIAN_POINT('',(4.157299269576,0.26035238121));
#2631 = CARTESIAN_POINT('',(4.195480059985,0.267960607354));
#2632 = CARTESIAN_POINT('',(4.212541332354,0.271287442814));
#2633 = CARTESIAN_POINT('',(4.229555550261,0.274525246916));
#2634 = CARTESIAN_POINT('',(4.246525602738,0.277668236644));
#2635 = CARTESIAN_POINT('',(4.263454294638,0.280710970895));
#2636 = CARTESIAN_POINT('',(4.353491459334,0.296369497582));
#2637 = CARTESIAN_POINT('',(4.425940701504,0.307119619862));
#2638 = CARTESIAN_POINT('',(4.49787878616,0.315474981523));
#2639 = CARTESIAN_POINT('',(4.569481932685,0.32114547621));
#2640 = CARTESIAN_POINT('',(4.640924726777,0.323981635121));
#2641 = CARTESIAN_POINT('',(4.783102427602,0.323981635121));
#2642 = CARTESIAN_POINT('',(4.853795448663,0.321204746449));
#2643 = CARTESIAN_POINT('',(4.924643760672,0.315652685023));
#2644 = CARTESIAN_POINT('',(4.995816261238,0.307468751434));
#2645 = CARTESIAN_POINT('',(5.067483369173,0.296931216709));
#2646 = CARTESIAN_POINT('',(5.157523780305,0.281392382386));
#2647 = CARTESIAN_POINT('',(5.175264123965,0.278221241842));
#2648 = CARTESIAN_POINT('',(5.193049517621,0.274939108233));
#2649 = CARTESIAN_POINT('',(5.210883184764,0.271552216673));
#2650 = CARTESIAN_POINT('',(5.228768450915,0.268067215592));
#2651 = CARTESIAN_POINT('',(5.267602961635,0.26032631025));
#2652 = CARTESIAN_POINT('',(5.28857178363,0.256037959064));
#2653 = CARTESIAN_POINT('',(5.309620652448,0.251637260955));
#2654 = CARTESIAN_POINT('',(5.330755121567,0.247136121549));
#2655 = CARTESIAN_POINT('',(5.351980855104,0.242547204314));
#2656 = CARTESIAN_POINT('',(5.399884265883,0.232070765766));
#2657 = CARTESIAN_POINT('',(5.426615519527,0.226142078788));
#2658 = CARTESIAN_POINT('',(5.453508735682,0.220123860548));
#2659 = CARTESIAN_POINT('',(5.480574951554,0.214043999918));
#2660 = CARTESIAN_POINT('',(5.507824894623,0.207932283719));
#2661 = CARTESIAN_POINT('',(5.571094466807,0.193841945757));
#2662 = CARTESIAN_POINT('',(5.607259149117,0.185861315575));
#2663 = CARTESIAN_POINT('',(5.643775598653,0.177951268537));
#2664 = CARTESIAN_POINT('',(5.680658281618,0.170189209947));
#2665 = CARTESIAN_POINT('',(5.717924112058,0.162655623945));
#2666 = CARTESIAN_POINT('',(5.839115211587,0.13941689345));
#2667 = CARTESIAN_POINT('',(5.925220535122,0.124812320041));
#2668 = CARTESIAN_POINT('',(6.013128229063,0.112754897671));
#2669 = CARTESIAN_POINT('',(6.102342578637,0.104285156236));
#2670 = CARTESIAN_POINT('',(6.192479330415,0.1));
#2671 = CARTESIAN_POINT('',(6.28318530718,0.1));
#2672 = ( GEOMETRIC_REPRESENTATION_CONTEXT(2) 
PARAMETRIC_REPRESENTATION_CONTEXT() REPRESENTATION_CONTEXT('2D SPACE',''
  ) );
#2673 = ADVANCED_FACE('',(#2674),#1015,.F.);
#2674 = FACE_BOUND('',#2675,.F.);
#2675 = EDGE_LOOP('',(#2676,#2677));
#2676 = ORIENTED_EDGE('',*,*,#1000,.F.);
#2677 = ORIENTED_EDGE('',*,*,#2262,.T.);
#2678 = ADVANCED_FACE('',(#2679,#2729),#1066,.T.);
#2679 = FACE_BOUND('',#2680,.T.);
#2680 = EDGE_LOOP('',(#2681,#2682,#2702,#2728));
#2681 = ORIENTED_EDGE('',*,*,#1050,.T.);
#2682 = ORIENTED_EDGE('',*,*,#2683,.T.);
#2683 = EDGE_CURVE('',#1051,#2684,#2686,.T.);
#2684 = VERTEX_POINT('',#2685);
#2685 = CARTESIAN_POINT('',(32.2,40.6,26.74));
#2686 = SURFACE_CURVE('',#2687,(#2690,#2696),.PCURVE_S1.);
#2687 = B_SPLINE_CURVE_WITH_KNOTS('',1,(#2688,#2689),.UNSPECIFIED.,.F.,
  .F.,(2,2),(0.,1.),.PIECEWISE_BEZIER_KNOTS.);
#2688 = CARTESIAN_POINT('',(28.6,40.6,23.14));
#2689 = CARTESIAN_POINT('',(32.2,40.6,26.74));
#2690 = PCURVE('',#1066,#2691);
#2691 = DEFINITIONAL_REPRESENTATION('',(#2692),#2695);
#2692 = B_SPLINE_CURVE_WITH_KNOTS('',1,(#2693,#2694),.UNSPECIFIED.,.F.,
  .F.,(2,2),(0.,1.),.PIECEWISE_BEZIER_KNOTS.);
#2693 = CARTESIAN_POINT('',(88.8,-5.091168824543));
#2694 = CARTESIAN_POINT('',(88.8,0.));
#2695 = ( GEOMETRIC_REPRESENTATION_CONTEXT(2) 
PARAMETRIC_REPRESENTATION_CONTEXT() REPRESENTATION_CONTEXT('2D SPACE',''
  ) );
#2696 = PCURVE('',#1449,#2697);
#2697 = DEFINITIONAL_REPRESENTATION('',(#2698),#2701);
#2698 = B_SPLINE_CURVE_WITH_KNOTS('',1,(#2699,#2700),.UNSPECIFIED.,.F.,
  .F.,(2,2),(0.,1.),.PIECEWISE_BEZIER_KNOTS.);
#2699 = CARTESIAN_POINT('',(1.570796326795,0.));
#2700 = CARTESIAN_POINT('',(1.570796326795,3.6));
#2701 = ( GEOMETRIC_REPRESENTATION_CONTEXT(2) 
PARAMETRIC_REPRESENTATION_CONTEXT() REPRESENTATION_CONTEXT('2D SPACE',''
  ) );
#2702 = ORIENTED_EDGE('',*,*,#2703,.F.);
#2703 = EDGE_CURVE('',#1973,#2684,#2704,.T.);
#2704 = SURFACE_CURVE('',#2705,(#2709,#2716),.PCURVE_S1.);
#2705 = LINE('',#2706,#2707);
#2706 = CARTESIAN_POINT('',(32.2,-48.2,26.74));
#2707 = VECTOR('',#2708,1.);
#2708 = DIRECTION('',(0.,1.,0.));
#2709 = PCURVE('',#1066,#2710);
#2710 = DEFINITIONAL_REPRESENTATION('',(#2711),#2715);
#2711 = LINE('',#2712,#2713);
#2712 = CARTESIAN_POINT('',(0.,0.));
#2713 = VECTOR('',#2714,1.);
#2714 = DIRECTION('',(1.,0.));
#2715 = ( GEOMETRIC_REPRESENTATION_CONTEXT(2) 
PARAMETRIC_REPRESENTATION_CONTEXT() REPRESENTATION_CONTEXT('2D SPACE',''
  ) );
#2716 = PCURVE('',#2717,#2722);
#2717 = PLANE('',#2718);
#2718 = AXIS2_PLACEMENT_3D('',#2719,#2720,#2721);
#2719 = CARTESIAN_POINT('',(32.2,-48.2,26.74));
#2720 = DIRECTION('',(-1.,0.,0.));
#2721 = DIRECTION('',(0.,1.,0.));
#2722 = DEFINITIONAL_REPRESENTATION('',(#2723),#2727);
#2723 = LINE('',#2724,#2725);
#2724 = CARTESIAN_POINT('',(0.,0.));
#2725 = VECTOR('',#2726,1.);
#2726 = DIRECTION('',(1.,0.));
#2727 = ( GEOMETRIC_REPRESENTATION_CONTEXT(2) 
PARAMETRIC_REPRESENTATION_CONTEXT() REPRESENTATION_CONTEXT('2D SPACE',''
  ) );
#2728 = ORIENTED_EDGE('',*,*,#1972,.F.);
#2729 = FACE_BOUND('',#2730,.T.);
#2730 = EDGE_LOOP('',(#2731,#2765,#2792));
#2731 = ORIENTED_EDGE('',*,*,#2732,.F.);
#2732 = EDGE_CURVE('',#2733,#2735,#2737,.T.);
#2733 = VERTEX_POINT('',#2734);
#2734 = CARTESIAN_POINT('',(29.2,20.484431524514,23.74));
#2735 = VERTEX_POINT('',#2736);
#2736 = CARTESIAN_POINT('',(29.46,18.,24.));
#2737 = SURFACE_CURVE('',#2738,(#2743,#2750),.PCURVE_S1.);
#2738 = ELLIPSE('',#2739,16.970562748477,12.);
#2739 = AXIS2_PLACEMENT_3D('',#2740,#2741,#2742);
#2740 = CARTESIAN_POINT('',(17.46,18.,12.));
#2741 = DIRECTION('',(0.707106781187,0.,-0.707106781187));
#2742 = DIRECTION('',(-0.707106781187,0.,-0.707106781187));
#2743 = PCURVE('',#1066,#2744);
#2744 = DEFINITIONAL_REPRESENTATION('',(#2745),#2749);
#2745 = ELLIPSE('',#2746,16.970562748477,12.);
#2746 = AXIS2_PLACEMENT_2D('',#2747,#2748);
#2747 = CARTESIAN_POINT('',(66.2,-20.84550790937));
#2748 = DIRECTION('',(0.,-1.));
#2749 = ( GEOMETRIC_REPRESENTATION_CONTEXT(2) 
PARAMETRIC_REPRESENTATION_CONTEXT() REPRESENTATION_CONTEXT('2D SPACE',''
  ) );
#2750 = PCURVE('',#2751,#2756);
#2751 = CYLINDRICAL_SURFACE('',#2752,12.);
#2752 = AXIS2_PLACEMENT_3D('',#2753,#2754,#2755);
#2753 = CARTESIAN_POINT('',(29.2,18.,12.));
#2754 = DIRECTION('',(-1.,-0.,-1.110223024625E-16));
#2755 = DIRECTION('',(1.110223024625E-16,0.,-1.));
#2756 = DEFINITIONAL_REPRESENTATION('',(#2757),#2764);
#2757 = B_SPLINE_CURVE_WITH_KNOTS('',5,(#2758,#2759,#2760,#2761,#2762,
    #2763),.UNSPECIFIED.,.F.,.F.,(6,6),(2.933048111575,3.14159265359),
  .PIECEWISE_BEZIER_KNOTS.);
#2758 = CARTESIAN_POINT('',(-2.933048111575,5.999999928008E-07));
#2759 = CARTESIAN_POINT('',(-2.974757019978,-0.103622445145));
#2760 = CARTESIAN_POINT('',(-3.016465928381,-0.181716406525));
#2761 = CARTESIAN_POINT('',(-3.058174836784,-0.233905534266));
#2762 = CARTESIAN_POINT('',(-3.099883745187,-0.26));
#2763 = CARTESIAN_POINT('',(-3.14159265359,-0.26));
#2764 = ( GEOMETRIC_REPRESENTATION_CONTEXT(2) 
PARAMETRIC_REPRESENTATION_CONTEXT() REPRESENTATION_CONTEXT('2D SPACE',''
  ) );
#2765 = ORIENTED_EDGE('',*,*,#2766,.T.);
#2766 = EDGE_CURVE('',#2733,#2767,#2769,.T.);
#2767 = VERTEX_POINT('',#2768);
#2768 = CARTESIAN_POINT('',(29.049473684211,18.,23.589473684211));
#2769 = SURFACE_CURVE('',#2770,(#2775,#2782),.PCURVE_S1.);
#2770 = HYPERBOLA('',#2771,4.397314622311,7.889483746539);
#2771 = AXIS2_PLACEMENT_3D('',#2772,#2773,#2774);
#2772 = CARTESIAN_POINT('',(25.940102695764,18.,20.480102695764));
#2773 = DIRECTION('',(0.707106781187,0.,-0.707106781187));
#2774 = DIRECTION('',(0.707106781187,0.,0.707106781187));
#2775 = PCURVE('',#1066,#2776);
#2776 = DEFINITIONAL_REPRESENTATION('',(#2777),#2781);
#2777 = ( BOUNDED_CURVE() B_SPLINE_CURVE(2,(#2778,#2779,#2780),
.UNSPECIFIED.,.F.,.F.) B_SPLINE_CURVE_WITH_KNOTS((3,3),(-0.30991903612,
0.),.PIECEWISE_BEZIER_KNOTS.) CURVE() GEOMETRIC_REPRESENTATION_ITEM() 
RATIONAL_B_SPLINE_CURVE((1.,1.012030270268,1.)) REPRESENTATION_ITEM('') 
  );
#2778 = CARTESIAN_POINT('',(68.684431524514,-4.242640687119));
#2779 = CARTESIAN_POINT('',(67.412858204447,-4.455517044403));
#2780 = CARTESIAN_POINT('',(66.2,-4.455517044403));
#2781 = ( GEOMETRIC_REPRESENTATION_CONTEXT(2) 
PARAMETRIC_REPRESENTATION_CONTEXT() REPRESENTATION_CONTEXT('2D SPACE',''
  ) );
#2782 = PCURVE('',#1286,#2783);
#2783 = DEFINITIONAL_REPRESENTATION('',(#2784),#2791);
#2784 = B_SPLINE_CURVE_WITH_KNOTS('',5,(#2785,#2786,#2787,#2788,#2789,
    #2790),.UNSPECIFIED.,.F.,.F.,(6,6),(-0.30991903612,0.),
  .PIECEWISE_BEZIER_KNOTS.);
#2785 = CARTESIAN_POINT('',(2.933048353079,1.1));
#2786 = CARTESIAN_POINT('',(2.973800039716,1.03930830929));
#2787 = CARTESIAN_POINT('',(3.015254307627,0.994272159124));
#2788 = CARTESIAN_POINT('',(3.057202192692,0.964406324016));
#2789 = CARTESIAN_POINT('',(3.099397446718,0.949473684211));
#2790 = CARTESIAN_POINT('',(3.14159265359,0.949473684211));
#2791 = ( GEOMETRIC_REPRESENTATION_CONTEXT(2) 
PARAMETRIC_REPRESENTATION_CONTEXT() REPRESENTATION_CONTEXT('2D SPACE',''
  ) );
#2792 = ORIENTED_EDGE('',*,*,#2793,.T.);
#2793 = EDGE_CURVE('',#2767,#2735,#2794,.T.);
#2794 = SURFACE_CURVE('',#2795,(#2799,#2805),.PCURVE_S1.);
#2795 = LINE('',#2796,#2797);
#2796 = CARTESIAN_POINT('',(30.615,18.,25.155));
#2797 = VECTOR('',#2798,1.);
#2798 = DIRECTION('',(0.707106781187,-0.,0.707106781187));
#2799 = PCURVE('',#1066,#2800);
#2800 = DEFINITIONAL_REPRESENTATION('',(#2801),#2804);
#2801 = B_SPLINE_CURVE_WITH_KNOTS('',1,(#2802,#2803),.UNSPECIFIED.,.F.,
  .F.,(2,2),(-2.849640328182,-1.633416664541),.PIECEWISE_BEZIER_KNOTS.);
#2802 = CARTESIAN_POINT('',(66.2,-5.091168824543));
#2803 = CARTESIAN_POINT('',(66.2,-3.874945160902));
#2804 = ( GEOMETRIC_REPRESENTATION_CONTEXT(2) 
PARAMETRIC_REPRESENTATION_CONTEXT() REPRESENTATION_CONTEXT('2D SPACE',''
  ) );
#2805 = PCURVE('',#1313,#2806);
#2806 = DEFINITIONAL_REPRESENTATION('',(#2807),#2810);
#2807 = B_SPLINE_CURVE_WITH_KNOTS('',1,(#2808,#2809),.UNSPECIFIED.,.F.,
  .F.,(2,2),(-2.849640328182,-1.633416664541),.PIECEWISE_BEZIER_KNOTS.);
#2808 = CARTESIAN_POINT('',(1.,1.86));
#2809 = CARTESIAN_POINT('',(1.86,1.));
#2810 = ( GEOMETRIC_REPRESENTATION_CONTEXT(2) 
PARAMETRIC_REPRESENTATION_CONTEXT() REPRESENTATION_CONTEXT('2D SPACE',''
  ) );
#2811 = ADVANCED_FACE('',(#2812),#1118,.T.);
#2812 = FACE_BOUND('',#2813,.T.);
#2813 = EDGE_LOOP('',(#2814,#2836));
#2814 = ORIENTED_EDGE('',*,*,#2815,.T.);
#2815 = EDGE_CURVE('',#1102,#1104,#2816,.T.);
#2816 = SURFACE_CURVE('',#2817,(#2822,#2829),.PCURVE_S1.);
#2817 = CIRCLE('',#2818,3.6);
#2818 = AXIS2_PLACEMENT_3D('',#2819,#2820,#2821);
#2819 = CARTESIAN_POINT('',(28.6,0.,23.));
#2820 = DIRECTION('',(0.,0.,1.));
#2821 = DIRECTION('',(0.,-1.,0.));
#2822 = PCURVE('',#1118,#2823);
#2823 = DEFINITIONAL_REPRESENTATION('',(#2824),#2828);
#2824 = CIRCLE('',#2825,3.6);
#2825 = AXIS2_PLACEMENT_2D('',#2826,#2827);
#2826 = CARTESIAN_POINT('',(0.,-4.296462473279E-17));
#2827 = DIRECTION('',(0.,-1.));
#2828 = ( GEOMETRIC_REPRESENTATION_CONTEXT(2) 
PARAMETRIC_REPRESENTATION_CONTEXT() REPRESENTATION_CONTEXT('2D SPACE',''
  ) );
#2829 = PCURVE('',#1144,#2830);
#2830 = DEFINITIONAL_REPRESENTATION('',(#2831),#2835);
#2831 = LINE('',#2832,#2833);
#2832 = CARTESIAN_POINT('',(-4.712388980385,-14.));
#2833 = VECTOR('',#2834,1.);
#2834 = DIRECTION('',(-1.,0.));
#2835 = ( GEOMETRIC_REPRESENTATION_CONTEXT(2) 
PARAMETRIC_REPRESENTATION_CONTEXT() REPRESENTATION_CONTEXT('2D SPACE',''
  ) );
#2836 = ORIENTED_EDGE('',*,*,#1101,.F.);
#2837 = ADVANCED_FACE('',(#2838,#2865),#1144,.T.);
#2838 = FACE_BOUND('',#2839,.F.);
#2839 = EDGE_LOOP('',(#2840,#2862,#2863,#2864));
#2840 = ORIENTED_EDGE('',*,*,#2841,.F.);
#2841 = EDGE_CURVE('',#1130,#1156,#2842,.T.);
#2842 = SURFACE_CURVE('',#2843,(#2848,#2855),.PCURVE_S1.);
#2843 = CIRCLE('',#2844,3.6);
#2844 = AXIS2_PLACEMENT_3D('',#2845,#2846,#2847);
#2845 = CARTESIAN_POINT('',(28.6,0.,9.));
#2846 = DIRECTION('',(0.,0.,1.));
#2847 = DIRECTION('',(0.,-1.,0.));
#2848 = PCURVE('',#1144,#2849);
#2849 = DEFINITIONAL_REPRESENTATION('',(#2850),#2854);
#2850 = LINE('',#2851,#2852);
#2851 = CARTESIAN_POINT('',(-4.712388980385,0.));
#2852 = VECTOR('',#2853,1.);
#2853 = DIRECTION('',(-1.,0.));
#2854 = ( GEOMETRIC_REPRESENTATION_CONTEXT(2) 
PARAMETRIC_REPRESENTATION_CONTEXT() REPRESENTATION_CONTEXT('2D SPACE',''
  ) );
#2855 = PCURVE('',#1170,#2856);
#2856 = DEFINITIONAL_REPRESENTATION('',(#2857),#2861);
#2857 = CIRCLE('',#2858,3.6);
#2858 = AXIS2_PLACEMENT_2D('',#2859,#2860);
#2859 = CARTESIAN_POINT('',(0.,-4.296462473279E-17));
#2860 = DIRECTION('',(0.,-1.));
#2861 = ( GEOMETRIC_REPRESENTATION_CONTEXT(2) 
PARAMETRIC_REPRESENTATION_CONTEXT() REPRESENTATION_CONTEXT('2D SPACE',''
  ) );
#2862 = ORIENTED_EDGE('',*,*,#1129,.F.);
#2863 = ORIENTED_EDGE('',*,*,#2815,.T.);
#2864 = ORIENTED_EDGE('',*,*,#1181,.T.);
#2865 = FACE_BOUND('',#2866,.F.);
#2866 = EDGE_LOOP('',(#2867));
#2867 = ORIENTED_EDGE('',*,*,#2868,.F.);
#2868 = EDGE_CURVE('',#2869,#2869,#2871,.T.);
#2869 = VERTEX_POINT('',#2870);
#2870 = CARTESIAN_POINT('',(32.2,3.061616997868E-16,12.25));
#2871 = SURFACE_CURVE('',#2872,(#2995,#3178),.PCURVE_S1.);
#2872 = B_SPLINE_CURVE_WITH_KNOTS('',6,(#2873,#2874,#2875,#2876,#2877,
    #2878,#2879,#2880,#2881,#2882,#2883,#2884,#2885,#2886,#2887,#2888,
    #2889,#2890,#2891,#2892,#2893,#2894,#2895,#2896,#2897,#2898,#2899,
    #2900,#2901,#2902,#2903,#2904,#2905,#2906,#2907,#2908,#2909,#2910,
    #2911,#2912,#2913,#2914,#2915,#2916,#2917,#2918,#2919,#2920,#2921,
    #2922,#2923,#2924,#2925,#2926,#2927,#2928,#2929,#2930,#2931,#2932,
    #2933,#2934,#2935,#2936,#2937,#2938,#2939,#2940,#2941,#2942,#2943,
    #2944,#2945,#2946,#2947,#2948,#2949,#2950,#2951,#2952,#2953,#2954,
    #2955,#2956,#2957,#2958,#2959,#2960,#2961,#2962,#2963,#2964,#2965,
    #2966,#2967,#2968,#2969,#2970,#2971,#2972,#2973,#2974,#2975,#2976,
    #2977,#2978,#2979,#2980,#2981,#2982,#2983,#2984,#2985,#2986,#2987,
    #2988,#2989,#2990,#2991,#2992,#2993,#2994),.UNSPECIFIED.,.T.,.F.,(7,
    5,5,5,5,5,5,5,5,5,5,5,5,5,5,5,5,5,5,5,5,5,5,5,7),(0.,0.152238087756,
    0.22089814755,0.273495140127,0.315688021862,0.351915874392,
    0.499996657002,0.649649700649,0.684205373404,0.726754473285,
    0.78009206464,0.849463489649,1.,1.152261473729,1.220932080702,
    1.273537152937,1.31573651611,1.351969933762,1.500073463723,
    1.649749496243,1.684310477249,1.726866113288,1.780211898069,
    1.849593979533,2.00015361447),.UNSPECIFIED.);
#2873 = CARTESIAN_POINT('',(32.2,-2.877919977996E-16,12.25));
#2874 = CARTESIAN_POINT('',(32.2,0.113382470956,12.25));
#2875 = CARTESIAN_POINT('',(32.195714843764,0.22605368285,
    12.237658605012));
#2876 = CARTESIAN_POINT('',(32.187245102329,0.335891101956,
    12.213266384716));
#2877 = CARTESIAN_POINT('',(32.175187679959,0.440847478861,
    12.177735912164));
#2878 = CARTESIAN_POINT('',(32.16058310655,0.539111871319,
    12.132589213598));
#2879 = CARTESIAN_POINT('',(32.137344376055,0.670001551997,
    12.056321457879));
#2880 = CARTESIAN_POINT('',(32.129810790053,0.709178089081,
    12.031030408093));
#2881 = CARTESIAN_POINT('',(32.122048731463,0.746808383767,
    12.004275772447));
#2882 = CARTESIAN_POINT('',(32.114138684425,0.782860817414,
    11.976174907022));
#2883 = CARTESIAN_POINT('',(32.106158054243,0.817310930961,
    11.946841199297));
#2884 = CARTESIAN_POINT('',(32.092067716281,0.875290185712,
    11.893053151481));
#2885 = CARTESIAN_POINT('',(32.085956000082,0.899493107842,
    11.869058637045));
#2886 = CARTESIAN_POINT('',(32.079876139452,0.922745854577,
    11.844445651067));
#2887 = CARTESIAN_POINT('',(32.073857921212,0.94504622908,
    11.819255966803));
#2888 = CARTESIAN_POINT('',(32.067929234234,0.966393598549,
    11.793528428167));
#2889 = CARTESIAN_POINT('',(32.057452795686,1.003149835327,
    11.746257874416));
#2890 = CARTESIAN_POINT('',(32.052863878451,1.018897912727,
    11.724893946824));
#2891 = CARTESIAN_POINT('',(32.048362739045,1.034033419216,
    11.70322576294));
#2892 = CARTESIAN_POINT('',(32.043962040936,1.04855675508,
    11.681271121121));
#2893 = CARTESIAN_POINT('',(32.03967368975,1.062468428098,
    11.659047022097));
#2894 = CARTESIAN_POINT('',(32.031932784408,1.087189299732,
    11.617270057256));
#2895 = CARTESIAN_POINT('',(32.028447783327,1.098159025404,
    11.597783794211));
#2896 = CARTESIAN_POINT('',(32.025060891767,1.108678585989,11.5781211657
    ));
#2897 = CARTESIAN_POINT('',(32.021778758158,1.118748302975,
    11.558292194246));
#2898 = CARTESIAN_POINT('',(32.018607617614,1.128368463909,
    11.538306639027));
#2899 = CARTESIAN_POINT('',(32.003068783291,1.175025063536,
    11.43588213076));
#2900 = CARTESIAN_POINT('',(31.992531248566,1.205017092232,
    11.351103850023));
#2901 = CARTESIAN_POINT('',(31.984347314977,1.22750668522,
    11.264522958062));
#2902 = CARTESIAN_POINT('',(31.978795253551,1.242499225316,
    11.176758070248));
#2903 = CARTESIAN_POINT('',(31.976018364879,1.25,11.088391809022));
#2904 = CARTESIAN_POINT('',(31.976018364879,1.25,10.910669682991));
#2905 = CARTESIAN_POINT('',(31.97885452379,1.242339092453,
    10.821366205611));
#2906 = CARTESIAN_POINT('',(31.984525018476,1.22702683973,
    10.732683382086));
#2907 = CARTESIAN_POINT('',(31.992880380138,1.20405754099,
    10.645222197641));
#2908 = CARTESIAN_POINT('',(32.003630502418,1.173425347465,
    10.559621628225));
#2909 = CARTESIAN_POINT('',(32.019289029105,1.126298946492,
    10.457416897119));
#2910 = CARTESIAN_POINT('',(32.022331763356,1.117049702372,
    10.438379659988));
#2911 = CARTESIAN_POINT('',(32.025474753084,1.107391420343,
    10.419486015016));
#2912 = CARTESIAN_POINT('',(32.028712557186,1.097323847955,
    10.400744448621));
#2913 = CARTESIAN_POINT('',(32.032039392646,1.086846705324,
    10.382163667468));
#2914 = CARTESIAN_POINT('',(32.03964761879,1.062554276638,
    10.341082676241));
#2915 = CARTESIAN_POINT('',(32.043971797303,1.048527479065,
    10.318670139501));
#2916 = CARTESIAN_POINT('',(32.048410243554,1.033878660086,
    10.296531598093));
#2917 = CARTESIAN_POINT('',(32.052950747265,1.018607299117,
    10.274684487434));
#2918 = CARTESIAN_POINT('',(32.057580314392,1.002712987323,
    10.253147068514));
#2919 = CARTESIAN_POINT('',(32.068182953772,0.965489775747,
    10.20535225311));
#2920 = CARTESIAN_POINT('',(32.074199016738,0.943805075594,
    10.179282970523));
#2921 = CARTESIAN_POINT('',(32.080306224488,0.921140345381,
    10.153768059974));
#2922 = CARTESIAN_POINT('',(32.086475437975,0.897496283892,
    10.128848111229));
#2923 = CARTESIAN_POINT('',(32.09267551064,0.872875270481,
    10.104566823981));
#2924 = CARTESIAN_POINT('',(32.106934182535,0.813993666,10.050282044449)
  );
#2925 = CARTESIAN_POINT('',(32.11499321706,0.779052237519,
    10.020745038822));
#2926 = CARTESIAN_POINT('',(32.122975002618,0.742476237078,
    9.992474111367));
#2927 = CARTESIAN_POINT('',(32.130799353549,0.704291803609,
    9.965586894849));
#2928 = CARTESIAN_POINT('',(32.138382972343,0.664532654495,
    9.940204987684));
#2929 = CARTESIAN_POINT('',(32.161391399229,0.533636795031,
    9.864915470253));
#2930 = CARTESIAN_POINT('',(32.175720393818,0.436181598737,
    9.820694049054));
#2931 = CARTESIAN_POINT('',(32.187527584309,0.332221299064,
    9.785920086343));
#2932 = CARTESIAN_POINT('',(32.195811384618,0.223527593405,
    9.762063350457));
#2933 = CARTESIAN_POINT('',(32.2,0.112097966049,9.75));
#2934 = CARTESIAN_POINT('',(32.2,-0.113382470956,9.75));
#2935 = CARTESIAN_POINT('',(32.195714843764,-0.22605368285,
    9.762341394988));
#2936 = CARTESIAN_POINT('',(32.187245102329,-0.335891101956,
    9.786733615284));
#2937 = CARTESIAN_POINT('',(32.175187679959,-0.440847478861,
    9.822264087836));
#2938 = CARTESIAN_POINT('',(32.16058310655,-0.539111871319,
    9.867410786402));
#2939 = CARTESIAN_POINT('',(32.137344376055,-0.670001551997,
    9.943678542121));
#2940 = CARTESIAN_POINT('',(32.129810790053,-0.709178089081,
    9.968969591907));
#2941 = CARTESIAN_POINT('',(32.122048731463,-0.746808383767,
    9.995724227553));
#2942 = CARTESIAN_POINT('',(32.114138684425,-0.782860817414,
    10.023825092978));
#2943 = CARTESIAN_POINT('',(32.106158054243,-0.817310930961,
    10.053158800703));
#2944 = CARTESIAN_POINT('',(32.092067716281,-0.875290185712,
    10.106946848519));
#2945 = CARTESIAN_POINT('',(32.085956000082,-0.899493107842,
    10.130941362955));
#2946 = CARTESIAN_POINT('',(32.079876139452,-0.922745854577,
    10.155554348933));
#2947 = CARTESIAN_POINT('',(32.073857921212,-0.94504622908,
    10.180744033197));
#2948 = CARTESIAN_POINT('',(32.067929234234,-0.966393598548,
    10.206471571833));
#2949 = CARTESIAN_POINT('',(32.057452795686,-1.003149835327,
    10.253742125584));
#2950 = CARTESIAN_POINT('',(32.052863878451,-1.018897912727,
    10.275106053176));
#2951 = CARTESIAN_POINT('',(32.048362739045,-1.034033419216,
    10.29677423706));
#2952 = CARTESIAN_POINT('',(32.043962040936,-1.04855675508,
    10.318728878879));
#2953 = CARTESIAN_POINT('',(32.03967368975,-1.062468428098,
    10.340952977903));
#2954 = CARTESIAN_POINT('',(32.031932784408,-1.087189299732,
    10.382729942744));
#2955 = CARTESIAN_POINT('',(32.028447783327,-1.098159025404,
    10.402216205789));
#2956 = CARTESIAN_POINT('',(32.025060891767,-1.108678585989,
    10.4218788343));
#2957 = CARTESIAN_POINT('',(32.021778758158,-1.118748302975,
    10.441707805754));
#2958 = CARTESIAN_POINT('',(32.018607617614,-1.128368463909,
    10.461693360973));
#2959 = CARTESIAN_POINT('',(32.003068783291,-1.175025063536,
    10.56411786924));
#2960 = CARTESIAN_POINT('',(31.992531248566,-1.205017092232,
    10.648896149977));
#2961 = CARTESIAN_POINT('',(31.984347314977,-1.22750668522,
    10.735477041938));
#2962 = CARTESIAN_POINT('',(31.978795253551,-1.242499225316,
    10.823241929752));
#2963 = CARTESIAN_POINT('',(31.976018364879,-1.25,10.911608190978));
#2964 = CARTESIAN_POINT('',(31.976018364879,-1.25,11.089330317009));
#2965 = CARTESIAN_POINT('',(31.97885452379,-1.242339092453,
    11.178633794389));
#2966 = CARTESIAN_POINT('',(31.984525018476,-1.22702683973,
    11.267316617914));
#2967 = CARTESIAN_POINT('',(31.992880380138,-1.20405754099,
    11.354777802359));
#2968 = CARTESIAN_POINT('',(32.003630502418,-1.173425347464,
    11.440378371775));
#2969 = CARTESIAN_POINT('',(32.019289029105,-1.126298946492,
    11.542583102882));
#2970 = CARTESIAN_POINT('',(32.022331763356,-1.117049702372,
    11.561620340012));
#2971 = CARTESIAN_POINT('',(32.025474753084,-1.107391420343,
    11.580513984984));
#2972 = CARTESIAN_POINT('',(32.028712557186,-1.097323847955,
    11.599255551379));
#2973 = CARTESIAN_POINT('',(32.032039392646,-1.086846705324,
    11.617836332532));
#2974 = CARTESIAN_POINT('',(32.03964761879,-1.062554276638,
    11.658917323759));
#2975 = CARTESIAN_POINT('',(32.043971797303,-1.048527479065,
    11.681329860499));
#2976 = CARTESIAN_POINT('',(32.048410243554,-1.033878660086,
    11.703468401907));
#2977 = CARTESIAN_POINT('',(32.052950747265,-1.018607299117,
    11.725315512566));
#2978 = CARTESIAN_POINT('',(32.057580314392,-1.002712987323,
    11.746852931486));
#2979 = CARTESIAN_POINT('',(32.068182953772,-0.965489775747,
    11.79464774689));
#2980 = CARTESIAN_POINT('',(32.074199016738,-0.943805075594,
    11.820717029477));
#2981 = CARTESIAN_POINT('',(32.080306224488,-0.921140345381,
    11.846231940026));
#2982 = CARTESIAN_POINT('',(32.086475437975,-0.897496283892,
    11.871151888771));
#2983 = CARTESIAN_POINT('',(32.09267551064,-0.872875270481,
    11.895433176019));
#2984 = CARTESIAN_POINT('',(32.106934182535,-0.813993666,11.949717955551
    ));
#2985 = CARTESIAN_POINT('',(32.11499321706,-0.779052237519,
    11.979254961178));
#2986 = CARTESIAN_POINT('',(32.122975002618,-0.742476237078,
    12.007525888633));
#2987 = CARTESIAN_POINT('',(32.130799353549,-0.704291803609,
    12.034413105151));
#2988 = CARTESIAN_POINT('',(32.138382972343,-0.664532654495,
    12.059795012316));
#2989 = CARTESIAN_POINT('',(32.161391399229,-0.533636795031,
    12.135084529747));
#2990 = CARTESIAN_POINT('',(32.175720393818,-0.436181598737,
    12.179305950946));
#2991 = CARTESIAN_POINT('',(32.187527584309,-0.332221299064,
    12.214079913657));
#2992 = CARTESIAN_POINT('',(32.195811384618,-0.223527593405,
    12.237936649543));
#2993 = CARTESIAN_POINT('',(32.2,-0.112097966049,12.25));
#2994 = CARTESIAN_POINT('',(32.2,-2.22044604925E-16,12.25));
#2995 = PCURVE('',#1144,#2996);
#2996 = DEFINITIONAL_REPRESENTATION('',(#2997),#3177);
#2997 = B_SPLINE_CURVE_WITH_KNOTS('',3,(#2998,#2999,#3000,#3001,#3002,
    #3003,#3004,#3005,#3006,#3007,#3008,#3009,#3010,#3011,#3012,#3013,
    #3014,#3015,#3016,#3017,#3018,#3019,#3020,#3021,#3022,#3023,#3024,
    #3025,#3026,#3027,#3028,#3029,#3030,#3031,#3032,#3033,#3034,#3035,
    #3036,#3037,#3038,#3039,#3040,#3041,#3042,#3043,#3044,#3045,#3046,
    #3047,#3048,#3049,#3050,#3051,#3052,#3053,#3054,#3055,#3056,#3057,
    #3058,#3059,#3060,#3061,#3062,#3063,#3064,#3065,#3066,#3067,#3068,
    #3069,#3070,#3071,#3072,#3073,#3074,#3075,#3076,#3077,#3078,#3079,
    #3080,#3081,#3082,#3083,#3084,#3085,#3086,#3087,#3088,#3089,#3090,
    #3091,#3092,#3093,#3094,#3095,#3096,#3097,#3098,#3099,#3100,#3101,
    #3102,#3103,#3104,#3105,#3106,#3107,#3108,#3109,#3110,#3111,#3112,
    #3113,#3114,#3115,#3116,#3117,#3118,#3119,#3120,#3121,#3122,#3123,
    #3124,#3125,#3126,#3127,#3128,#3129,#3130,#3131,#3132,#3133,#3134,
    #3135,#3136,#3137,#3138,#3139,#3140,#3141,#3142,#3143,#3144,#3145,
    #3146,#3147,#3148,#3149,#3150,#3151,#3152,#3153,#3154,#3155,#3156,
    #3157,#3158,#3159,#3160,#3161,#3162,#3163,#3164,#3165,#3166,#3167,
    #3168,#3169,#3170,#3171,#3172,#3173,#3174,#3175,#3176),
  .UNSPECIFIED.,.T.,.F.,(4,1,1,1,1,1,1,1,1,1,1,1,1,1,1,1,1,1,1,1,1,1,1,1
    ,1,1,1,1,1,1,1,1,1,1,1,1,1,1,1,1,1,1,1,1,1,1,1,1,1,1,1,1,1,1,1,1,1,1
    ,1,1,1,1,1,1,1,1,1,1,1,1,1,1,1,1,1,1,1,1,1,1,1,1,1,1,1,1,1,1,1,1,1,1
    ,1,1,1,1,1,1,1,1,1,1,1,1,1,1,1,1,1,1,1,1,1,1,1,1,1,1,1,1,1,1,1,1,1,1
    ,1,1,1,1,1,1,1,1,1,1,1,1,1,1,1,1,1,1,1,1,1,1,1,1,1,1,1,1,1,1,1,1,1,1
    ,1,1,1,1,1,1,1,1,1,1,1,1,1,1,1,1,4),(0.,1.136450917312E-02,
    2.272901834625E-02,3.409352751937E-02,4.545803669249E-02,
    5.682254586561E-02,6.818705503874E-02,7.955156421186E-02,
    9.091607338498E-02,0.102280582558,0.113645091731,0.125009600904,
    0.136374110077,0.147738619251,0.159103128424,0.170467637597,
    0.18183214677,0.193196655943,0.204561165116,0.215925674289,
    0.227290183462,0.238654692636,0.250019201809,0.261383710982,
    0.272748220155,0.284112729328,0.295477238501,0.306841747674,
    0.318206256847,0.329570766021,0.340935275194,0.352299784367,
    0.36366429354,0.375028802713,0.386393311886,0.397757821059,
    0.409122330232,0.420486839406,0.431851348579,0.443215857752,
    0.454580366925,0.465944876098,0.477309385271,0.488673894444,
    0.500038403617,0.511402912791,0.522767421964,0.534131931137,
    0.54549644031,0.556860949483,0.568225458656,0.579589967829,
    0.590954477002,0.602318986176,0.613683495349,0.625048004522,
    0.636412513695,0.647777022868,0.659141532041,0.670506041214,
    0.681870550387,0.69323505956,0.704599568734,0.715964077907,
    0.72732858708,0.738693096253,0.750057605426,0.761422114599,
    0.772786623772,0.784151132945,0.795515642119,0.806880151292,
    0.818244660465,0.829609169638,0.840973678811,0.852338187984,
    0.863702697157,0.87506720633,0.886431715504,0.897796224677,
    0.90916073385,0.920525243023,0.931889752196,0.943254261369,
    0.954618770542,0.965983279715,0.977347788889,0.988712298062,
    1.000076807235,1.011441316408,1.022805825581,1.034170334754,
    1.045534843927,1.0568993531,1.068263862274,1.079628371447,
    1.09099288062,1.102357389793,1.113721898966,1.125086408139,
    1.136450917312,1.147815426485,1.159179935659,1.170544444832,
    1.181908954005,1.193273463178,1.204637972351,1.216002481524,
    1.227366990697,1.23873149987,1.250096009044,1.261460518217,
    1.27282502739,1.284189536563,1.295554045736,1.306918554909,
    1.318283064082,1.329647573255,1.341012082429,1.352376591602,
    1.363741100775,1.375105609948,1.386470119121,1.397834628294,
    1.409199137467,1.42056364664,1.431928155813,1.443292664987,
    1.45465717416,1.466021683333,1.477386192506,1.488750701679,
    1.500115210852,1.511479720025,1.522844229198,1.534208738372,
    1.545573247545,1.556937756718,1.568302265891,1.579666775064,
    1.591031284237,1.60239579341,1.613760302583,1.625124811757,
    1.63648932093,1.647853830103,1.659218339276,1.670582848449,
    1.681947357622,1.693311866795,1.704676375968,1.716040885142,
    1.727405394315,1.738769903488,1.750134412661,1.761498921834,
    1.772863431007,1.78422794018,1.795592449353,1.806956958527,
    1.8183214677,1.829685976873,1.841050486046,1.852414995219,
    1.863779504392,1.875144013565,1.886508522738,1.897873031912,
    1.909237541085,1.920602050258,1.931966559431,1.943331068604,
    1.954695577777,1.96606008695,1.977424596123,1.988789105297,
    2.00015361447),.QUASI_UNIFORM_KNOTS.);
#2998 = CARTESIAN_POINT('',(-6.28318530718,-3.25));
#2999 = CARTESIAN_POINT('',(-6.287887522267,-3.250000578074));
#3000 = CARTESIAN_POINT('',(-6.297280872767,-3.249311807107));
#3001 = CARTESIAN_POINT('',(-6.31131137908,-3.24623446591));
#3002 = CARTESIAN_POINT('',(-6.325255992015,-3.241135816624));
#3003 = CARTESIAN_POINT('',(-6.339088664981,-3.234048255722));
#3004 = CARTESIAN_POINT('',(-6.352783604463,-3.225010422865));
#3005 = CARTESIAN_POINT('',(-6.366315334943,-3.214068095127));
#3006 = CARTESIAN_POINT('',(-6.379658734394,-3.201273975474));
#3007 = CARTESIAN_POINT('',(-6.392789084651,-3.186687794659));
#3008 = CARTESIAN_POINT('',(-6.405682132029,-3.170376326432));
#3009 = CARTESIAN_POINT('',(-6.418314135994,-3.152413497367));
#3010 = CARTESIAN_POINT('',(-6.430662002712,-3.132880266158));
#3011 = CARTESIAN_POINT('',(-6.442703141333,-3.11186539169));
#3012 = CARTESIAN_POINT('',(-6.454416397494,-3.089462937827));
#3013 = CARTESIAN_POINT('',(-6.465779010588,-3.065782003791));
#3014 = CARTESIAN_POINT('',(-6.476814933691,-3.04083167476));
#3015 = CARTESIAN_POINT('',(-6.487513473015,-3.014684934754));
#3016 = CARTESIAN_POINT('',(-6.49787001958,-2.987403451403));
#3017 = CARTESIAN_POINT('',(-6.507878751924,-2.95905061727));
#3018 = CARTESIAN_POINT('',(-6.517534703351,-2.929687712894));
#3019 = CARTESIAN_POINT('',(-6.526832829359,-2.899376440637));
#3020 = CARTESIAN_POINT('',(-6.53577164001,-2.86816627999));
#3021 = CARTESIAN_POINT('',(-6.544348319245,-2.836109326649));
#3022 = CARTESIAN_POINT('',(-6.552560500989,-2.803254844484));
#3023 = CARTESIAN_POINT('',(-6.560406064678,-2.76964990416));
#3024 = CARTESIAN_POINT('',(-6.567883150944,-2.73533939038));
#3025 = CARTESIAN_POINT('',(-6.57498993946,-2.700366457541));
#3026 = CARTESIAN_POINT('',(-6.581724742433,-2.664772503018));
#3027 = CARTESIAN_POINT('',(-6.588085923229,-2.628597410687));
#3028 = CARTESIAN_POINT('',(-6.594071876767,-2.59187982965));
#3029 = CARTESIAN_POINT('',(-6.599681055751,-2.554656967028));
#3030 = CARTESIAN_POINT('',(-6.604911778288,-2.516966290353));
#3031 = CARTESIAN_POINT('',(-6.6097629765,-2.478839833378));
#3032 = CARTESIAN_POINT('',(-6.614233156433,-2.440311420984));
#3033 = CARTESIAN_POINT('',(-6.618320490222,-2.401417719277));
#3034 = CARTESIAN_POINT('',(-6.622023411833,-2.36219373014));
#3035 = CARTESIAN_POINT('',(-6.625340461246,-2.322674069366));
#3036 = CARTESIAN_POINT('',(-6.628270329049,-2.282892695372));
#3037 = CARTESIAN_POINT('',(-6.630811846351,-2.242883051986));
#3038 = CARTESIAN_POINT('',(-6.632963988371,-2.202678104389));
#3039 = CARTESIAN_POINT('',(-6.634725873362,-2.162310388346));
#3040 = CARTESIAN_POINT('',(-6.636096761787,-2.121812113126));
#3041 = CARTESIAN_POINT('',(-6.637076054367,-2.081215036382));
#3042 = CARTESIAN_POINT('',(-6.637663289428,-2.040551197516));
#3043 = CARTESIAN_POINT('',(-6.637858139096,-1.999850445107));
#3044 = CARTESIAN_POINT('',(-6.637660405537,-1.959149930018));
#3045 = CARTESIAN_POINT('',(-6.637070292039,-1.918486628311));
#3046 = CARTESIAN_POINT('',(-6.636088129323,-1.877890401886));
#3047 = CARTESIAN_POINT('',(-6.634714381336,-1.837393255082));
#3048 = CARTESIAN_POINT('',(-6.632949648583,-1.797026925447));
#3049 = CARTESIAN_POINT('',(-6.630794670981,-1.756823600286));
#3050 = CARTESIAN_POINT('',(-6.628250329797,-1.716815795932));
#3051 = CARTESIAN_POINT('',(-6.625317648651,-1.677036460337));
#3052 = CARTESIAN_POINT('',(-6.621997794232,-1.637519019684));
#3053 = CARTESIAN_POINT('',(-6.618292074314,-1.598297425561));
#3054 = CARTESIAN_POINT('',(-6.614201942122,-1.559406255901));
#3055 = CARTESIAN_POINT('',(-6.609728973364,-1.520880600268));
#3056 = CARTESIAN_POINT('',(-6.604874941652,-1.482756754011));
#3057 = CARTESIAN_POINT('',(-6.59964152309,-1.445069892585));
#3058 = CARTESIAN_POINT('',(-6.594029650586,-1.407850954407));
#3059 = CARTESIAN_POINT('',(-6.588041027496,-1.371137591133));
#3060 = CARTESIAN_POINT('',(-6.581677196387,-1.334966975432));
#3061 = CARTESIAN_POINT('',(-6.574939763012,-1.29937777065));
#3062 = CARTESIAN_POINT('',(-6.567830364327,-1.264409867845));
#3063 = CARTESIAN_POINT('',(-6.560350688266,-1.230104675403));
#3064 = CARTESIAN_POINT('',(-6.552502557606,-1.196505360265));
#3065 = CARTESIAN_POINT('',(-6.5442878305,-1.163656817376));
#3066 = CARTESIAN_POINT('',(-6.535708633143,-1.131606148627));
#3067 = CARTESIAN_POINT('',(-6.526767307284,-1.100402542424));
#3068 = CARTESIAN_POINT('',(-6.517466788916,-1.070098478543));
#3069 = CARTESIAN_POINT('',(-6.507808418746,-1.040742956577));
#3070 = CARTESIAN_POINT('',(-6.497797175972,-1.0123975423));
#3071 = CARTESIAN_POINT('',(-6.48743811384,-0.985123836621));
#3072 = CARTESIAN_POINT('',(-6.476737256371,-0.958985694021));
#3073 = CARTESIAN_POINT('',(-6.465698837163,-0.934043928479));
#3074 = CARTESIAN_POINT('',(-6.454335406558,-0.910375502372));
#3075 = CARTESIAN_POINT('',(-6.442624488308,-0.887991034588));
#3076 = CARTESIAN_POINT('',(-6.430583254776,-0.866988857809));
#3077 = CARTESIAN_POINT('',(-6.418234605539,-0.847467145565));
#3078 = CARTESIAN_POINT('',(-6.405600923977,-0.829514601164));
#3079 = CARTESIAN_POINT('',(-6.392705629529,-0.813213067607));
#3080 = CARTESIAN_POINT('',(-6.379572655151,-0.798636929894));
#3081 = CARTESIAN_POINT('',(-6.366226484264,-0.78585336346));
#3082 = CARTESIAN_POINT('',(-6.352692078083,-0.77492234242));
#3083 = CARTESIAN_POINT('',(-6.338994732718,-0.765896699141));
#3084 = CARTESIAN_POINT('',(-6.325160374462,-0.758822155404));
#3085 = CARTESIAN_POINT('',(-6.311214216782,-0.753737352586));
#3086 = CARTESIAN_POINT('',(-6.297185572799,-0.750673850879));
#3087 = CARTESIAN_POINT('',(-6.283089720549,-0.749656190023));
#3088 = CARTESIAN_POINT('',(-6.268995442677,-0.750701671665));
#3089 = CARTESIAN_POINT('',(-6.254969370351,-0.7537921504));
#3090 = CARTESIAN_POINT('',(-6.241027048298,-0.75890270907));
#3091 = CARTESIAN_POINT('',(-6.22719740748,-0.766001459419));
#3092 = CARTESIAN_POINT('',(-6.213505451185,-0.775049592414));
#3093 = CARTESIAN_POINT('',(-6.199976849243,-0.786001348447));
#3094 = CARTESIAN_POINT('',(-6.186636654132,-0.798803997137));
#3095 = CARTESIAN_POINT('',(-6.173509585026,-0.813397797654));
#3096 = CARTESIAN_POINT('',(-6.160619877889,-0.829715966138));
#3097 = CARTESIAN_POINT('',(-6.14799125952,-0.847684572988));
#3098 = CARTESIAN_POINT('',(-6.135646812478,-0.867222652392));
#3099 = CARTESIAN_POINT('',(-6.12360910222,-0.888241471802));
#3100 = CARTESIAN_POINT('',(-6.111899311532,-0.91064688817));
#3101 = CARTESIAN_POINT('',(-6.100540028243,-0.934330135999));
#3102 = CARTESIAN_POINT('',(-6.089507296578,-0.959282233884));
#3103 = CARTESIAN_POINT('',(-6.078811889739,-0.985430049357));
#3104 = CARTESIAN_POINT('',(-6.068458390172,-1.012711997863));
#3105 = CARTESIAN_POINT('',(-6.058452620895,-1.041064708525));
#3106 = CARTESIAN_POINT('',(-6.048799544871,-1.070426931533));
#3107 = CARTESIAN_POINT('',(-6.039504197077,-1.100737015654));
#3108 = CARTESIAN_POINT('',(-6.030568060529,-1.13194553083));
#3109 = CARTESIAN_POINT('',(-6.021993954193,-1.164000396756));
#3110 = CARTESIAN_POINT('',(-6.013784240786,-1.19685238458));
#3111 = CARTESIAN_POINT('',(-6.005941039075,-1.230454452277));
#3112 = CARTESIAN_POINT('',(-5.998466207388,-1.26476174119));
#3113 = CARTESIAN_POINT('',(-5.991361564697,-1.299731122948));
#3114 = CARTESIAN_POINT('',(-5.984628797937,-1.335321223153));
#3115 = CARTESIAN_POINT('',(-5.97826954275,-1.371492180666));
#3116 = CARTESIAN_POINT('',(-5.972285403526,-1.408205366583));
#3117 = CARTESIAN_POINT('',(-5.966677926616,-1.445423594766));
#3118 = CARTESIAN_POINT('',(-5.961448793642,-1.483109412409));
#3119 = CARTESIAN_POINT('',(-5.95659906965,-1.521230821203));
#3120 = CARTESIAN_POINT('',(-5.952130250908,-1.559753990161));
#3121 = CARTESIAN_POINT('',(-5.94804416333,-1.598642277569));
#3122 = CARTESIAN_POINT('',(-5.94434237224,-1.637860697085));
#3123 = CARTESIAN_POINT('',(-5.941026336716,-1.67737465021));
#3124 = CARTESIAN_POINT('',(-5.938097365398,-1.717150194781));
#3125 = CARTESIAN_POINT('',(-5.935556626469,-1.75715390299));
#3126 = CARTESIAN_POINT('',(-5.933405144097,-1.797352825281));
#3127 = CARTESIAN_POINT('',(-5.931643799501,-1.837714441212));
#3128 = CARTESIAN_POINT('',(-5.930273331781,-1.878206556577));
#3129 = CARTESIAN_POINT('',(-5.929294339864,-1.918797428525));
#3130 = CARTESIAN_POINT('',(-5.92870728516,-1.959455032432));
#3131 = CARTESIAN_POINT('',(-5.928512495361,-2.000149533754));
#3132 = CARTESIAN_POINT('',(-5.9287101682,-2.040843797842));
#3133 = CARTESIAN_POINT('',(-5.929300100494,-2.0815008648));
#3134 = CARTESIAN_POINT('',(-5.930281961703,-2.122090886759));
#3135 = CARTESIAN_POINT('',(-5.931655288146,-2.162581874147));
#3136 = CARTESIAN_POINT('',(-5.933419479669,-2.202942104205));
#3137 = CARTESIAN_POINT('',(-5.935573796793,-2.243139404687));
#3138 = CARTESIAN_POINT('',(-5.938117358778,-2.283141274574));
#3139 = CARTESIAN_POINT('',(-5.941049142616,-2.322914781535));
#3140 = CARTESIAN_POINT('',(-5.944367982323,-2.362426515395));
#3141 = CARTESIAN_POINT('',(-5.9480725709,-2.401642540843));
#3142 = CARTESIAN_POINT('',(-5.952161456047,-2.440528297148));
#3143 = CARTESIAN_POINT('',(-5.956633062812,-2.479048710612));
#3144 = CARTESIAN_POINT('',(-5.961485619355,-2.517167509075));
#3145 = CARTESIAN_POINT('',(-5.966717447914,-2.554849515466));
#3146 = CARTESIAN_POINT('',(-5.972327617494,-2.59206382023));
#3147 = CARTESIAN_POINT('',(-5.978314425539,-2.628772790367));
#3148 = CARTESIAN_POINT('',(-5.98467633029,-2.664939273164));
#3149 = CARTESIAN_POINT('',(-5.991411726713,-2.700524625727));
#3150 = CARTESIAN_POINT('',(-5.99851897885,-2.735488979708));
#3151 = CARTESIAN_POINT('',(-6.005996399601,-2.769790949666));
#3152 = CARTESIAN_POINT('',(-6.013842167599,-2.803387394822));
#3153 = CARTESIAN_POINT('',(-6.02205442565,-2.836233446091));
#3154 = CARTESIAN_POINT('',(-6.030631049472,-2.868282030553));
#3155 = CARTESIAN_POINT('',(-6.039569700393,-2.899483993908));
#3156 = CARTESIAN_POINT('',(-6.04886744065,-2.92978687534));
#3157 = CARTESIAN_POINT('',(-6.058522933812,-2.959141716527));
#3158 = CARTESIAN_POINT('',(-6.068531212933,-2.987487011323));
#3159 = CARTESIAN_POINT('',(-6.078887226871,-3.014761185223));
#3160 = CARTESIAN_POINT('',(-6.08958495423,-3.040900413788));
#3161 = CARTESIAN_POINT('',(-6.100620173237,-3.065843936405));
#3162 = CARTESIAN_POINT('',(-6.111980309212,-3.08951475195));
#3163 = CARTESIAN_POINT('',(-6.123687744229,-3.11190214535));
#3164 = CARTESIAN_POINT('',(-6.135725546546,-3.132908265716));
#3165 = CARTESIAN_POINT('',(-6.148070770128,-3.152434820326));
#3166 = CARTESIAN_POINT('',(-6.160701062144,-3.170393142465));
#3167 = CARTESIAN_POINT('',(-6.173593012675,-3.186701378839));
#3168 = CARTESIAN_POINT('',(-6.186722705181,-3.201285141267));
#3169 = CARTESIAN_POINT('',(-6.2000656658,-3.214077244941));
#3170 = CARTESIAN_POINT('',(-6.213596963037,-3.225017699371));
#3171 = CARTESIAN_POINT('',(-6.227291256315,-3.234053665264));
#3172 = CARTESIAN_POINT('',(-6.241122851071,-3.241139358216));
#3173 = CARTESIAN_POINT('',(-6.255065734578,-3.246236262446));
#3174 = CARTESIAN_POINT('',(-6.269093641872,-3.249312220809));
#3175 = CARTESIAN_POINT('',(-6.278484536678,-3.25000058885));
#3176 = CARTESIAN_POINT('',(-6.28318530718,-3.25));
#3177 = ( GEOMETRIC_REPRESENTATION_CONTEXT(2) 
PARAMETRIC_REPRESENTATION_CONTEXT() REPRESENTATION_CONTEXT('2D SPACE',''
  ) );
#3178 = PCURVE('',#3179,#3184);
#3179 = CYLINDRICAL_SURFACE('',#3180,1.25);
#3180 = AXIS2_PLACEMENT_3D('',#3181,#3182,#3183);
#3181 = CARTESIAN_POINT('',(28.2,0.,11.));
#3182 = DIRECTION('',(1.,0.,0.));
#3183 = DIRECTION('',(-0.,0.,1.));
#3184 = DEFINITIONAL_REPRESENTATION('',(#3185),#3365);
#3185 = B_SPLINE_CURVE_WITH_KNOTS('',3,(#3186,#3187,#3188,#3189,#3190,
    #3191,#3192,#3193,#3194,#3195,#3196,#3197,#3198,#3199,#3200,#3201,
    #3202,#3203,#3204,#3205,#3206,#3207,#3208,#3209,#3210,#3211,#3212,
    #3213,#3214,#3215,#3216,#3217,#3218,#3219,#3220,#3221,#3222,#3223,
    #3224,#3225,#3226,#3227,#3228,#3229,#3230,#3231,#3232,#3233,#3234,
    #3235,#3236,#3237,#3238,#3239,#3240,#3241,#3242,#3243,#3244,#3245,
    #3246,#3247,#3248,#3249,#3250,#3251,#3252,#3253,#3254,#3255,#3256,
    #3257,#3258,#3259,#3260,#3261,#3262,#3263,#3264,#3265,#3266,#3267,
    #3268,#3269,#3270,#3271,#3272,#3273,#3274,#3275,#3276,#3277,#3278,
    #3279,#3280,#3281,#3282,#3283,#3284,#3285,#3286,#3287,#3288,#3289,
    #3290,#3291,#3292,#3293,#3294,#3295,#3296,#3297,#3298,#3299,#3300,
    #3301,#3302,#3303,#3304,#3305,#3306,#3307,#3308,#3309,#3310,#3311,
    #3312,#3313,#3314,#3315,#3316,#3317,#3318,#3319,#3320,#3321,#3322,
    #3323,#3324,#3325,#3326,#3327,#3328,#3329,#3330,#3331,#3332,#3333,
    #3334,#3335,#3336,#3337,#3338,#3339,#3340,#3341,#3342,#3343,#3344,
    #3345,#3346,#3347,#3348,#3349,#3350,#3351,#3352,#3353,#3354,#3355,
    #3356,#3357,#3358,#3359,#3360,#3361,#3362,#3363,#3364),
  .UNSPECIFIED.,.F.,.F.,(4,1,1,1,1,1,1,1,1,1,1,1,1,1,1,1,1,1,1,1,1,1,1,1
    ,1,1,1,1,1,1,1,1,1,1,1,1,1,1,1,1,1,1,1,1,1,1,1,1,1,1,1,1,1,1,1,1,1,1
    ,1,1,1,1,1,1,1,1,1,1,1,1,1,1,1,1,1,1,1,1,1,1,1,1,1,1,1,1,1,1,1,1,1,1
    ,1,1,1,1,1,1,1,1,1,1,1,1,1,1,1,1,1,1,1,1,1,1,1,1,1,1,1,1,1,1,1,1,1,1
    ,1,1,1,1,1,1,1,1,1,1,1,1,1,1,1,1,1,1,1,1,1,1,1,1,1,1,1,1,1,1,1,1,1,1
    ,1,1,1,1,1,1,1,1,1,1,1,1,1,1,1,1,4),(0.,1.136450917312E-02,
    2.272901834625E-02,3.409352751937E-02,4.545803669249E-02,
    5.682254586561E-02,6.818705503874E-02,7.955156421186E-02,
    9.091607338498E-02,0.102280582558,0.113645091731,0.125009600904,
    0.136374110077,0.147738619251,0.159103128424,0.170467637597,
    0.18183214677,0.193196655943,0.204561165116,0.215925674289,
    0.227290183462,0.238654692636,0.250019201809,0.261383710982,
    0.272748220155,0.284112729328,0.295477238501,0.306841747674,
    0.318206256847,0.329570766021,0.340935275194,0.352299784367,
    0.36366429354,0.375028802713,0.386393311886,0.397757821059,
    0.409122330232,0.420486839406,0.431851348579,0.443215857752,
    0.454580366925,0.465944876098,0.477309385271,0.488673894444,
    0.500038403617,0.511402912791,0.522767421964,0.534131931137,
    0.54549644031,0.556860949483,0.568225458656,0.579589967829,
    0.590954477002,0.602318986176,0.613683495349,0.625048004522,
    0.636412513695,0.647777022868,0.659141532041,0.670506041214,
    0.681870550387,0.69323505956,0.704599568734,0.715964077907,
    0.72732858708,0.738693096253,0.750057605426,0.761422114599,
    0.772786623772,0.784151132945,0.795515642119,0.806880151292,
    0.818244660465,0.829609169638,0.840973678811,0.852338187984,
    0.863702697157,0.87506720633,0.886431715504,0.897796224677,
    0.90916073385,0.920525243023,0.931889752196,0.943254261369,
    0.954618770542,0.965983279715,0.977347788889,0.988712298062,
    1.000076807235,1.011441316408,1.022805825581,1.034170334754,
    1.045534843927,1.0568993531,1.068263862274,1.079628371447,
    1.09099288062,1.102357389793,1.113721898966,1.125086408139,
    1.136450917312,1.147815426485,1.159179935659,1.170544444832,
    1.181908954005,1.193273463178,1.204637972351,1.216002481524,
    1.227366990697,1.23873149987,1.250096009044,1.261460518217,
    1.27282502739,1.284189536563,1.295554045736,1.306918554909,
    1.318283064082,1.329647573255,1.341012082429,1.352376591602,
    1.363741100775,1.375105609948,1.386470119121,1.397834628294,
    1.409199137467,1.42056364664,1.431928155813,1.443292664987,
    1.45465717416,1.466021683333,1.477386192506,1.488750701679,
    1.500115210852,1.511479720025,1.522844229198,1.534208738372,
    1.545573247545,1.556937756718,1.568302265891,1.579666775064,
    1.591031284237,1.60239579341,1.613760302583,1.625124811757,
    1.63648932093,1.647853830103,1.659218339276,1.670582848449,
    1.681947357622,1.693311866795,1.704676375968,1.716040885142,
    1.727405394315,1.738769903488,1.750134412661,1.761498921834,
    1.772863431007,1.78422794018,1.795592449353,1.806956958527,
    1.8183214677,1.829685976873,1.841050486046,1.852414995219,
    1.863779504392,1.875144013565,1.886508522738,1.897873031912,
    1.909237541085,1.920602050258,1.931966559431,1.943331068604,
    1.954695577777,1.96606008695,1.977424596123,1.988789105297,
    2.00015361447),.QUASI_UNIFORM_KNOTS.);
#3186 = CARTESIAN_POINT('',(6.28318530718,4.));
#3187 = CARTESIAN_POINT('',(6.269643021552,4.000000451033));
#3188 = CARTESIAN_POINT('',(6.242590010135,3.999760844189));
#3189 = CARTESIAN_POINT('',(6.202123564585,3.998693635627));
#3190 = CARTESIAN_POINT('',(6.161788351869,3.996930266472));
#3191 = CARTESIAN_POINT('',(6.121603341084,3.994489691975));
#3192 = CARTESIAN_POINT('',(6.081588255753,3.991395445648));
#3193 = CARTESIAN_POINT('',(6.041763816722,3.987676108335));
#3194 = CARTESIAN_POINT('',(6.002151910743,3.983364870639));
#3195 = CARTESIAN_POINT('',(5.962775793505,3.978499292788));
#3196 = CARTESIAN_POINT('',(5.923660277205,3.973120960583));
#3197 = CARTESIAN_POINT('',(5.884832007432,3.967275138827));
#3198 = CARTESIAN_POINT('',(5.84631947316,3.961010317933));
#3199 = CARTESIAN_POINT('',(5.808154081801,3.95437796956));
#3200 = CARTESIAN_POINT('',(5.77036733811,3.947431352184));
#3201 = CARTESIAN_POINT('',(5.733002648655,3.940227687104));
#3202 = CARTESIAN_POINT('',(5.69595143831,3.932793762324));
#3203 = CARTESIAN_POINT('',(5.659218101514,3.925176204694));
#3204 = CARTESIAN_POINT('',(5.622789538921,3.917417784852));
#3205 = CARTESIAN_POINT('',(5.586658301402,3.909561382765));
#3206 = CARTESIAN_POINT('',(5.550815898696,3.901648655679));
#3207 = CARTESIAN_POINT('',(5.515256130629,3.893720561347));
#3208 = CARTESIAN_POINT('',(5.47996071273,3.88581405865));
#3209 = CARTESIAN_POINT('',(5.444917281843,3.877966055392));
#3210 = CARTESIAN_POINT('',(5.410112672022,3.870211797702));
#3211 = CARTESIAN_POINT('',(5.375533564735,3.862585084043));
#3212 = CARTESIAN_POINT('',(5.341166370764,3.855118230143));
#3213 = CARTESIAN_POINT('',(5.306997815691,3.847842108334));
#3214 = CARTESIAN_POINT('',(5.273014643567,3.840786125051));
#3215 = CARTESIAN_POINT('',(5.239203814988,3.833978251794));
#3216 = CARTESIAN_POINT('',(5.205552622581,3.827445051237));
#3217 = CARTESIAN_POINT('',(5.172048419269,3.821211605853));
#3218 = CARTESIAN_POINT('',(5.138679976465,3.815301744247));
#3219 = CARTESIAN_POINT('',(5.105432409904,3.809737136156));
#3220 = CARTESIAN_POINT('',(5.072293510927,3.804538531649));
#3221 = CARTESIAN_POINT('',(5.039254332766,3.799725634484));
#3222 = CARTESIAN_POINT('',(5.00630518298,3.795316366982));
#3223 = CARTESIAN_POINT('',(4.973436670172,3.791327050934));
#3224 = CARTESIAN_POINT('',(4.940639399771,3.787772343049));
#3225 = CARTESIAN_POINT('',(4.907904033319,3.784665236175));
#3226 = CARTESIAN_POINT('',(4.875221255304,3.782017042895));
#3227 = CARTESIAN_POINT('',(4.842581753458,3.779837383851));
#3228 = CARTESIAN_POINT('',(4.80997624144,3.77813417478));
#3229 = CARTESIAN_POINT('',(4.77739529887,3.776913613972));
#3230 = CARTESIAN_POINT('',(4.744829896649,3.77618016934));
#3231 = CARTESIAN_POINT('',(4.712269357609,3.775936566595));
#3232 = CARTESIAN_POINT('',(4.679708881589,3.776183773416));
#3233 = CARTESIAN_POINT('',(4.647143528803,3.776920803483));
#3234 = CARTESIAN_POINT('',(4.614562632986,3.778144917324));
#3235 = CARTESIAN_POINT('',(4.581957136989,3.779851632956));
#3236 = CARTESIAN_POINT('',(4.54931760389,3.782034739186));
#3237 = CARTESIAN_POINT('',(4.516634728654,3.784686308219));
#3238 = CARTESIAN_POINT('',(4.483899181486,3.787796708399));
#3239 = CARTESIAN_POINT('',(4.451101630166,3.791354617077));
#3240 = CARTESIAN_POINT('',(4.418232717865,3.795347032863));
#3241 = CARTESIAN_POINT('',(4.385283039784,3.7997592902));
#3242 = CARTESIAN_POINT('',(4.352243165418,3.804575065274));
#3243 = CARTESIAN_POINT('',(4.319103472457,3.809776414253));
#3244 = CARTESIAN_POINT('',(4.285854678018,3.815343690884));
#3245 = CARTESIAN_POINT('',(4.252485755005,3.821255914313));
#3246 = CARTESIAN_POINT('',(4.218980863997,3.827491568122));
#3247 = CARTESIAN_POINT('',(4.185328928358,3.834026786822));
#3248 = CARTESIAN_POINT('',(4.151517263928,3.840836485559));
#3249 = CARTESIAN_POINT('',(4.117533166825,3.847894090565));
#3250 = CARTESIAN_POINT('',(4.083363595255,3.855171621353));
#3251 = CARTESIAN_POINT('',(4.048995292343,3.862639662019));
#3252 = CARTESIAN_POINT('',(4.014414987298,3.870267330596));
#3253 = CARTESIAN_POINT('',(3.979609085615,3.878022302388));
#3254 = CARTESIAN_POINT('',(3.944564287577,3.885870763345));
#3255 = CARTESIAN_POINT('',(3.909267325993,3.893777482568));
#3256 = CARTESIAN_POINT('',(3.873706283049,3.901705449147));
#3257 = CARTESIAN_POINT('',(3.8378622952,3.909617817677));
#3258 = CARTESIAN_POINT('',(3.801728940098,3.91747367386));
#3259 = CARTESIAN_POINT('',(3.765298061458,3.925231273043));
#3260 = CARTESIAN_POINT('',(3.728562876814,3.932847593178));
#3261 = CARTESIAN_POINT('',(3.69150901097,3.940280114286));
#3262 = CARTESIAN_POINT('',(3.654146986159,3.947481006235));
#3263 = CARTESIAN_POINT('',(3.616372516211,3.954422914544));
#3264 = CARTESIAN_POINT('',(3.578210979728,3.96105197522));
#3265 = CARTESIAN_POINT('',(3.539699781905,3.967313715748));
#3266 = CARTESIAN_POINT('',(3.500869756512,3.973156702412));
#3267 = CARTESIAN_POINT('',(3.461750498753,3.978532182381));
#3268 = CARTESIAN_POINT('',(3.422369268826,3.983394751296));
#3269 = CARTESIAN_POINT('',(3.382751574226,3.98770269836));
#3270 = CARTESIAN_POINT('',(3.342921367806,3.991418390173));
#3271 = CARTESIAN_POINT('',(3.3029010161,3.994508596354));
#3272 = CARTESIAN_POINT('',(3.26271249491,3.996944783521));
#3273 = CARTESIAN_POINT('',(3.222373842971,3.998703368319));
#3274 = CARTESIAN_POINT('',(3.181913307601,3.999765940177));
#3275 = CARTESIAN_POINT('',(3.141317430717,4.000119420337));
#3276 = CARTESIAN_POINT('',(3.100725688281,3.999756280341));
#3277 = CARTESIAN_POINT('',(3.060271387592,3.998684383069));
#3278 = CARTESIAN_POINT('',(3.019941891983,3.996916975757));
#3279 = CARTESIAN_POINT('',(2.979764417346,3.994472614827));
#3280 = CARTESIAN_POINT('',(2.939756472835,3.991374967561));
#3281 = CARTESIAN_POINT('',(2.899939368658,3.987652600226));
#3282 = CARTESIAN_POINT('',(2.860334830293,3.983338722931));
#3283 = CARTESIAN_POINT('',(2.820966153496,3.978470900555));
#3284 = CARTESIAN_POINT('',(2.781858137741,3.973090722053));
#3285 = CARTESIAN_POINT('',(2.743037427101,3.967243449626));
#3286 = CARTESIAN_POINT('',(2.704532517851,3.960977569439));
#3287 = CARTESIAN_POINT('',(2.6663747785,3.954344535732));
#3288 = CARTESIAN_POINT('',(2.628595850578,3.947397619222));
#3289 = CARTESIAN_POINT('',(2.591238619926,3.94019392435));
#3290 = CARTESIAN_POINT('',(2.55419450113,3.932760200551));
#3291 = CARTESIAN_POINT('',(2.517468175319,3.925143107104));
#3292 = CARTESIAN_POINT('',(2.481046476253,3.917385376828));
#3293 = CARTESIAN_POINT('',(2.444921979776,3.909529870041));
#3294 = CARTESIAN_POINT('',(2.409086202807,3.901618221148));
#3295 = CARTESIAN_POINT('',(2.373532928282,3.893691359542));
#3296 = CARTESIAN_POINT('',(2.338243859745,3.885786217675));
#3297 = CARTESIAN_POINT('',(2.303206659252,3.877939685358));
#3298 = CARTESIAN_POINT('',(2.268408161087,3.870186986181));
#3299 = CARTESIAN_POINT('',(2.233835052328,3.862561898374));
#3300 = CARTESIAN_POINT('',(2.199473751127,3.855096718242));
#3301 = CARTESIAN_POINT('',(2.165310988617,3.847822299427));
#3302 = CARTESIAN_POINT('',(2.131333516083,3.840768030778));
#3303 = CARTESIAN_POINT('',(2.097528300201,3.83396186702));
#3304 = CARTESIAN_POINT('',(2.063882640871,3.827430355076));
#3305 = CARTESIAN_POINT('',(2.030383896453,3.821198562234));
#3306 = CARTESIAN_POINT('',(1.997020848249,3.815290303581));
#3307 = CARTESIAN_POINT('',(1.96377860311,3.809727233073));
#3308 = CARTESIAN_POINT('',(1.930644978795,3.804530092104));
#3309 = CARTESIAN_POINT('',(1.897611027344,3.799718571424));
#3310 = CARTESIAN_POINT('',(1.864667062393,3.795310582749));
#3311 = CARTESIAN_POINT('',(1.831803696573,3.791322437872));
#3312 = CARTESIAN_POINT('',(1.799011539811,3.787768784603));
#3313 = CARTESIAN_POINT('',(1.766281257957,3.784662607872));
#3314 = CARTESIAN_POINT('',(1.733603539819,3.782015213372));
#3315 = CARTESIAN_POINT('',(1.700969077418,3.779836215878));
#3316 = CARTESIAN_POINT('',(1.668368588686,3.7781335263));
#3317 = CARTESIAN_POINT('',(1.635792657554,3.776913339145));
#3318 = CARTESIAN_POINT('',(1.603232259119,3.776180119603));
#3319 = CARTESIAN_POINT('',(1.570676720922,3.775936591728));
#3320 = CARTESIAN_POINT('',(1.53812124573,3.776183722616));
#3321 = CARTESIAN_POINT('',(1.505560896733,3.776920526541));
#3322 = CARTESIAN_POINT('',(1.472985012374,3.778144265694));
#3323 = CARTESIAN_POINT('',(1.440384539711,3.779850460825));
#3324 = CARTESIAN_POINT('',(1.40775004614,3.782032904529));
#3325 = CARTESIAN_POINT('',(1.375072230908,3.784683673847));
#3326 = CARTESIAN_POINT('',(1.342341768518,3.787793142994));
#3327 = CARTESIAN_POINT('',(1.309549331073,3.791349996219));
#3328 = CARTESIAN_POINT('',(1.276685566066,3.795341240051));
#3329 = CARTESIAN_POINT('',(1.243741073185,3.79975221784));
#3330 = CARTESIAN_POINT('',(1.210706426033,3.804566615758));
#3331 = CARTESIAN_POINT('',(1.177572008099,3.809766500638));
#3332 = CARTESIAN_POINT('',(1.144328536388,3.815332239018));
#3333 = CARTESIAN_POINT('',(1.110965006221,3.821242859531));
#3334 = CARTESIAN_POINT('',(1.07746557512,3.827476860429));
#3335 = CARTESIAN_POINT('',(1.04381917289,3.834010390386));
#3336 = CARTESIAN_POINT('',(1.010013121713,3.840818379568));
#3337 = CARTESIAN_POINT('',(0.976034724769,3.847874270009));
#3338 = CARTESIAN_POINT('',(0.941870946367,3.855150097991));
#3339 = CARTESIAN_POINT('',(0.907508536926,3.862616465199));
#3340 = CARTESIAN_POINT('',(0.872934231036,3.870242508381));
#3341 = CARTESIAN_POINT('',(0.83813444183,3.877995922236));
#3342 = CARTESIAN_POINT('',(0.803095874795,3.88584291303));
#3343 = CARTESIAN_POINT('',(0.767805264049,3.893748272146));
#3344 = CARTESIAN_POINT('',(0.732250712723,3.901675007653));
#3345 = CARTESIAN_POINT('',(0.69641335518,3.90958629837));
#3346 = CARTESIAN_POINT('',(0.660286741946,3.917441260625));
#3347 = CARTESIAN_POINT('',(0.623862729744,3.925198171416));
#3348 = CARTESIAN_POINT('',(0.587134547466,3.93281403091));
#3349 = CARTESIAN_POINT('',(0.550087801055,3.94024634784));
#3350 = CARTESIAN_POINT('',(0.512733120229,3.947447293353));
#3351 = CARTESIAN_POINT('',(0.474966526154,3.954389490491));
#3352 = CARTESIAN_POINT('',(0.436812651244,3.961019236709));
#3353 = CARTESIAN_POINT('',(0.39830909784,3.967282035337));
#3354 = CARTESIAN_POINT('',(0.359486644052,3.973126473217));
#3355 = CARTESIAN_POINT('',(0.320374898255,3.978503800915));
#3356 = CARTESIAN_POINT('',(0.281001111559,3.983368616451));
#3357 = CARTESIAN_POINT('',(0.241390802214,3.987679206821));
#3358 = CARTESIAN_POINT('',(0.201567875762,3.991397929349));
#3359 = CARTESIAN_POINT('',(0.161554862312,3.99449155036));
#3360 = CARTESIAN_POINT('',(0.121373113666,3.996931489222));
#3361 = CARTESIAN_POINT('',(8.104298127646E-02,3.998694258081));
#3362 = CARTESIAN_POINT('',(4.058406255345E-02,3.999760987895));
#3363 = CARTESIAN_POINT('',(1.353812701754E-02,4.000000454673));
#3364 = CARTESIAN_POINT('',(0.,4.));
#3365 = ( GEOMETRIC_REPRESENTATION_CONTEXT(2) 
PARAMETRIC_REPRESENTATION_CONTEXT() REPRESENTATION_CONTEXT('2D SPACE',''
  ) );
#3366 = ADVANCED_FACE('',(#3367),#1170,.F.);
#3367 = FACE_BOUND('',#3368,.F.);
#3368 = EDGE_LOOP('',(#3369,#3370));
#3369 = ORIENTED_EDGE('',*,*,#2841,.T.);
#3370 = ORIENTED_EDGE('',*,*,#1155,.F.);
#3371 = ADVANCED_FACE('',(#3372),#1223,.F.);
#3372 = FACE_BOUND('',#3373,.F.);
#3373 = EDGE_LOOP('',(#3374,#3375,#3398,#3425));
#3374 = ORIENTED_EDGE('',*,*,#1202,.F.);
#3375 = ORIENTED_EDGE('',*,*,#3376,.F.);
#3376 = EDGE_CURVE('',#3377,#1203,#3379,.T.);
#3377 = VERTEX_POINT('',#3378);
#3378 = CARTESIAN_POINT('',(28.,18.,18.));
#3379 = SEAM_CURVE('',#3380,(#3384,#3391),.PCURVE_S1.);
#3380 = LINE('',#3381,#3382);
#3381 = CARTESIAN_POINT('',(28.,18.,18.));
#3382 = VECTOR('',#3383,1.);
#3383 = DIRECTION('',(1.,0.,0.));
#3384 = PCURVE('',#1223,#3385);
#3385 = DEFINITIONAL_REPRESENTATION('',(#3386),#3390);
#3386 = LINE('',#3387,#3388);
#3387 = CARTESIAN_POINT('',(6.28318530718,-0.));
#3388 = VECTOR('',#3389,1.);
#3389 = DIRECTION('',(0.,1.));
#3390 = ( GEOMETRIC_REPRESENTATION_CONTEXT(2) 
PARAMETRIC_REPRESENTATION_CONTEXT() REPRESENTATION_CONTEXT('2D SPACE',''
  ) );
#3391 = PCURVE('',#1223,#3392);
#3392 = DEFINITIONAL_REPRESENTATION('',(#3393),#3397);
#3393 = LINE('',#3394,#3395);
#3394 = CARTESIAN_POINT('',(0.,-0.));
#3395 = VECTOR('',#3396,1.);
#3396 = DIRECTION('',(0.,1.));
#3397 = ( GEOMETRIC_REPRESENTATION_CONTEXT(2) 
PARAMETRIC_REPRESENTATION_CONTEXT() REPRESENTATION_CONTEXT('2D SPACE',''
  ) );
#3398 = ORIENTED_EDGE('',*,*,#3399,.T.);
#3399 = EDGE_CURVE('',#3377,#3377,#3400,.T.);
#3400 = SURFACE_CURVE('',#3401,(#3406,#3413),.PCURVE_S1.);
#3401 = CIRCLE('',#3402,6.);
#3402 = AXIS2_PLACEMENT_3D('',#3403,#3404,#3405);
#3403 = CARTESIAN_POINT('',(28.,18.,12.));
#3404 = DIRECTION('',(1.,0.,0.));
#3405 = DIRECTION('',(-0.,0.,1.));
#3406 = PCURVE('',#1223,#3407);
#3407 = DEFINITIONAL_REPRESENTATION('',(#3408),#3412);
#3408 = LINE('',#3409,#3410);
#3409 = CARTESIAN_POINT('',(0.,0.));
#3410 = VECTOR('',#3411,1.);
#3411 = DIRECTION('',(1.,0.));
#3412 = ( GEOMETRIC_REPRESENTATION_CONTEXT(2) 
PARAMETRIC_REPRESENTATION_CONTEXT() REPRESENTATION_CONTEXT('2D SPACE',''
  ) );
#3413 = PCURVE('',#3414,#3419);
#3414 = PLANE('',#3415);
#3415 = AXIS2_PLACEMENT_3D('',#3416,#3417,#3418);
#3416 = CARTESIAN_POINT('',(28.,18.,12.));
#3417 = DIRECTION('',(1.,0.,0.));
#3418 = DIRECTION('',(-0.,0.,1.));
#3419 = DEFINITIONAL_REPRESENTATION('',(#3420),#3424);
#3420 = CIRCLE('',#3421,6.);
#3421 = AXIS2_PLACEMENT_2D('',#3422,#3423);
#3422 = CARTESIAN_POINT('',(0.,0.));
#3423 = DIRECTION('',(1.,0.));
#3424 = ( GEOMETRIC_REPRESENTATION_CONTEXT(2) 
PARAMETRIC_REPRESENTATION_CONTEXT() REPRESENTATION_CONTEXT('2D SPACE',''
  ) );
#3425 = ORIENTED_EDGE('',*,*,#3376,.T.);
#3426 = ADVANCED_FACE('',(#3427),#1254,.F.);
#3427 = FACE_BOUND('',#3428,.F.);
#3428 = EDGE_LOOP('',(#3429,#3452,#3453,#3476,#3504));
#3429 = ORIENTED_EDGE('',*,*,#3430,.F.);
#3430 = EDGE_CURVE('',#1240,#3431,#3433,.T.);
#3431 = VERTEX_POINT('',#3432);
#3432 = CARTESIAN_POINT('',(29.2,18.,0.));
#3433 = SURFACE_CURVE('',#3434,(#3438,#3445),.PCURVE_S1.);
#3434 = LINE('',#3435,#3436);
#3435 = CARTESIAN_POINT('',(28.1,18.,3.));
#3436 = VECTOR('',#3437,1.);
#3437 = DIRECTION('',(0.344254649158,-2.299583750092E-16,-0.938876315887
    ));
#3438 = PCURVE('',#1254,#3439);
#3439 = DEFINITIONAL_REPRESENTATION('',(#3440),#3444);
#3440 = LINE('',#3441,#3442);
#3441 = CARTESIAN_POINT('',(0.5,22.));
#3442 = VECTOR('',#3443,1.);
#3443 = DIRECTION('',(0.344254649158,0.938876315887));
#3444 = ( GEOMETRIC_REPRESENTATION_CONTEXT(2) 
PARAMETRIC_REPRESENTATION_CONTEXT() REPRESENTATION_CONTEXT('2D SPACE',''
  ) );
#3445 = PCURVE('',#1286,#3446);
#3446 = DEFINITIONAL_REPRESENTATION('',(#3447),#3451);
#3447 = LINE('',#3448,#3449);
#3448 = CARTESIAN_POINT('',(0.,-0.));
#3449 = VECTOR('',#3450,1.);
#3450 = DIRECTION('',(0.,1.));
#3451 = ( GEOMETRIC_REPRESENTATION_CONTEXT(2) 
PARAMETRIC_REPRESENTATION_CONTEXT() REPRESENTATION_CONTEXT('2D SPACE',''
  ) );
#3452 = ORIENTED_EDGE('',*,*,#1237,.F.);
#3453 = ORIENTED_EDGE('',*,*,#3454,.T.);
#3454 = EDGE_CURVE('',#1238,#3455,#3457,.T.);
#3455 = VERTEX_POINT('',#3456);
#3456 = CARTESIAN_POINT('',(31.6,18.,5.5));
#3457 = SURFACE_CURVE('',#3458,(#3462,#3469),.PCURVE_S1.);
#3458 = LINE('',#3459,#3460);
#3459 = CARTESIAN_POINT('',(27.6,18.,5.5));
#3460 = VECTOR('',#3461,1.);
#3461 = DIRECTION('',(1.,0.,1.110223024625E-16));
#3462 = PCURVE('',#1254,#3463);
#3463 = DEFINITIONAL_REPRESENTATION('',(#3464),#3468);
#3464 = LINE('',#3465,#3466);
#3465 = CARTESIAN_POINT('',(-2.164934898019E-15,19.5));
#3466 = VECTOR('',#3467,1.);
#3467 = DIRECTION('',(1.,0.));
#3468 = ( GEOMETRIC_REPRESENTATION_CONTEXT(2) 
PARAMETRIC_REPRESENTATION_CONTEXT() REPRESENTATION_CONTEXT('2D SPACE',''
  ) );
#3469 = PCURVE('',#1339,#3470);
#3470 = DEFINITIONAL_REPRESENTATION('',(#3471),#3475);
#3471 = LINE('',#3472,#3473);
#3472 = CARTESIAN_POINT('',(-0.,0.));
#3473 = VECTOR('',#3474,1.);
#3474 = DIRECTION('',(-0.,-1.));
#3475 = ( GEOMETRIC_REPRESENTATION_CONTEXT(2) 
PARAMETRIC_REPRESENTATION_CONTEXT() REPRESENTATION_CONTEXT('2D SPACE',''
  ) );
#3476 = ORIENTED_EDGE('',*,*,#3477,.F.);
#3477 = EDGE_CURVE('',#3478,#3455,#3480,.T.);
#3478 = VERTEX_POINT('',#3479);
#3479 = CARTESIAN_POINT('',(31.6,18.,0.));
#3480 = SURFACE_CURVE('',#3481,(#3485,#3492),.PCURVE_S1.);
#3481 = LINE('',#3482,#3483);
#3482 = CARTESIAN_POINT('',(31.6,18.,18.5));
#3483 = VECTOR('',#3484,1.);
#3484 = DIRECTION('',(-1.110223024625E-16,0.,1.));
#3485 = PCURVE('',#1254,#3486);
#3486 = DEFINITIONAL_REPRESENTATION('',(#3487),#3491);
#3487 = LINE('',#3488,#3489);
#3488 = CARTESIAN_POINT('',(4.,6.5));
#3489 = VECTOR('',#3490,1.);
#3490 = DIRECTION('',(0.,-1.));
#3491 = ( GEOMETRIC_REPRESENTATION_CONTEXT(2) 
PARAMETRIC_REPRESENTATION_CONTEXT() REPRESENTATION_CONTEXT('2D SPACE',''
  ) );
#3492 = PCURVE('',#3493,#3498);
#3493 = PLANE('',#3494);
#3494 = AXIS2_PLACEMENT_3D('',#3495,#3496,#3497);
#3495 = CARTESIAN_POINT('',(31.6,18.,12.));
#3496 = DIRECTION('',(1.,0.,1.110223024625E-16));
#3497 = DIRECTION('',(1.110223024625E-16,0.,-1.));
#3498 = DEFINITIONAL_REPRESENTATION('',(#3499),#3503);
#3499 = LINE('',#3500,#3501);
#3500 = CARTESIAN_POINT('',(-6.5,0.));
#3501 = VECTOR('',#3502,1.);
#3502 = DIRECTION('',(-1.,0.));
#3503 = ( GEOMETRIC_REPRESENTATION_CONTEXT(2) 
PARAMETRIC_REPRESENTATION_CONTEXT() REPRESENTATION_CONTEXT('2D SPACE',''
  ) );
#3504 = ORIENTED_EDGE('',*,*,#3505,.F.);
#3505 = EDGE_CURVE('',#3431,#3478,#3506,.T.);
#3506 = SURFACE_CURVE('',#3507,(#3511,#3518),.PCURVE_S1.);
#3507 = LINE('',#3508,#3509);
#3508 = CARTESIAN_POINT('',(29.2,18.,0.));
#3509 = VECTOR('',#3510,1.);
#3510 = DIRECTION('',(1.,0.,1.110223024625E-16));
#3511 = PCURVE('',#1254,#3512);
#3512 = DEFINITIONAL_REPRESENTATION('',(#3513),#3517);
#3513 = LINE('',#3514,#3515);
#3514 = CARTESIAN_POINT('',(1.6,25.));
#3515 = VECTOR('',#3516,1.);
#3516 = DIRECTION('',(1.,0.));
#3517 = ( GEOMETRIC_REPRESENTATION_CONTEXT(2) 
PARAMETRIC_REPRESENTATION_CONTEXT() REPRESENTATION_CONTEXT('2D SPACE',''
  ) );
#3518 = PCURVE('',#2751,#3519);
#3519 = DEFINITIONAL_REPRESENTATION('',(#3520),#3524);
#3520 = LINE('',#3521,#3522);
#3521 = CARTESIAN_POINT('',(-0.,0.));
#3522 = VECTOR('',#3523,1.);
#3523 = DIRECTION('',(-0.,-1.));
#3524 = ( GEOMETRIC_REPRESENTATION_CONTEXT(2) 
PARAMETRIC_REPRESENTATION_CONTEXT() REPRESENTATION_CONTEXT('2D SPACE',''
  ) );
#3525 = ADVANCED_FACE('',(#3526),#1339,.F.);
#3526 = FACE_BOUND('',#3527,.T.);
#3527 = EDGE_LOOP('',(#3528,#3551,#3552,#3553));
#3528 = ORIENTED_EDGE('',*,*,#3529,.T.);
#3529 = EDGE_CURVE('',#3530,#1299,#3532,.T.);
#3530 = VERTEX_POINT('',#3531);
#3531 = CARTESIAN_POINT('',(31.6,18.,18.5));
#3532 = SURFACE_CURVE('',#3533,(#3537,#3544),.PCURVE_S1.);
#3533 = LINE('',#3534,#3535);
#3534 = CARTESIAN_POINT('',(27.6,18.,18.5));
#3535 = VECTOR('',#3536,1.);
#3536 = DIRECTION('',(-1.,-0.,-1.110223024625E-16));
#3537 = PCURVE('',#1339,#3538);
#3538 = DEFINITIONAL_REPRESENTATION('',(#3539),#3543);
#3539 = LINE('',#3540,#3541);
#3540 = CARTESIAN_POINT('',(-3.14159265359,0.));
#3541 = VECTOR('',#3542,1.);
#3542 = DIRECTION('',(-0.,1.));
#3543 = ( GEOMETRIC_REPRESENTATION_CONTEXT(2) 
PARAMETRIC_REPRESENTATION_CONTEXT() REPRESENTATION_CONTEXT('2D SPACE',''
  ) );
#3544 = PCURVE('',#1313,#3545);
#3545 = DEFINITIONAL_REPRESENTATION('',(#3546),#3550);
#3546 = LINE('',#3547,#3548);
#3547 = CARTESIAN_POINT('',(-7.216449660064E-16,6.5));
#3548 = VECTOR('',#3549,1.);
#3549 = DIRECTION('',(-1.,0.));
#3550 = ( GEOMETRIC_REPRESENTATION_CONTEXT(2) 
PARAMETRIC_REPRESENTATION_CONTEXT() REPRESENTATION_CONTEXT('2D SPACE',''
  ) );
#3551 = ORIENTED_EDGE('',*,*,#1324,.T.);
#3552 = ORIENTED_EDGE('',*,*,#3454,.T.);
#3553 = ORIENTED_EDGE('',*,*,#3554,.F.);
#3554 = EDGE_CURVE('',#3530,#3455,#3555,.T.);
#3555 = SURFACE_CURVE('',#3556,(#3561,#3568),.PCURVE_S1.);
#3556 = CIRCLE('',#3557,6.5);
#3557 = AXIS2_PLACEMENT_3D('',#3558,#3559,#3560);
#3558 = CARTESIAN_POINT('',(31.6,18.,12.));
#3559 = DIRECTION('',(-1.,-0.,-1.110223024625E-16));
#3560 = DIRECTION('',(1.110223024625E-16,0.,-1.));
#3561 = PCURVE('',#1339,#3562);
#3562 = DEFINITIONAL_REPRESENTATION('',(#3563),#3567);
#3563 = LINE('',#3564,#3565);
#3564 = CARTESIAN_POINT('',(-6.28318530718,-4.));
#3565 = VECTOR('',#3566,1.);
#3566 = DIRECTION('',(1.,-0.));
#3567 = ( GEOMETRIC_REPRESENTATION_CONTEXT(2) 
PARAMETRIC_REPRESENTATION_CONTEXT() REPRESENTATION_CONTEXT('2D SPACE',''
  ) );
#3568 = PCURVE('',#3493,#3569);
#3569 = DEFINITIONAL_REPRESENTATION('',(#3570),#3578);
#3570 = ( BOUNDED_CURVE() B_SPLINE_CURVE(2,(#3571,#3572,#3573,#3574,
#3575,#3576,#3577),.UNSPECIFIED.,.T.,.F.) B_SPLINE_CURVE_WITH_KNOTS((1,2
    ,2,2,2,1),(-2.094395102393,0.,2.094395102393,4.188790204786,
6.28318530718,8.377580409573),.UNSPECIFIED.) CURVE() 
GEOMETRIC_REPRESENTATION_ITEM() RATIONAL_B_SPLINE_CURVE((1.,0.5,1.,0.5,
1.,0.5,1.)) REPRESENTATION_ITEM('') );
#3571 = CARTESIAN_POINT('',(6.5,0.));
#3572 = CARTESIAN_POINT('',(6.5,-11.25833024919));
#3573 = CARTESIAN_POINT('',(-3.25,-5.629165124599));
#3574 = CARTESIAN_POINT('',(-13.,-1.592040838892E-15));
#3575 = CARTESIAN_POINT('',(-3.25,5.629165124599));
#3576 = CARTESIAN_POINT('',(6.5,11.258330249198));
#3577 = CARTESIAN_POINT('',(6.5,0.));
#3578 = ( GEOMETRIC_REPRESENTATION_CONTEXT(2) 
PARAMETRIC_REPRESENTATION_CONTEXT() REPRESENTATION_CONTEXT('2D SPACE',''
  ) );
#3579 = ADVANCED_FACE('',(#3580),#1286,.T.);
#3580 = FACE_BOUND('',#3581,.T.);
#3581 = EDGE_LOOP('',(#3582,#3604,#3605,#3606,#3627));
#3582 = ORIENTED_EDGE('',*,*,#3583,.F.);
#3583 = EDGE_CURVE('',#3431,#2733,#3584,.T.);
#3584 = SURFACE_CURVE('',#3585,(#3590,#3597),.PCURVE_S1.);
#3585 = CIRCLE('',#3586,12.);
#3586 = AXIS2_PLACEMENT_3D('',#3587,#3588,#3589);
#3587 = CARTESIAN_POINT('',(29.2,18.,12.));
#3588 = DIRECTION('',(1.,-0.,1.110223024625E-16));
#3589 = DIRECTION('',(1.110223024625E-16,0.,-1.));
#3590 = PCURVE('',#1286,#3591);
#3591 = DEFINITIONAL_REPRESENTATION('',(#3592),#3596);
#3592 = LINE('',#3593,#3594);
#3593 = CARTESIAN_POINT('',(0.,1.1));
#3594 = VECTOR('',#3595,1.);
#3595 = DIRECTION('',(1.,0.));
#3596 = ( GEOMETRIC_REPRESENTATION_CONTEXT(2) 
PARAMETRIC_REPRESENTATION_CONTEXT() REPRESENTATION_CONTEXT('2D SPACE',''
  ) );
#3597 = PCURVE('',#2751,#3598);
#3598 = DEFINITIONAL_REPRESENTATION('',(#3599),#3603);
#3599 = LINE('',#3600,#3601);
#3600 = CARTESIAN_POINT('',(-0.,0.));
#3601 = VECTOR('',#3602,1.);
#3602 = DIRECTION('',(-1.,0.));
#3603 = ( GEOMETRIC_REPRESENTATION_CONTEXT(2) 
PARAMETRIC_REPRESENTATION_CONTEXT() REPRESENTATION_CONTEXT('2D SPACE',''
  ) );
#3604 = ORIENTED_EDGE('',*,*,#3430,.F.);
#3605 = ORIENTED_EDGE('',*,*,#1265,.T.);
#3606 = ORIENTED_EDGE('',*,*,#3607,.T.);
#3607 = EDGE_CURVE('',#1266,#2767,#3608,.T.);
#3608 = SURFACE_CURVE('',#3609,(#3613,#3620),.PCURVE_S1.);
#3609 = LINE('',#3610,#3611);
#3610 = CARTESIAN_POINT('',(24.8,18.,12.));
#3611 = VECTOR('',#3612,1.);
#3612 = DIRECTION('',(0.344254649158,0.,0.938876315887));
#3613 = PCURVE('',#1286,#3614);
#3614 = DEFINITIONAL_REPRESENTATION('',(#3615),#3619);
#3615 = LINE('',#3616,#3617);
#3616 = CARTESIAN_POINT('',(3.14159265359,-3.3));
#3617 = VECTOR('',#3618,1.);
#3618 = DIRECTION('',(0.,1.));
#3619 = ( GEOMETRIC_REPRESENTATION_CONTEXT(2) 
PARAMETRIC_REPRESENTATION_CONTEXT() REPRESENTATION_CONTEXT('2D SPACE',''
  ) );
#3620 = PCURVE('',#1313,#3621);
#3621 = DEFINITIONAL_REPRESENTATION('',(#3622),#3626);
#3622 = LINE('',#3623,#3624);
#3623 = CARTESIAN_POINT('',(-2.8,13.));
#3624 = VECTOR('',#3625,1.);
#3625 = DIRECTION('',(0.344254649158,-0.938876315887));
#3626 = ( GEOMETRIC_REPRESENTATION_CONTEXT(2) 
PARAMETRIC_REPRESENTATION_CONTEXT() REPRESENTATION_CONTEXT('2D SPACE',''
  ) );
#3627 = ORIENTED_EDGE('',*,*,#2766,.F.);
#3628 = ADVANCED_FACE('',(#3629),#1313,.F.);
#3629 = FACE_BOUND('',#3630,.F.);
#3630 = EDGE_LOOP('',(#3631,#3654,#3655,#3656,#3657,#3658));
#3631 = ORIENTED_EDGE('',*,*,#3632,.F.);
#3632 = EDGE_CURVE('',#3530,#3633,#3635,.T.);
#3633 = VERTEX_POINT('',#3634);
#3634 = CARTESIAN_POINT('',(31.6,18.,24.));
#3635 = SURFACE_CURVE('',#3636,(#3640,#3647),.PCURVE_S1.);
#3636 = LINE('',#3637,#3638);
#3637 = CARTESIAN_POINT('',(31.6,18.,18.5));
#3638 = VECTOR('',#3639,1.);
#3639 = DIRECTION('',(-1.110223024625E-16,0.,1.));
#3640 = PCURVE('',#1313,#3641);
#3641 = DEFINITIONAL_REPRESENTATION('',(#3642),#3646);
#3642 = LINE('',#3643,#3644);
#3643 = CARTESIAN_POINT('',(4.,6.5));
#3644 = VECTOR('',#3645,1.);
#3645 = DIRECTION('',(0.,-1.));
#3646 = ( GEOMETRIC_REPRESENTATION_CONTEXT(2) 
PARAMETRIC_REPRESENTATION_CONTEXT() REPRESENTATION_CONTEXT('2D SPACE',''
  ) );
#3647 = PCURVE('',#3493,#3648);
#3648 = DEFINITIONAL_REPRESENTATION('',(#3649),#3653);
#3649 = LINE('',#3650,#3651);
#3650 = CARTESIAN_POINT('',(-6.5,0.));
#3651 = VECTOR('',#3652,1.);
#3652 = DIRECTION('',(-1.,0.));
#3653 = ( GEOMETRIC_REPRESENTATION_CONTEXT(2) 
PARAMETRIC_REPRESENTATION_CONTEXT() REPRESENTATION_CONTEXT('2D SPACE',''
  ) );
#3654 = ORIENTED_EDGE('',*,*,#3529,.T.);
#3655 = ORIENTED_EDGE('',*,*,#1298,.F.);
#3656 = ORIENTED_EDGE('',*,*,#3607,.T.);
#3657 = ORIENTED_EDGE('',*,*,#2793,.T.);
#3658 = ORIENTED_EDGE('',*,*,#3659,.F.);
#3659 = EDGE_CURVE('',#3633,#2735,#3660,.T.);
#3660 = SURFACE_CURVE('',#3661,(#3665,#3672),.PCURVE_S1.);
#3661 = LINE('',#3662,#3663);
#3662 = CARTESIAN_POINT('',(29.2,18.,24.));
#3663 = VECTOR('',#3664,1.);
#3664 = DIRECTION('',(-1.,-0.,-1.110223024625E-16));
#3665 = PCURVE('',#1313,#3666);
#3666 = DEFINITIONAL_REPRESENTATION('',(#3667),#3671);
#3667 = LINE('',#3668,#3669);
#3668 = CARTESIAN_POINT('',(1.6,1.));
#3669 = VECTOR('',#3670,1.);
#3670 = DIRECTION('',(-1.,0.));
#3671 = ( GEOMETRIC_REPRESENTATION_CONTEXT(2) 
PARAMETRIC_REPRESENTATION_CONTEXT() REPRESENTATION_CONTEXT('2D SPACE',''
  ) );
#3672 = PCURVE('',#2751,#3673);
#3673 = DEFINITIONAL_REPRESENTATION('',(#3674),#3678);
#3674 = LINE('',#3675,#3676);
#3675 = CARTESIAN_POINT('',(-3.14159265359,0.));
#3676 = VECTOR('',#3677,1.);
#3677 = DIRECTION('',(-0.,1.));
#3678 = ( GEOMETRIC_REPRESENTATION_CONTEXT(2) 
PARAMETRIC_REPRESENTATION_CONTEXT() REPRESENTATION_CONTEXT('2D SPACE',''
  ) );
#3679 = ADVANCED_FACE('',(#3680),#1394,.T.);
#3680 = FACE_BOUND('',#3681,.T.);
#3681 = EDGE_LOOP('',(#3682,#3683,#3684,#3712));
#3682 = ORIENTED_EDGE('',*,*,#1379,.T.);
#3683 = ORIENTED_EDGE('',*,*,#2215,.T.);
#3684 = ORIENTED_EDGE('',*,*,#3685,.F.);
#3685 = EDGE_CURVE('',#3686,#2188,#3688,.T.);
#3686 = VERTEX_POINT('',#3687);
#3687 = CARTESIAN_POINT('',(-24.6,48.2,26.74));
#3688 = SURFACE_CURVE('',#3689,(#3694,#3701),.PCURVE_S1.);
#3689 = CIRCLE('',#3690,7.6);
#3690 = AXIS2_PLACEMENT_3D('',#3691,#3692,#3693);
#3691 = CARTESIAN_POINT('',(-24.6,40.6,26.74));
#3692 = DIRECTION('',(0.,0.,1.));
#3693 = DIRECTION('',(0.,-1.,0.));
#3694 = PCURVE('',#1394,#3695);
#3695 = DEFINITIONAL_REPRESENTATION('',(#3696),#3700);
#3696 = LINE('',#3697,#3698);
#3697 = CARTESIAN_POINT('',(0.,3.6));
#3698 = VECTOR('',#3699,1.);
#3699 = DIRECTION('',(1.,0.));
#3700 = ( GEOMETRIC_REPRESENTATION_CONTEXT(2) 
PARAMETRIC_REPRESENTATION_CONTEXT() REPRESENTATION_CONTEXT('2D SPACE',''
  ) );
#3701 = PCURVE('',#3702,#3707);
#3702 = CYLINDRICAL_SURFACE('',#3703,7.6);
#3703 = AXIS2_PLACEMENT_3D('',#3704,#3705,#3706);
#3704 = CARTESIAN_POINT('',(-24.6,40.6,26.74));
#3705 = DIRECTION('',(0.,0.,1.));
#3706 = DIRECTION('',(-0.,1.,0.));
#3707 = DEFINITIONAL_REPRESENTATION('',(#3708),#3711);
#3708 = B_SPLINE_CURVE_WITH_KNOTS('',1,(#3709,#3710),.UNSPECIFIED.,.F.,
  .F.,(2,2),(3.14159265359,4.712388980385),.PIECEWISE_BEZIER_KNOTS.);
#3709 = CARTESIAN_POINT('',(4.440892098501E-16,0.));
#3710 = CARTESIAN_POINT('',(1.570796326795,0.));
#3711 = ( GEOMETRIC_REPRESENTATION_CONTEXT(2) 
PARAMETRIC_REPRESENTATION_CONTEXT() REPRESENTATION_CONTEXT('2D SPACE',''
  ) );
#3712 = ORIENTED_EDGE('',*,*,#3713,.F.);
#3713 = EDGE_CURVE('',#1355,#3686,#3714,.T.);
#3714 = SURFACE_CURVE('',#3715,(#3718,#3724),.PCURVE_S1.);
#3715 = B_SPLINE_CURVE_WITH_KNOTS('',1,(#3716,#3717),.UNSPECIFIED.,.F.,
  .F.,(2,2),(0.,1.),.PIECEWISE_BEZIER_KNOTS.);
#3716 = CARTESIAN_POINT('',(-24.6,44.6,23.14));
#3717 = CARTESIAN_POINT('',(-24.6,48.2,26.74));
#3718 = PCURVE('',#1394,#3719);
#3719 = DEFINITIONAL_REPRESENTATION('',(#3720),#3723);
#3720 = B_SPLINE_CURVE_WITH_KNOTS('',1,(#3721,#3722),.UNSPECIFIED.,.F.,
  .F.,(2,2),(0.,1.),.PIECEWISE_BEZIER_KNOTS.);
#3721 = CARTESIAN_POINT('',(3.14159265359,0.));
#3722 = CARTESIAN_POINT('',(3.14159265359,3.6));
#3723 = ( GEOMETRIC_REPRESENTATION_CONTEXT(2) 
PARAMETRIC_REPRESENTATION_CONTEXT() REPRESENTATION_CONTEXT('2D SPACE',''
  ) );
#3724 = PCURVE('',#1480,#3725);
#3725 = DEFINITIONAL_REPRESENTATION('',(#3726),#3729);
#3726 = B_SPLINE_CURVE_WITH_KNOTS('',1,(#3727,#3728),.UNSPECIFIED.,.F.,
  .F.,(2,2),(0.,1.),.PIECEWISE_BEZIER_KNOTS.);
#3727 = CARTESIAN_POINT('',(56.8,-5.091168824543));
#3728 = CARTESIAN_POINT('',(56.8,1.42108547152E-14));
#3729 = ( GEOMETRIC_REPRESENTATION_CONTEXT(2) 
PARAMETRIC_REPRESENTATION_CONTEXT() REPRESENTATION_CONTEXT('2D SPACE',''
  ) );
#3730 = ADVANCED_FACE('',(#3731),#1449,.T.);
#3731 = FACE_BOUND('',#3732,.T.);
#3732 = EDGE_LOOP('',(#3733,#3734,#3754,#3780));
#3733 = ORIENTED_EDGE('',*,*,#1434,.T.);
#3734 = ORIENTED_EDGE('',*,*,#3735,.T.);
#3735 = EDGE_CURVE('',#1412,#3736,#3738,.T.);
#3736 = VERTEX_POINT('',#3737);
#3737 = CARTESIAN_POINT('',(24.6,48.2,26.74));
#3738 = SURFACE_CURVE('',#3739,(#3742,#3748),.PCURVE_S1.);
#3739 = B_SPLINE_CURVE_WITH_KNOTS('',1,(#3740,#3741),.UNSPECIFIED.,.F.,
  .F.,(2,2),(0.,1.),.PIECEWISE_BEZIER_KNOTS.);
#3740 = CARTESIAN_POINT('',(24.6,44.6,23.14));
#3741 = CARTESIAN_POINT('',(24.6,48.2,26.74));
#3742 = PCURVE('',#1449,#3743);
#3743 = DEFINITIONAL_REPRESENTATION('',(#3744),#3747);
#3744 = B_SPLINE_CURVE_WITH_KNOTS('',1,(#3745,#3746),.UNSPECIFIED.,.F.,
  .F.,(2,2),(0.,1.),.PIECEWISE_BEZIER_KNOTS.);
#3745 = CARTESIAN_POINT('',(3.14159265359,0.));
#3746 = CARTESIAN_POINT('',(3.14159265359,3.6));
#3747 = ( GEOMETRIC_REPRESENTATION_CONTEXT(2) 
PARAMETRIC_REPRESENTATION_CONTEXT() REPRESENTATION_CONTEXT('2D SPACE',''
  ) );
#3748 = PCURVE('',#1480,#3749);
#3749 = DEFINITIONAL_REPRESENTATION('',(#3750),#3753);
#3750 = B_SPLINE_CURVE_WITH_KNOTS('',1,(#3751,#3752),.UNSPECIFIED.,.F.,
  .F.,(2,2),(0.,1.),.PIECEWISE_BEZIER_KNOTS.);
#3751 = CARTESIAN_POINT('',(7.6,-5.091168824543));
#3752 = CARTESIAN_POINT('',(7.6,1.42108547152E-14));
#3753 = ( GEOMETRIC_REPRESENTATION_CONTEXT(2) 
PARAMETRIC_REPRESENTATION_CONTEXT() REPRESENTATION_CONTEXT('2D SPACE',''
  ) );
#3754 = ORIENTED_EDGE('',*,*,#3755,.F.);
#3755 = EDGE_CURVE('',#2684,#3736,#3756,.T.);
#3756 = SURFACE_CURVE('',#3757,(#3762,#3769),.PCURVE_S1.);
#3757 = CIRCLE('',#3758,7.6);
#3758 = AXIS2_PLACEMENT_3D('',#3759,#3760,#3761);
#3759 = CARTESIAN_POINT('',(24.6,40.6,26.74));
#3760 = DIRECTION('',(0.,0.,1.));
#3761 = DIRECTION('',(0.,-1.,0.));
#3762 = PCURVE('',#1449,#3763);
#3763 = DEFINITIONAL_REPRESENTATION('',(#3764),#3768);
#3764 = LINE('',#3765,#3766);
#3765 = CARTESIAN_POINT('',(0.,3.6));
#3766 = VECTOR('',#3767,1.);
#3767 = DIRECTION('',(1.,0.));
#3768 = ( GEOMETRIC_REPRESENTATION_CONTEXT(2) 
PARAMETRIC_REPRESENTATION_CONTEXT() REPRESENTATION_CONTEXT('2D SPACE',''
  ) );
#3769 = PCURVE('',#3770,#3775);
#3770 = CYLINDRICAL_SURFACE('',#3771,7.6);
#3771 = AXIS2_PLACEMENT_3D('',#3772,#3773,#3774);
#3772 = CARTESIAN_POINT('',(24.6,40.6,26.74));
#3773 = DIRECTION('',(0.,0.,1.));
#3774 = DIRECTION('',(1.,0.,-0.));
#3775 = DEFINITIONAL_REPRESENTATION('',(#3776),#3779);
#3776 = B_SPLINE_CURVE_WITH_KNOTS('',1,(#3777,#3778),.UNSPECIFIED.,.F.,
  .F.,(2,2),(1.570796326795,3.14159265359),.PIECEWISE_BEZIER_KNOTS.);
#3777 = CARTESIAN_POINT('',(0.,0.));
#3778 = CARTESIAN_POINT('',(1.570796326795,0.));
#3779 = ( GEOMETRIC_REPRESENTATION_CONTEXT(2) 
PARAMETRIC_REPRESENTATION_CONTEXT() REPRESENTATION_CONTEXT('2D SPACE',''
  ) );
#3780 = ORIENTED_EDGE('',*,*,#2683,.F.);
#3781 = ADVANCED_FACE('',(#3782),#1480,.T.);
#3782 = FACE_BOUND('',#3783,.T.);
#3783 = EDGE_LOOP('',(#3784,#3785,#3786,#3812));
#3784 = ORIENTED_EDGE('',*,*,#1466,.T.);
#3785 = ORIENTED_EDGE('',*,*,#3713,.T.);
#3786 = ORIENTED_EDGE('',*,*,#3787,.F.);
#3787 = EDGE_CURVE('',#3736,#3686,#3788,.T.);
#3788 = SURFACE_CURVE('',#3789,(#3793,#3800),.PCURVE_S1.);
#3789 = LINE('',#3790,#3791);
#3790 = CARTESIAN_POINT('',(32.2,48.2,26.74));
#3791 = VECTOR('',#3792,1.);
#3792 = DIRECTION('',(-1.,0.,0.));
#3793 = PCURVE('',#1480,#3794);
#3794 = DEFINITIONAL_REPRESENTATION('',(#3795),#3799);
#3795 = LINE('',#3796,#3797);
#3796 = CARTESIAN_POINT('',(0.,0.));
#3797 = VECTOR('',#3798,1.);
#3798 = DIRECTION('',(1.,0.));
#3799 = ( GEOMETRIC_REPRESENTATION_CONTEXT(2) 
PARAMETRIC_REPRESENTATION_CONTEXT() REPRESENTATION_CONTEXT('2D SPACE',''
  ) );
#3800 = PCURVE('',#3801,#3806);
#3801 = PLANE('',#3802);
#3802 = AXIS2_PLACEMENT_3D('',#3803,#3804,#3805);
#3803 = CARTESIAN_POINT('',(32.2,48.2,26.74));
#3804 = DIRECTION('',(0.,-1.,0.));
#3805 = DIRECTION('',(-1.,0.,0.));
#3806 = DEFINITIONAL_REPRESENTATION('',(#3807),#3811);
#3807 = LINE('',#3808,#3809);
#3808 = CARTESIAN_POINT('',(0.,-0.));
#3809 = VECTOR('',#3810,1.);
#3810 = DIRECTION('',(1.,0.));
#3811 = ( GEOMETRIC_REPRESENTATION_CONTEXT(2) 
PARAMETRIC_REPRESENTATION_CONTEXT() REPRESENTATION_CONTEXT('2D SPACE',''
  ) );
#3812 = ORIENTED_EDGE('',*,*,#3735,.F.);
#3813 = ADVANCED_FACE('',(#3814),#1534,.T.);
#3814 = FACE_BOUND('',#3815,.T.);
#3815 = EDGE_LOOP('',(#3816,#3839,#3840,#3863));
#3816 = ORIENTED_EDGE('',*,*,#3817,.F.);
#3817 = EDGE_CURVE('',#1498,#3818,#3820,.T.);
#3818 = VERTEX_POINT('',#3819);
#3819 = CARTESIAN_POINT('',(22.,-37.,3.));
#3820 = SURFACE_CURVE('',#3821,(#3825,#3832),.PCURVE_S1.);
#3821 = LINE('',#3822,#3823);
#3822 = CARTESIAN_POINT('',(22.,-37.,-1.));
#3823 = VECTOR('',#3824,1.);
#3824 = DIRECTION('',(0.,0.,1.));
#3825 = PCURVE('',#1534,#3826);
#3826 = DEFINITIONAL_REPRESENTATION('',(#3827),#3831);
#3827 = LINE('',#3828,#3829);
#3828 = CARTESIAN_POINT('',(46.,0.));
#3829 = VECTOR('',#3830,1.);
#3830 = DIRECTION('',(0.,-1.));
#3831 = ( GEOMETRIC_REPRESENTATION_CONTEXT(2) 
PARAMETRIC_REPRESENTATION_CONTEXT() REPRESENTATION_CONTEXT('2D SPACE',''
  ) );
#3832 = PCURVE('',#1607,#3833);
#3833 = DEFINITIONAL_REPRESENTATION('',(#3834),#3838);
#3834 = LINE('',#3835,#3836);
#3835 = CARTESIAN_POINT('',(0.,0.));
#3836 = VECTOR('',#3837,1.);
#3837 = DIRECTION('',(0.,1.));
#3838 = ( GEOMETRIC_REPRESENTATION_CONTEXT(2) 
PARAMETRIC_REPRESENTATION_CONTEXT() REPRESENTATION_CONTEXT('2D SPACE',''
  ) );
#3839 = ORIENTED_EDGE('',*,*,#1519,.F.);
#3840 = ORIENTED_EDGE('',*,*,#3841,.T.);
#3841 = EDGE_CURVE('',#1520,#3842,#3844,.T.);
#3842 = VERTEX_POINT('',#3843);
#3843 = CARTESIAN_POINT('',(-22.,-37.,3.));
#3844 = SURFACE_CURVE('',#3845,(#3849,#3856),.PCURVE_S1.);
#3845 = LINE('',#3846,#3847);
#3846 = CARTESIAN_POINT('',(-22.,-37.,-1.));
#3847 = VECTOR('',#3848,1.);
#3848 = DIRECTION('',(0.,0.,1.));
#3849 = PCURVE('',#1534,#3850);
#3850 = DEFINITIONAL_REPRESENTATION('',(#3851),#3855);
#3851 = LINE('',#3852,#3853);
#3852 = CARTESIAN_POINT('',(2.,0.));
#3853 = VECTOR('',#3854,1.);
#3854 = DIRECTION('',(0.,-1.));
#3855 = ( GEOMETRIC_REPRESENTATION_CONTEXT(2) 
PARAMETRIC_REPRESENTATION_CONTEXT() REPRESENTATION_CONTEXT('2D SPACE',''
  ) );
#3856 = PCURVE('',#1904,#3857);
#3857 = DEFINITIONAL_REPRESENTATION('',(#3858),#3862);
#3858 = LINE('',#3859,#3860);
#3859 = CARTESIAN_POINT('',(-0.,0.));
#3860 = VECTOR('',#3861,1.);
#3861 = DIRECTION('',(-0.,1.));
#3862 = ( GEOMETRIC_REPRESENTATION_CONTEXT(2) 
PARAMETRIC_REPRESENTATION_CONTEXT() REPRESENTATION_CONTEXT('2D SPACE',''
  ) );
#3863 = ORIENTED_EDGE('',*,*,#3864,.F.);
#3864 = EDGE_CURVE('',#3818,#3842,#3865,.T.);
#3865 = SURFACE_CURVE('',#3866,(#3870,#3876),.PCURVE_S1.);
#3866 = LINE('',#3867,#3868);
#3867 = CARTESIAN_POINT('',(-12.,-37.,3.));
#3868 = VECTOR('',#3869,1.);
#3869 = DIRECTION('',(-1.,0.,0.));
#3870 = PCURVE('',#1534,#3871);
#3871 = DEFINITIONAL_REPRESENTATION('',(#3872),#3875);
#3872 = B_SPLINE_CURVE_WITH_KNOTS('',1,(#3873,#3874),.UNSPECIFIED.,.F.,
  .F.,(2,2),(-34.,10.),.PIECEWISE_BEZIER_KNOTS.);
#3873 = CARTESIAN_POINT('',(46.,-4.));
#3874 = CARTESIAN_POINT('',(2.,-4.));
#3875 = ( GEOMETRIC_REPRESENTATION_CONTEXT(2) 
PARAMETRIC_REPRESENTATION_CONTEXT() REPRESENTATION_CONTEXT('2D SPACE',''
  ) );
#3876 = PCURVE('',#3877,#3882);
#3877 = PLANE('',#3878);
#3878 = AXIS2_PLACEMENT_3D('',#3879,#3880,#3881);
#3879 = CARTESIAN_POINT('',(0.,0.,3.));
#3880 = DIRECTION('',(0.,0.,1.));
#3881 = DIRECTION('',(1.,0.,-0.));
#3882 = DEFINITIONAL_REPRESENTATION('',(#3883),#3886);
#3883 = B_SPLINE_CURVE_WITH_KNOTS('',1,(#3884,#3885),.UNSPECIFIED.,.F.,
  .F.,(2,2),(-34.,10.),.PIECEWISE_BEZIER_KNOTS.);
#3884 = CARTESIAN_POINT('',(22.,-37.));
#3885 = CARTESIAN_POINT('',(-22.,-37.));
#3886 = ( GEOMETRIC_REPRESENTATION_CONTEXT(2) 
PARAMETRIC_REPRESENTATION_CONTEXT() REPRESENTATION_CONTEXT('2D SPACE',''
  ) );
#3887 = ADVANCED_FACE('',(#3888),#1607,.F.);
#3888 = FACE_BOUND('',#3889,.F.);
#3889 = EDGE_LOOP('',(#3890,#3891,#3892,#3915));
#3890 = ORIENTED_EDGE('',*,*,#3817,.F.);
#3891 = ORIENTED_EDGE('',*,*,#1592,.T.);
#3892 = ORIENTED_EDGE('',*,*,#3893,.T.);
#3893 = EDGE_CURVE('',#1571,#3894,#3896,.T.);
#3894 = VERTEX_POINT('',#3895);
#3895 = CARTESIAN_POINT('',(24.,-35.,3.));
#3896 = SURFACE_CURVE('',#3897,(#3901,#3908),.PCURVE_S1.);
#3897 = LINE('',#3898,#3899);
#3898 = CARTESIAN_POINT('',(24.,-35.,-1.));
#3899 = VECTOR('',#3900,1.);
#3900 = DIRECTION('',(0.,0.,1.));
#3901 = PCURVE('',#1607,#3902);
#3902 = DEFINITIONAL_REPRESENTATION('',(#3903),#3907);
#3903 = LINE('',#3904,#3905);
#3904 = CARTESIAN_POINT('',(1.570796326795,0.));
#3905 = VECTOR('',#3906,1.);
#3906 = DIRECTION('',(0.,1.));
#3907 = ( GEOMETRIC_REPRESENTATION_CONTEXT(2) 
PARAMETRIC_REPRESENTATION_CONTEXT() REPRESENTATION_CONTEXT('2D SPACE',''
  ) );
#3908 = PCURVE('',#1659,#3909);
#3909 = DEFINITIONAL_REPRESENTATION('',(#3910),#3914);
#3910 = LINE('',#3911,#3912);
#3911 = CARTESIAN_POINT('',(2.,0.));
#3912 = VECTOR('',#3913,1.);
#3913 = DIRECTION('',(0.,-1.));
#3914 = ( GEOMETRIC_REPRESENTATION_CONTEXT(2) 
PARAMETRIC_REPRESENTATION_CONTEXT() REPRESENTATION_CONTEXT('2D SPACE',''
  ) );
#3915 = ORIENTED_EDGE('',*,*,#3916,.F.);
#3916 = EDGE_CURVE('',#3818,#3894,#3917,.T.);
#3917 = SURFACE_CURVE('',#3918,(#3923,#3930),.PCURVE_S1.);
#3918 = CIRCLE('',#3919,2.);
#3919 = AXIS2_PLACEMENT_3D('',#3920,#3921,#3922);
#3920 = CARTESIAN_POINT('',(22.,-35.,3.));
#3921 = DIRECTION('',(0.,0.,1.));
#3922 = DIRECTION('',(0.,-1.,0.));
#3923 = PCURVE('',#1607,#3924);
#3924 = DEFINITIONAL_REPRESENTATION('',(#3925),#3929);
#3925 = LINE('',#3926,#3927);
#3926 = CARTESIAN_POINT('',(0.,4.));
#3927 = VECTOR('',#3928,1.);
#3928 = DIRECTION('',(1.,0.));
#3929 = ( GEOMETRIC_REPRESENTATION_CONTEXT(2) 
PARAMETRIC_REPRESENTATION_CONTEXT() REPRESENTATION_CONTEXT('2D SPACE',''
  ) );
#3930 = PCURVE('',#3877,#3931);
#3931 = DEFINITIONAL_REPRESENTATION('',(#3932),#3936);
#3932 = CIRCLE('',#3933,2.);
#3933 = AXIS2_PLACEMENT_2D('',#3934,#3935);
#3934 = CARTESIAN_POINT('',(22.,-35.));
#3935 = DIRECTION('',(0.,-1.));
#3936 = ( GEOMETRIC_REPRESENTATION_CONTEXT(2) 
PARAMETRIC_REPRESENTATION_CONTEXT() REPRESENTATION_CONTEXT('2D SPACE',''
  ) );
#3937 = ADVANCED_FACE('',(#3938),#1659,.T.);
#3938 = FACE_BOUND('',#3939,.T.);
#3939 = EDGE_LOOP('',(#3940,#3963,#3964,#3965));
#3940 = ORIENTED_EDGE('',*,*,#3941,.F.);
#3941 = EDGE_CURVE('',#1625,#3942,#3944,.T.);
#3942 = VERTEX_POINT('',#3943);
#3943 = CARTESIAN_POINT('',(24.,35.,3.));
#3944 = SURFACE_CURVE('',#3945,(#3949,#3956),.PCURVE_S1.);
#3945 = LINE('',#3946,#3947);
#3946 = CARTESIAN_POINT('',(24.,35.,-1.));
#3947 = VECTOR('',#3948,1.);
#3948 = DIRECTION('',(0.,0.,1.));
#3949 = PCURVE('',#1659,#3950);
#3950 = DEFINITIONAL_REPRESENTATION('',(#3951),#3955);
#3951 = LINE('',#3952,#3953);
#3952 = CARTESIAN_POINT('',(72.,0.));
#3953 = VECTOR('',#3954,1.);
#3954 = DIRECTION('',(0.,-1.));
#3955 = ( GEOMETRIC_REPRESENTATION_CONTEXT(2) 
PARAMETRIC_REPRESENTATION_CONTEXT() REPRESENTATION_CONTEXT('2D SPACE',''
  ) );
#3956 = PCURVE('',#1713,#3957);
#3957 = DEFINITIONAL_REPRESENTATION('',(#3958),#3962);
#3958 = LINE('',#3959,#3960);
#3959 = CARTESIAN_POINT('',(0.,0.));
#3960 = VECTOR('',#3961,1.);
#3961 = DIRECTION('',(0.,1.));
#3962 = ( GEOMETRIC_REPRESENTATION_CONTEXT(2) 
PARAMETRIC_REPRESENTATION_CONTEXT() REPRESENTATION_CONTEXT('2D SPACE',''
  ) );
#3963 = ORIENTED_EDGE('',*,*,#1646,.F.);
#3964 = ORIENTED_EDGE('',*,*,#3893,.T.);
#3965 = ORIENTED_EDGE('',*,*,#3966,.F.);
#3966 = EDGE_CURVE('',#3942,#3894,#3967,.T.);
#3967 = SURFACE_CURVE('',#3968,(#3972,#3978),.PCURVE_S1.);
#3968 = LINE('',#3969,#3970);
#3969 = CARTESIAN_POINT('',(24.,-18.5,3.));
#3970 = VECTOR('',#3971,1.);
#3971 = DIRECTION('',(0.,-1.,0.));
#3972 = PCURVE('',#1659,#3973);
#3973 = DEFINITIONAL_REPRESENTATION('',(#3974),#3977);
#3974 = B_SPLINE_CURVE_WITH_KNOTS('',1,(#3975,#3976),.UNSPECIFIED.,.F.,
  .F.,(2,2),(-53.5,16.5),.PIECEWISE_BEZIER_KNOTS.);
#3975 = CARTESIAN_POINT('',(72.,-4.));
#3976 = CARTESIAN_POINT('',(2.,-4.));
#3977 = ( GEOMETRIC_REPRESENTATION_CONTEXT(2) 
PARAMETRIC_REPRESENTATION_CONTEXT() REPRESENTATION_CONTEXT('2D SPACE',''
  ) );
#3978 = PCURVE('',#3877,#3979);
#3979 = DEFINITIONAL_REPRESENTATION('',(#3980),#3983);
#3980 = B_SPLINE_CURVE_WITH_KNOTS('',1,(#3981,#3982),.UNSPECIFIED.,.F.,
  .F.,(2,2),(-53.5,16.5),.PIECEWISE_BEZIER_KNOTS.);
#3981 = CARTESIAN_POINT('',(24.,35.));
#3982 = CARTESIAN_POINT('',(24.,-35.));
#3983 = ( GEOMETRIC_REPRESENTATION_CONTEXT(2) 
PARAMETRIC_REPRESENTATION_CONTEXT() REPRESENTATION_CONTEXT('2D SPACE',''
  ) );
#3984 = ADVANCED_FACE('',(#3985),#1713,.F.);
#3985 = FACE_BOUND('',#3986,.F.);
#3986 = EDGE_LOOP('',(#3987,#3988,#3989,#4012));
#3987 = ORIENTED_EDGE('',*,*,#3941,.F.);
#3988 = ORIENTED_EDGE('',*,*,#1698,.T.);
#3989 = ORIENTED_EDGE('',*,*,#3990,.T.);
#3990 = EDGE_CURVE('',#1677,#3991,#3993,.T.);
#3991 = VERTEX_POINT('',#3992);
#3992 = CARTESIAN_POINT('',(22.,37.,3.));
#3993 = SURFACE_CURVE('',#3994,(#3998,#4005),.PCURVE_S1.);
#3994 = LINE('',#3995,#3996);
#3995 = CARTESIAN_POINT('',(22.,37.,-1.));
#3996 = VECTOR('',#3997,1.);
#3997 = DIRECTION('',(0.,0.,1.));
#3998 = PCURVE('',#1713,#3999);
#3999 = DEFINITIONAL_REPRESENTATION('',(#4000),#4004);
#4000 = LINE('',#4001,#4002);
#4001 = CARTESIAN_POINT('',(1.570796326795,0.));
#4002 = VECTOR('',#4003,1.);
#4003 = DIRECTION('',(0.,1.));
#4004 = ( GEOMETRIC_REPRESENTATION_CONTEXT(2) 
PARAMETRIC_REPRESENTATION_CONTEXT() REPRESENTATION_CONTEXT('2D SPACE',''
  ) );
#4005 = PCURVE('',#1765,#4006);
#4006 = DEFINITIONAL_REPRESENTATION('',(#4007),#4011);
#4007 = LINE('',#4008,#4009);
#4008 = CARTESIAN_POINT('',(2.,0.));
#4009 = VECTOR('',#4010,1.);
#4010 = DIRECTION('',(0.,-1.));
#4011 = ( GEOMETRIC_REPRESENTATION_CONTEXT(2) 
PARAMETRIC_REPRESENTATION_CONTEXT() REPRESENTATION_CONTEXT('2D SPACE',''
  ) );
#4012 = ORIENTED_EDGE('',*,*,#4013,.F.);
#4013 = EDGE_CURVE('',#3942,#3991,#4014,.T.);
#4014 = SURFACE_CURVE('',#4015,(#4020,#4027),.PCURVE_S1.);
#4015 = CIRCLE('',#4016,2.);
#4016 = AXIS2_PLACEMENT_3D('',#4017,#4018,#4019);
#4017 = CARTESIAN_POINT('',(22.,35.,3.));
#4018 = DIRECTION('',(0.,0.,1.));
#4019 = DIRECTION('',(1.,0.,-0.));
#4020 = PCURVE('',#1713,#4021);
#4021 = DEFINITIONAL_REPRESENTATION('',(#4022),#4026);
#4022 = LINE('',#4023,#4024);
#4023 = CARTESIAN_POINT('',(0.,4.));
#4024 = VECTOR('',#4025,1.);
#4025 = DIRECTION('',(1.,0.));
#4026 = ( GEOMETRIC_REPRESENTATION_CONTEXT(2) 
PARAMETRIC_REPRESENTATION_CONTEXT() REPRESENTATION_CONTEXT('2D SPACE',''
  ) );
#4027 = PCURVE('',#3877,#4028);
#4028 = DEFINITIONAL_REPRESENTATION('',(#4029),#4033);
#4029 = CIRCLE('',#4030,2.);
#4030 = AXIS2_PLACEMENT_2D('',#4031,#4032);
#4031 = CARTESIAN_POINT('',(22.,35.));
#4032 = DIRECTION('',(1.,0.));
#4033 = ( GEOMETRIC_REPRESENTATION_CONTEXT(2) 
PARAMETRIC_REPRESENTATION_CONTEXT() REPRESENTATION_CONTEXT('2D SPACE',''
  ) );
#4034 = ADVANCED_FACE('',(#4035),#1765,.T.);
#4035 = FACE_BOUND('',#4036,.T.);
#4036 = EDGE_LOOP('',(#4037,#4060,#4061,#4062));
#4037 = ORIENTED_EDGE('',*,*,#4038,.F.);
#4038 = EDGE_CURVE('',#1731,#4039,#4041,.T.);
#4039 = VERTEX_POINT('',#4040);
#4040 = CARTESIAN_POINT('',(-22.,37.,3.));
#4041 = SURFACE_CURVE('',#4042,(#4046,#4053),.PCURVE_S1.);
#4042 = LINE('',#4043,#4044);
#4043 = CARTESIAN_POINT('',(-22.,37.,-1.));
#4044 = VECTOR('',#4045,1.);
#4045 = DIRECTION('',(0.,0.,1.));
#4046 = PCURVE('',#1765,#4047);
#4047 = DEFINITIONAL_REPRESENTATION('',(#4048),#4052);
#4048 = LINE('',#4049,#4050);
#4049 = CARTESIAN_POINT('',(46.,0.));
#4050 = VECTOR('',#4051,1.);
#4051 = DIRECTION('',(0.,-1.));
#4052 = ( GEOMETRIC_REPRESENTATION_CONTEXT(2) 
PARAMETRIC_REPRESENTATION_CONTEXT() REPRESENTATION_CONTEXT('2D SPACE',''
  ) );
#4053 = PCURVE('',#1819,#4054);
#4054 = DEFINITIONAL_REPRESENTATION('',(#4055),#4059);
#4055 = LINE('',#4056,#4057);
#4056 = CARTESIAN_POINT('',(0.,0.));
#4057 = VECTOR('',#4058,1.);
#4058 = DIRECTION('',(0.,1.));
#4059 = ( GEOMETRIC_REPRESENTATION_CONTEXT(2) 
PARAMETRIC_REPRESENTATION_CONTEXT() REPRESENTATION_CONTEXT('2D SPACE',''
  ) );
#4060 = ORIENTED_EDGE('',*,*,#1752,.F.);
#4061 = ORIENTED_EDGE('',*,*,#3990,.T.);
#4062 = ORIENTED_EDGE('',*,*,#4063,.F.);
#4063 = EDGE_CURVE('',#4039,#3991,#4064,.T.);
#4064 = SURFACE_CURVE('',#4065,(#4069,#4075),.PCURVE_S1.);
#4065 = LINE('',#4066,#4067);
#4066 = CARTESIAN_POINT('',(12.,37.,3.));
#4067 = VECTOR('',#4068,1.);
#4068 = DIRECTION('',(1.,0.,-0.));
#4069 = PCURVE('',#1765,#4070);
#4070 = DEFINITIONAL_REPRESENTATION('',(#4071),#4074);
#4071 = B_SPLINE_CURVE_WITH_KNOTS('',1,(#4072,#4073),.UNSPECIFIED.,.F.,
  .F.,(2,2),(-34.,10.),.PIECEWISE_BEZIER_KNOTS.);
#4072 = CARTESIAN_POINT('',(46.,-4.));
#4073 = CARTESIAN_POINT('',(2.,-4.));
#4074 = ( GEOMETRIC_REPRESENTATION_CONTEXT(2) 
PARAMETRIC_REPRESENTATION_CONTEXT() REPRESENTATION_CONTEXT('2D SPACE',''
  ) );
#4075 = PCURVE('',#3877,#4076);
#4076 = DEFINITIONAL_REPRESENTATION('',(#4077),#4080);
#4077 = B_SPLINE_CURVE_WITH_KNOTS('',1,(#4078,#4079),.UNSPECIFIED.,.F.,
  .F.,(2,2),(-34.,10.),.PIECEWISE_BEZIER_KNOTS.);
#4078 = CARTESIAN_POINT('',(-22.,37.));
#4079 = CARTESIAN_POINT('',(22.,37.));
#4080 = ( GEOMETRIC_REPRESENTATION_CONTEXT(2) 
PARAMETRIC_REPRESENTATION_CONTEXT() REPRESENTATION_CONTEXT('2D SPACE',''
  ) );
#4081 = ADVANCED_FACE('',(#4082),#1819,.F.);
#4082 = FACE_BOUND('',#4083,.F.);
#4083 = EDGE_LOOP('',(#4084,#4085,#4086,#4109));
#4084 = ORIENTED_EDGE('',*,*,#4038,.F.);
#4085 = ORIENTED_EDGE('',*,*,#1804,.T.);
#4086 = ORIENTED_EDGE('',*,*,#4087,.T.);
#4087 = EDGE_CURVE('',#1783,#4088,#4090,.T.);
#4088 = VERTEX_POINT('',#4089);
#4089 = CARTESIAN_POINT('',(-24.,35.,3.));
#4090 = SURFACE_CURVE('',#4091,(#4095,#4102),.PCURVE_S1.);
#4091 = LINE('',#4092,#4093);
#4092 = CARTESIAN_POINT('',(-24.,35.,-1.));
#4093 = VECTOR('',#4094,1.);
#4094 = DIRECTION('',(0.,0.,1.));
#4095 = PCURVE('',#1819,#4096);
#4096 = DEFINITIONAL_REPRESENTATION('',(#4097),#4101);
#4097 = LINE('',#4098,#4099);
#4098 = CARTESIAN_POINT('',(1.570796326795,0.));
#4099 = VECTOR('',#4100,1.);
#4100 = DIRECTION('',(0.,1.));
#4101 = ( GEOMETRIC_REPRESENTATION_CONTEXT(2) 
PARAMETRIC_REPRESENTATION_CONTEXT() REPRESENTATION_CONTEXT('2D SPACE',''
  ) );
#4102 = PCURVE('',#1871,#4103);
#4103 = DEFINITIONAL_REPRESENTATION('',(#4104),#4108);
#4104 = LINE('',#4105,#4106);
#4105 = CARTESIAN_POINT('',(2.,0.));
#4106 = VECTOR('',#4107,1.);
#4107 = DIRECTION('',(0.,-1.));
#4108 = ( GEOMETRIC_REPRESENTATION_CONTEXT(2) 
PARAMETRIC_REPRESENTATION_CONTEXT() REPRESENTATION_CONTEXT('2D SPACE',''
  ) );
#4109 = ORIENTED_EDGE('',*,*,#4110,.F.);
#4110 = EDGE_CURVE('',#4039,#4088,#4111,.T.);
#4111 = SURFACE_CURVE('',#4112,(#4117,#4124),.PCURVE_S1.);
#4112 = CIRCLE('',#4113,2.);
#4113 = AXIS2_PLACEMENT_3D('',#4114,#4115,#4116);
#4114 = CARTESIAN_POINT('',(-22.,35.,3.));
#4115 = DIRECTION('',(0.,0.,1.));
#4116 = DIRECTION('',(-0.,1.,0.));
#4117 = PCURVE('',#1819,#4118);
#4118 = DEFINITIONAL_REPRESENTATION('',(#4119),#4123);
#4119 = LINE('',#4120,#4121);
#4120 = CARTESIAN_POINT('',(0.,4.));
#4121 = VECTOR('',#4122,1.);
#4122 = DIRECTION('',(1.,0.));
#4123 = ( GEOMETRIC_REPRESENTATION_CONTEXT(2) 
PARAMETRIC_REPRESENTATION_CONTEXT() REPRESENTATION_CONTEXT('2D SPACE',''
  ) );
#4124 = PCURVE('',#3877,#4125);
#4125 = DEFINITIONAL_REPRESENTATION('',(#4126),#4130);
#4126 = CIRCLE('',#4127,2.);
#4127 = AXIS2_PLACEMENT_2D('',#4128,#4129);
#4128 = CARTESIAN_POINT('',(-22.,35.));
#4129 = DIRECTION('',(0.,1.));
#4130 = ( GEOMETRIC_REPRESENTATION_CONTEXT(2) 
PARAMETRIC_REPRESENTATION_CONTEXT() REPRESENTATION_CONTEXT('2D SPACE',''
  ) );
#4131 = ADVANCED_FACE('',(#4132),#1871,.T.);
#4132 = FACE_BOUND('',#4133,.T.);
#4133 = EDGE_LOOP('',(#4134,#4157,#4158,#4159));
#4134 = ORIENTED_EDGE('',*,*,#4135,.F.);
#4135 = EDGE_CURVE('',#1837,#4136,#4138,.T.);
#4136 = VERTEX_POINT('',#4137);
#4137 = CARTESIAN_POINT('',(-24.,-35.,3.));
#4138 = SURFACE_CURVE('',#4139,(#4143,#4150),.PCURVE_S1.);
#4139 = LINE('',#4140,#4141);
#4140 = CARTESIAN_POINT('',(-24.,-35.,-1.));
#4141 = VECTOR('',#4142,1.);
#4142 = DIRECTION('',(0.,0.,1.));
#4143 = PCURVE('',#1871,#4144);
#4144 = DEFINITIONAL_REPRESENTATION('',(#4145),#4149);
#4145 = LINE('',#4146,#4147);
#4146 = CARTESIAN_POINT('',(72.,0.));
#4147 = VECTOR('',#4148,1.);
#4148 = DIRECTION('',(0.,-1.));
#4149 = ( GEOMETRIC_REPRESENTATION_CONTEXT(2) 
PARAMETRIC_REPRESENTATION_CONTEXT() REPRESENTATION_CONTEXT('2D SPACE',''
  ) );
#4150 = PCURVE('',#1904,#4151);
#4151 = DEFINITIONAL_REPRESENTATION('',(#4152),#4156);
#4152 = LINE('',#4153,#4154);
#4153 = CARTESIAN_POINT('',(-1.570796326795,0.));
#4154 = VECTOR('',#4155,1.);
#4155 = DIRECTION('',(-0.,1.));
#4156 = ( GEOMETRIC_REPRESENTATION_CONTEXT(2) 
PARAMETRIC_REPRESENTATION_CONTEXT() REPRESENTATION_CONTEXT('2D SPACE',''
  ) );
#4157 = ORIENTED_EDGE('',*,*,#1858,.F.);
#4158 = ORIENTED_EDGE('',*,*,#4087,.T.);
#4159 = ORIENTED_EDGE('',*,*,#4160,.F.);
#4160 = EDGE_CURVE('',#4136,#4088,#4161,.T.);
#4161 = SURFACE_CURVE('',#4162,(#4166,#4172),.PCURVE_S1.);
#4162 = LINE('',#4163,#4164);
#4163 = CARTESIAN_POINT('',(-24.,18.5,3.));
#4164 = VECTOR('',#4165,1.);
#4165 = DIRECTION('',(-0.,1.,0.));
#4166 = PCURVE('',#1871,#4167);
#4167 = DEFINITIONAL_REPRESENTATION('',(#4168),#4171);
#4168 = B_SPLINE_CURVE_WITH_KNOTS('',1,(#4169,#4170),.UNSPECIFIED.,.F.,
  .F.,(2,2),(-53.5,16.5),.PIECEWISE_BEZIER_KNOTS.);
#4169 = CARTESIAN_POINT('',(72.,-4.));
#4170 = CARTESIAN_POINT('',(2.,-4.));
#4171 = ( GEOMETRIC_REPRESENTATION_CONTEXT(2) 
PARAMETRIC_REPRESENTATION_CONTEXT() REPRESENTATION_CONTEXT('2D SPACE',''
  ) );
#4172 = PCURVE('',#3877,#4173);
#4173 = DEFINITIONAL_REPRESENTATION('',(#4174),#4177);
#4174 = B_SPLINE_CURVE_WITH_KNOTS('',1,(#4175,#4176),.UNSPECIFIED.,.F.,
  .F.,(2,2),(-53.5,16.5),.PIECEWISE_BEZIER_KNOTS.);
#4175 = CARTESIAN_POINT('',(-24.,-35.));
#4176 = CARTESIAN_POINT('',(-24.,35.));
#4177 = ( GEOMETRIC_REPRESENTATION_CONTEXT(2) 
PARAMETRIC_REPRESENTATION_CONTEXT() REPRESENTATION_CONTEXT('2D SPACE',''
  ) );
#4178 = ADVANCED_FACE('',(#4179),#1904,.F.);
#4179 = FACE_BOUND('',#4180,.T.);
#4180 = EDGE_LOOP('',(#4181,#4182,#4183,#4184));
#4181 = ORIENTED_EDGE('',*,*,#3841,.F.);
#4182 = ORIENTED_EDGE('',*,*,#1889,.T.);
#4183 = ORIENTED_EDGE('',*,*,#4135,.T.);
#4184 = ORIENTED_EDGE('',*,*,#4185,.T.);
#4185 = EDGE_CURVE('',#4136,#3842,#4186,.T.);
#4186 = SURFACE_CURVE('',#4187,(#4192,#4199),.PCURVE_S1.);
#4187 = CIRCLE('',#4188,2.);
#4188 = AXIS2_PLACEMENT_3D('',#4189,#4190,#4191);
#4189 = CARTESIAN_POINT('',(-22.,-35.,3.));
#4190 = DIRECTION('',(0.,0.,1.));
#4191 = DIRECTION('',(0.,-1.,0.));
#4192 = PCURVE('',#1904,#4193);
#4193 = DEFINITIONAL_REPRESENTATION('',(#4194),#4198);
#4194 = LINE('',#4195,#4196);
#4195 = CARTESIAN_POINT('',(-6.28318530718,4.));
#4196 = VECTOR('',#4197,1.);
#4197 = DIRECTION('',(1.,-0.));
#4198 = ( GEOMETRIC_REPRESENTATION_CONTEXT(2) 
PARAMETRIC_REPRESENTATION_CONTEXT() REPRESENTATION_CONTEXT('2D SPACE',''
  ) );
#4199 = PCURVE('',#3877,#4200);
#4200 = DEFINITIONAL_REPRESENTATION('',(#4201),#4205);
#4201 = CIRCLE('',#4202,2.);
#4202 = AXIS2_PLACEMENT_2D('',#4203,#4204);
#4203 = CARTESIAN_POINT('',(-22.,-35.));
#4204 = DIRECTION('',(0.,-1.));
#4205 = ( GEOMETRIC_REPRESENTATION_CONTEXT(2) 
PARAMETRIC_REPRESENTATION_CONTEXT() REPRESENTATION_CONTEXT('2D SPACE',''
  ) );
#4206 = ADVANCED_FACE('',(#4207),#1939,.T.);
#4207 = FACE_BOUND('',#4208,.F.);
#4208 = EDGE_LOOP('',(#4209,#4210,#4233,#4259));
#4209 = ORIENTED_EDGE('',*,*,#1922,.T.);
#4210 = ORIENTED_EDGE('',*,*,#4211,.F.);
#4211 = EDGE_CURVE('',#4212,#1923,#4214,.T.);
#4212 = VERTEX_POINT('',#4213);
#4213 = CARTESIAN_POINT('',(-32.2,-40.6,34.34));
#4214 = SURFACE_CURVE('',#4215,(#4219,#4226),.PCURVE_S1.);
#4215 = LINE('',#4216,#4217);
#4216 = CARTESIAN_POINT('',(-32.2,-40.6,34.34));
#4217 = VECTOR('',#4218,1.);
#4218 = DIRECTION('',(0.,0.,-1.));
#4219 = PCURVE('',#1939,#4220);
#4220 = DEFINITIONAL_REPRESENTATION('',(#4221),#4225);
#4221 = LINE('',#4222,#4223);
#4222 = CARTESIAN_POINT('',(-1.570796326795,7.6));
#4223 = VECTOR('',#4224,1.);
#4224 = DIRECTION('',(-0.,-1.));
#4225 = ( GEOMETRIC_REPRESENTATION_CONTEXT(2) 
PARAMETRIC_REPRESENTATION_CONTEXT() REPRESENTATION_CONTEXT('2D SPACE',''
  ) );
#4226 = PCURVE('',#2203,#4227);
#4227 = DEFINITIONAL_REPRESENTATION('',(#4228),#4232);
#4228 = LINE('',#4229,#4230);
#4229 = CARTESIAN_POINT('',(88.8,-7.6));
#4230 = VECTOR('',#4231,1.);
#4231 = DIRECTION('',(0.,1.));
#4232 = ( GEOMETRIC_REPRESENTATION_CONTEXT(2) 
PARAMETRIC_REPRESENTATION_CONTEXT() REPRESENTATION_CONTEXT('2D SPACE',''
  ) );
#4233 = ORIENTED_EDGE('',*,*,#4234,.F.);
#4234 = EDGE_CURVE('',#2024,#4212,#4235,.T.);
#4235 = SURFACE_CURVE('',#4236,(#4241,#4248),.PCURVE_S1.);
#4236 = CIRCLE('',#4237,7.6);
#4237 = AXIS2_PLACEMENT_3D('',#4238,#4239,#4240);
#4238 = CARTESIAN_POINT('',(-24.6,-40.6,34.34));
#4239 = DIRECTION('',(-0.,-0.,-1.));
#4240 = DIRECTION('',(0.,-1.,0.));
#4241 = PCURVE('',#1939,#4242);
#4242 = DEFINITIONAL_REPRESENTATION('',(#4243),#4247);
#4243 = LINE('',#4244,#4245);
#4244 = CARTESIAN_POINT('',(-0.,7.6));
#4245 = VECTOR('',#4246,1.);
#4246 = DIRECTION('',(-1.,0.));
#4247 = ( GEOMETRIC_REPRESENTATION_CONTEXT(2) 
PARAMETRIC_REPRESENTATION_CONTEXT() REPRESENTATION_CONTEXT('2D SPACE',''
  ) );
#4248 = PCURVE('',#2062,#4249);
#4249 = DEFINITIONAL_REPRESENTATION('',(#4250),#4258);
#4250 = ( BOUNDED_CURVE() B_SPLINE_CURVE(2,(#4251,#4252,#4253,#4254,
#4255,#4256,#4257),.UNSPECIFIED.,.T.,.F.) B_SPLINE_CURVE_WITH_KNOTS((1,2
    ,2,2,2,1),(-2.094395102393,0.,2.094395102393,4.188790204786,
6.28318530718,8.377580409573),.UNSPECIFIED.) CURVE() 
GEOMETRIC_REPRESENTATION_ITEM() RATIONAL_B_SPLINE_CURVE((1.,0.5,1.,0.5,
1.,0.5,1.)) REPRESENTATION_ITEM('') );
#4251 = CARTESIAN_POINT('',(-24.6,-48.2));
#4252 = CARTESIAN_POINT('',(-37.76358613752,-48.2));
#4253 = CARTESIAN_POINT('',(-31.18179306876,-36.8));
#4254 = CARTESIAN_POINT('',(-24.6,-25.4));
#4255 = CARTESIAN_POINT('',(-18.01820693123,-36.8));
#4256 = CARTESIAN_POINT('',(-11.43641386247,-48.2));
#4257 = CARTESIAN_POINT('',(-24.6,-48.2));
#4258 = ( GEOMETRIC_REPRESENTATION_CONTEXT(2) 
PARAMETRIC_REPRESENTATION_CONTEXT() REPRESENTATION_CONTEXT('2D SPACE',''
  ) );
#4259 = ORIENTED_EDGE('',*,*,#2023,.T.);
#4260 = ADVANCED_FACE('',(#4261),#2007,.T.);
#4261 = FACE_BOUND('',#4262,.T.);
#4262 = EDGE_LOOP('',(#4263,#4264,#4287,#4309));
#4263 = ORIENTED_EDGE('',*,*,#1992,.T.);
#4264 = ORIENTED_EDGE('',*,*,#4265,.T.);
#4265 = EDGE_CURVE('',#1973,#4266,#4268,.T.);
#4266 = VERTEX_POINT('',#4267);
#4267 = CARTESIAN_POINT('',(32.2,-40.6,34.34));
#4268 = SURFACE_CURVE('',#4269,(#4273,#4280),.PCURVE_S1.);
#4269 = LINE('',#4270,#4271);
#4270 = CARTESIAN_POINT('',(32.2,-40.6,26.74));
#4271 = VECTOR('',#4272,1.);
#4272 = DIRECTION('',(0.,0.,1.));
#4273 = PCURVE('',#2007,#4274);
#4274 = DEFINITIONAL_REPRESENTATION('',(#4275),#4279);
#4275 = LINE('',#4276,#4277);
#4276 = CARTESIAN_POINT('',(1.570796326795,0.));
#4277 = VECTOR('',#4278,1.);
#4278 = DIRECTION('',(0.,1.));
#4279 = ( GEOMETRIC_REPRESENTATION_CONTEXT(2) 
PARAMETRIC_REPRESENTATION_CONTEXT() REPRESENTATION_CONTEXT('2D SPACE',''
  ) );
#4280 = PCURVE('',#2717,#4281);
#4281 = DEFINITIONAL_REPRESENTATION('',(#4282),#4286);
#4282 = LINE('',#4283,#4284);
#4283 = CARTESIAN_POINT('',(7.6,0.));
#4284 = VECTOR('',#4285,1.);
#4285 = DIRECTION('',(0.,-1.));
#4286 = ( GEOMETRIC_REPRESENTATION_CONTEXT(2) 
PARAMETRIC_REPRESENTATION_CONTEXT() REPRESENTATION_CONTEXT('2D SPACE',''
  ) );
#4287 = ORIENTED_EDGE('',*,*,#4288,.F.);
#4288 = EDGE_CURVE('',#2047,#4266,#4289,.T.);
#4289 = SURFACE_CURVE('',#4290,(#4295,#4302),.PCURVE_S1.);
#4290 = CIRCLE('',#4291,7.6);
#4291 = AXIS2_PLACEMENT_3D('',#4292,#4293,#4294);
#4292 = CARTESIAN_POINT('',(24.6,-40.6,34.34));
#4293 = DIRECTION('',(0.,0.,1.));
#4294 = DIRECTION('',(0.,-1.,0.));
#4295 = PCURVE('',#2007,#4296);
#4296 = DEFINITIONAL_REPRESENTATION('',(#4297),#4301);
#4297 = LINE('',#4298,#4299);
#4298 = CARTESIAN_POINT('',(0.,7.6));
#4299 = VECTOR('',#4300,1.);
#4300 = DIRECTION('',(1.,0.));
#4301 = ( GEOMETRIC_REPRESENTATION_CONTEXT(2) 
PARAMETRIC_REPRESENTATION_CONTEXT() REPRESENTATION_CONTEXT('2D SPACE',''
  ) );
#4302 = PCURVE('',#2062,#4303);
#4303 = DEFINITIONAL_REPRESENTATION('',(#4304),#4308);
#4304 = CIRCLE('',#4305,7.6);
#4305 = AXIS2_PLACEMENT_2D('',#4306,#4307);
#4306 = CARTESIAN_POINT('',(24.6,-40.6));
#4307 = DIRECTION('',(0.,-1.));
#4308 = ( GEOMETRIC_REPRESENTATION_CONTEXT(2) 
PARAMETRIC_REPRESENTATION_CONTEXT() REPRESENTATION_CONTEXT('2D SPACE',''
  ) );
#4309 = ORIENTED_EDGE('',*,*,#2074,.F.);
#4310 = ADVANCED_FACE('',(#4311,#4431,#4466,#4501,#4536,#4571,#4606,
    #4828,#4863,#4898),#2062,.T.);
#4311 = FACE_BOUND('',#4312,.T.);
#4312 = EDGE_LOOP('',(#4313,#4314,#4315,#4338,#4362,#4385,#4409,#4430));
#4313 = ORIENTED_EDGE('',*,*,#2046,.T.);
#4314 = ORIENTED_EDGE('',*,*,#4288,.T.);
#4315 = ORIENTED_EDGE('',*,*,#4316,.T.);
#4316 = EDGE_CURVE('',#4266,#4317,#4319,.T.);
#4317 = VERTEX_POINT('',#4318);
#4318 = CARTESIAN_POINT('',(32.2,40.6,34.34));
#4319 = SURFACE_CURVE('',#4320,(#4324,#4331),.PCURVE_S1.);
#4320 = LINE('',#4321,#4322);
#4321 = CARTESIAN_POINT('',(32.2,-48.2,34.34));
#4322 = VECTOR('',#4323,1.);
#4323 = DIRECTION('',(0.,1.,0.));
#4324 = PCURVE('',#2062,#4325);
#4325 = DEFINITIONAL_REPRESENTATION('',(#4326),#4330);
#4326 = LINE('',#4327,#4328);
#4327 = CARTESIAN_POINT('',(32.2,-48.2));
#4328 = VECTOR('',#4329,1.);
#4329 = DIRECTION('',(0.,1.));
#4330 = ( GEOMETRIC_REPRESENTATION_CONTEXT(2) 
PARAMETRIC_REPRESENTATION_CONTEXT() REPRESENTATION_CONTEXT('2D SPACE',''
  ) );
#4331 = PCURVE('',#2717,#4332);
#4332 = DEFINITIONAL_REPRESENTATION('',(#4333),#4337);
#4333 = LINE('',#4334,#4335);
#4334 = CARTESIAN_POINT('',(0.,-7.6));
#4335 = VECTOR('',#4336,1.);
#4336 = DIRECTION('',(1.,0.));
#4337 = ( GEOMETRIC_REPRESENTATION_CONTEXT(2) 
PARAMETRIC_REPRESENTATION_CONTEXT() REPRESENTATION_CONTEXT('2D SPACE',''
  ) );
#4338 = ORIENTED_EDGE('',*,*,#4339,.T.);
#4339 = EDGE_CURVE('',#4317,#4340,#4342,.T.);
#4340 = VERTEX_POINT('',#4341);
#4341 = CARTESIAN_POINT('',(24.6,48.2,34.34));
#4342 = SURFACE_CURVE('',#4343,(#4348,#4355),.PCURVE_S1.);
#4343 = CIRCLE('',#4344,7.6);
#4344 = AXIS2_PLACEMENT_3D('',#4345,#4346,#4347);
#4345 = CARTESIAN_POINT('',(24.6,40.6,34.34));
#4346 = DIRECTION('',(0.,0.,1.));
#4347 = DIRECTION('',(0.,-1.,0.));
#4348 = PCURVE('',#2062,#4349);
#4349 = DEFINITIONAL_REPRESENTATION('',(#4350),#4354);
#4350 = CIRCLE('',#4351,7.6);
#4351 = AXIS2_PLACEMENT_2D('',#4352,#4353);
#4352 = CARTESIAN_POINT('',(24.6,40.6));
#4353 = DIRECTION('',(0.,-1.));
#4354 = ( GEOMETRIC_REPRESENTATION_CONTEXT(2) 
PARAMETRIC_REPRESENTATION_CONTEXT() REPRESENTATION_CONTEXT('2D SPACE',''
  ) );
#4355 = PCURVE('',#3770,#4356);
#4356 = DEFINITIONAL_REPRESENTATION('',(#4357),#4361);
#4357 = LINE('',#4358,#4359);
#4358 = CARTESIAN_POINT('',(-1.570796326795,7.6));
#4359 = VECTOR('',#4360,1.);
#4360 = DIRECTION('',(1.,0.));
#4361 = ( GEOMETRIC_REPRESENTATION_CONTEXT(2) 
PARAMETRIC_REPRESENTATION_CONTEXT() REPRESENTATION_CONTEXT('2D SPACE',''
  ) );
#4362 = ORIENTED_EDGE('',*,*,#4363,.T.);
#4363 = EDGE_CURVE('',#4340,#4364,#4366,.T.);
#4364 = VERTEX_POINT('',#4365);
#4365 = CARTESIAN_POINT('',(-24.6,48.2,34.34));
#4366 = SURFACE_CURVE('',#4367,(#4371,#4378),.PCURVE_S1.);
#4367 = LINE('',#4368,#4369);
#4368 = CARTESIAN_POINT('',(32.2,48.2,34.34));
#4369 = VECTOR('',#4370,1.);
#4370 = DIRECTION('',(-1.,0.,0.));
#4371 = PCURVE('',#2062,#4372);
#4372 = DEFINITIONAL_REPRESENTATION('',(#4373),#4377);
#4373 = LINE('',#4374,#4375);
#4374 = CARTESIAN_POINT('',(32.2,48.2));
#4375 = VECTOR('',#4376,1.);
#4376 = DIRECTION('',(-1.,0.));
#4377 = ( GEOMETRIC_REPRESENTATION_CONTEXT(2) 
PARAMETRIC_REPRESENTATION_CONTEXT() REPRESENTATION_CONTEXT('2D SPACE',''
  ) );
#4378 = PCURVE('',#3801,#4379);
#4379 = DEFINITIONAL_REPRESENTATION('',(#4380),#4384);
#4380 = LINE('',#4381,#4382);
#4381 = CARTESIAN_POINT('',(0.,-7.6));
#4382 = VECTOR('',#4383,1.);
#4383 = DIRECTION('',(1.,0.));
#4384 = ( GEOMETRIC_REPRESENTATION_CONTEXT(2) 
PARAMETRIC_REPRESENTATION_CONTEXT() REPRESENTATION_CONTEXT('2D SPACE',''
  ) );
#4385 = ORIENTED_EDGE('',*,*,#4386,.T.);
#4386 = EDGE_CURVE('',#4364,#4387,#4389,.T.);
#4387 = VERTEX_POINT('',#4388);
#4388 = CARTESIAN_POINT('',(-32.2,40.6,34.34));
#4389 = SURFACE_CURVE('',#4390,(#4395,#4402),.PCURVE_S1.);
#4390 = CIRCLE('',#4391,7.6);
#4391 = AXIS2_PLACEMENT_3D('',#4392,#4393,#4394);
#4392 = CARTESIAN_POINT('',(-24.6,40.6,34.34));
#4393 = DIRECTION('',(0.,0.,1.));
#4394 = DIRECTION('',(0.,-1.,0.));
#4395 = PCURVE('',#2062,#4396);
#4396 = DEFINITIONAL_REPRESENTATION('',(#4397),#4401);
#4397 = CIRCLE('',#4398,7.6);
#4398 = AXIS2_PLACEMENT_2D('',#4399,#4400);
#4399 = CARTESIAN_POINT('',(-24.6,40.6));
#4400 = DIRECTION('',(0.,-1.));
#4401 = ( GEOMETRIC_REPRESENTATION_CONTEXT(2) 
PARAMETRIC_REPRESENTATION_CONTEXT() REPRESENTATION_CONTEXT('2D SPACE',''
  ) );
#4402 = PCURVE('',#3702,#4403);
#4403 = DEFINITIONAL_REPRESENTATION('',(#4404),#4408);
#4404 = LINE('',#4405,#4406);
#4405 = CARTESIAN_POINT('',(-3.14159265359,7.6));
#4406 = VECTOR('',#4407,1.);
#4407 = DIRECTION('',(1.,0.));
#4408 = ( GEOMETRIC_REPRESENTATION_CONTEXT(2) 
PARAMETRIC_REPRESENTATION_CONTEXT() REPRESENTATION_CONTEXT('2D SPACE',''
  ) );
#4409 = ORIENTED_EDGE('',*,*,#4410,.T.);
#4410 = EDGE_CURVE('',#4387,#4212,#4411,.T.);
#4411 = SURFACE_CURVE('',#4412,(#4416,#4423),.PCURVE_S1.);
#4412 = LINE('',#4413,#4414);
#4413 = CARTESIAN_POINT('',(-32.2,48.2,34.34));
#4414 = VECTOR('',#4415,1.);
#4415 = DIRECTION('',(0.,-1.,0.));
#4416 = PCURVE('',#2062,#4417);
#4417 = DEFINITIONAL_REPRESENTATION('',(#4418),#4422);
#4418 = LINE('',#4419,#4420);
#4419 = CARTESIAN_POINT('',(-32.2,48.2));
#4420 = VECTOR('',#4421,1.);
#4421 = DIRECTION('',(0.,-1.));
#4422 = ( GEOMETRIC_REPRESENTATION_CONTEXT(2) 
PARAMETRIC_REPRESENTATION_CONTEXT() REPRESENTATION_CONTEXT('2D SPACE',''
  ) );
#4423 = PCURVE('',#2203,#4424);
#4424 = DEFINITIONAL_REPRESENTATION('',(#4425),#4429);
#4425 = LINE('',#4426,#4427);
#4426 = CARTESIAN_POINT('',(0.,-7.6));
#4427 = VECTOR('',#4428,1.);
#4428 = DIRECTION('',(1.,0.));
#4429 = ( GEOMETRIC_REPRESENTATION_CONTEXT(2) 
PARAMETRIC_REPRESENTATION_CONTEXT() REPRESENTATION_CONTEXT('2D SPACE',''
  ) );
#4430 = ORIENTED_EDGE('',*,*,#4234,.F.);
#4431 = FACE_BOUND('',#4432,.T.);
#4432 = EDGE_LOOP('',(#4433));
#4433 = ORIENTED_EDGE('',*,*,#4434,.T.);
#4434 = EDGE_CURVE('',#4435,#4435,#4437,.T.);
#4435 = VERTEX_POINT('',#4436);
#4436 = CARTESIAN_POINT('',(-27.75,-42.5,34.34));
#4437 = SURFACE_CURVE('',#4438,(#4443,#4454),.PCURVE_S1.);
#4438 = CIRCLE('',#4439,1.25);
#4439 = AXIS2_PLACEMENT_3D('',#4440,#4441,#4442);
#4440 = CARTESIAN_POINT('',(-29.,-42.5,34.34));
#4441 = DIRECTION('',(0.,0.,-1.));
#4442 = DIRECTION('',(1.,0.,0.));
#4443 = PCURVE('',#2062,#4444);
#4444 = DEFINITIONAL_REPRESENTATION('',(#4445),#4453);
#4445 = ( BOUNDED_CURVE() B_SPLINE_CURVE(2,(#4446,#4447,#4448,#4449,
#4450,#4451,#4452),.UNSPECIFIED.,.T.,.F.) B_SPLINE_CURVE_WITH_KNOTS((1,2
    ,2,2,2,1),(-2.094395102393,0.,2.094395102393,4.188790204786,
6.28318530718,8.377580409573),.UNSPECIFIED.) CURVE() 
GEOMETRIC_REPRESENTATION_ITEM() RATIONAL_B_SPLINE_CURVE((1.,0.5,1.,0.5,
1.,0.5,1.)) REPRESENTATION_ITEM('') );
#4446 = CARTESIAN_POINT('',(-27.75,-42.5));
#4447 = CARTESIAN_POINT('',(-27.75,-44.66506350946));
#4448 = CARTESIAN_POINT('',(-29.625,-43.58253175473));
#4449 = CARTESIAN_POINT('',(-31.5,-42.5));
#4450 = CARTESIAN_POINT('',(-29.625,-41.41746824526));
#4451 = CARTESIAN_POINT('',(-27.75,-40.33493649053));
#4452 = CARTESIAN_POINT('',(-27.75,-42.5));
#4453 = ( GEOMETRIC_REPRESENTATION_CONTEXT(2) 
PARAMETRIC_REPRESENTATION_CONTEXT() REPRESENTATION_CONTEXT('2D SPACE',''
  ) );
#4454 = PCURVE('',#4455,#4460);
#4455 = CYLINDRICAL_SURFACE('',#4456,1.25);
#4456 = AXIS2_PLACEMENT_3D('',#4457,#4458,#4459);
#4457 = CARTESIAN_POINT('',(-29.,-42.5,25.34));
#4458 = DIRECTION('',(-0.,-0.,-1.));
#4459 = DIRECTION('',(1.,0.,0.));
#4460 = DEFINITIONAL_REPRESENTATION('',(#4461),#4465);
#4461 = LINE('',#4462,#4463);
#4462 = CARTESIAN_POINT('',(-6.28318530718,-9.));
#4463 = VECTOR('',#4464,1.);
#4464 = DIRECTION('',(1.,-0.));
#4465 = ( GEOMETRIC_REPRESENTATION_CONTEXT(2) 
PARAMETRIC_REPRESENTATION_CONTEXT() REPRESENTATION_CONTEXT('2D SPACE',''
  ) );
#4466 = FACE_BOUND('',#4467,.T.);
#4467 = EDGE_LOOP('',(#4468));
#4468 = ORIENTED_EDGE('',*,*,#4469,.T.);
#4469 = EDGE_CURVE('',#4470,#4470,#4472,.T.);
#4470 = VERTEX_POINT('',#4471);
#4471 = CARTESIAN_POINT('',(1.25,-45.,34.34));
#4472 = SURFACE_CURVE('',#4473,(#4478,#4489),.PCURVE_S1.);
#4473 = CIRCLE('',#4474,1.25);
#4474 = AXIS2_PLACEMENT_3D('',#4475,#4476,#4477);
#4475 = CARTESIAN_POINT('',(0.,-45.,34.34));
#4476 = DIRECTION('',(0.,0.,-1.));
#4477 = DIRECTION('',(1.,0.,0.));
#4478 = PCURVE('',#2062,#4479);
#4479 = DEFINITIONAL_REPRESENTATION('',(#4480),#4488);
#4480 = ( BOUNDED_CURVE() B_SPLINE_CURVE(2,(#4481,#4482,#4483,#4484,
#4485,#4486,#4487),.UNSPECIFIED.,.T.,.F.) B_SPLINE_CURVE_WITH_KNOTS((1,2
    ,2,2,2,1),(-2.094395102393,0.,2.094395102393,4.188790204786,
6.28318530718,8.377580409573),.UNSPECIFIED.) CURVE() 
GEOMETRIC_REPRESENTATION_ITEM() RATIONAL_B_SPLINE_CURVE((1.,0.5,1.,0.5,
1.,0.5,1.)) REPRESENTATION_ITEM('') );
#4481 = CARTESIAN_POINT('',(1.25,-45.));
#4482 = CARTESIAN_POINT('',(1.25,-47.16506350946));
#4483 = CARTESIAN_POINT('',(-0.625,-46.08253175473));
#4484 = CARTESIAN_POINT('',(-2.5,-45.));
#4485 = CARTESIAN_POINT('',(-0.625,-43.91746824526));
#4486 = CARTESIAN_POINT('',(1.25,-42.83493649053));
#4487 = CARTESIAN_POINT('',(1.25,-45.));
#4488 = ( GEOMETRIC_REPRESENTATION_CONTEXT(2) 
PARAMETRIC_REPRESENTATION_CONTEXT() REPRESENTATION_CONTEXT('2D SPACE',''
  ) );
#4489 = PCURVE('',#4490,#4495);
#4490 = CYLINDRICAL_SURFACE('',#4491,1.25);
#4491 = AXIS2_PLACEMENT_3D('',#4492,#4493,#4494);
#4492 = CARTESIAN_POINT('',(0.,-45.,25.34));
#4493 = DIRECTION('',(-0.,-0.,-1.));
#4494 = DIRECTION('',(1.,0.,0.));
#4495 = DEFINITIONAL_REPRESENTATION('',(#4496),#4500);
#4496 = LINE('',#4497,#4498);
#4497 = CARTESIAN_POINT('',(-6.28318530718,-9.));
#4498 = VECTOR('',#4499,1.);
#4499 = DIRECTION('',(1.,-0.));
#4500 = ( GEOMETRIC_REPRESENTATION_CONTEXT(2) 
PARAMETRIC_REPRESENTATION_CONTEXT() REPRESENTATION_CONTEXT('2D SPACE',''
  ) );
#4501 = FACE_BOUND('',#4502,.T.);
#4502 = EDGE_LOOP('',(#4503));
#4503 = ORIENTED_EDGE('',*,*,#4504,.T.);
#4504 = EDGE_CURVE('',#4505,#4505,#4507,.T.);
#4505 = VERTEX_POINT('',#4506);
#4506 = CARTESIAN_POINT('',(30.25,-42.5,34.34));
#4507 = SURFACE_CURVE('',#4508,(#4513,#4524),.PCURVE_S1.);
#4508 = CIRCLE('',#4509,1.25);
#4509 = AXIS2_PLACEMENT_3D('',#4510,#4511,#4512);
#4510 = CARTESIAN_POINT('',(29.,-42.5,34.34));
#4511 = DIRECTION('',(0.,0.,-1.));
#4512 = DIRECTION('',(1.,0.,0.));
#4513 = PCURVE('',#2062,#4514);
#4514 = DEFINITIONAL_REPRESENTATION('',(#4515),#4523);
#4515 = ( BOUNDED_CURVE() B_SPLINE_CURVE(2,(#4516,#4517,#4518,#4519,
#4520,#4521,#4522),.UNSPECIFIED.,.T.,.F.) B_SPLINE_CURVE_WITH_KNOTS((1,2
    ,2,2,2,1),(-2.094395102393,0.,2.094395102393,4.188790204786,
6.28318530718,8.377580409573),.UNSPECIFIED.) CURVE() 
GEOMETRIC_REPRESENTATION_ITEM() RATIONAL_B_SPLINE_CURVE((1.,0.5,1.,0.5,
1.,0.5,1.)) REPRESENTATION_ITEM('') );
#4516 = CARTESIAN_POINT('',(30.25,-42.5));
#4517 = CARTESIAN_POINT('',(30.25,-44.66506350946));
#4518 = CARTESIAN_POINT('',(28.375,-43.58253175473));
#4519 = CARTESIAN_POINT('',(26.5,-42.5));
#4520 = CARTESIAN_POINT('',(28.375,-41.41746824526));
#4521 = CARTESIAN_POINT('',(30.25,-40.33493649053));
#4522 = CARTESIAN_POINT('',(30.25,-42.5));
#4523 = ( GEOMETRIC_REPRESENTATION_CONTEXT(2) 
PARAMETRIC_REPRESENTATION_CONTEXT() REPRESENTATION_CONTEXT('2D SPACE',''
  ) );
#4524 = PCURVE('',#4525,#4530);
#4525 = CYLINDRICAL_SURFACE('',#4526,1.25);
#4526 = AXIS2_PLACEMENT_3D('',#4527,#4528,#4529);
#4527 = CARTESIAN_POINT('',(29.,-42.5,25.34));
#4528 = DIRECTION('',(-0.,-0.,-1.));
#4529 = DIRECTION('',(1.,0.,0.));
#4530 = DEFINITIONAL_REPRESENTATION('',(#4531),#4535);
#4531 = LINE('',#4532,#4533);
#4532 = CARTESIAN_POINT('',(-6.28318530718,-9.));
#4533 = VECTOR('',#4534,1.);
#4534 = DIRECTION('',(1.,-0.));
#4535 = ( GEOMETRIC_REPRESENTATION_CONTEXT(2) 
PARAMETRIC_REPRESENTATION_CONTEXT() REPRESENTATION_CONTEXT('2D SPACE',''
  ) );
#4536 = FACE_BOUND('',#4537,.T.);
#4537 = EDGE_LOOP('',(#4538));
#4538 = ORIENTED_EDGE('',*,*,#4539,.T.);
#4539 = EDGE_CURVE('',#4540,#4540,#4542,.T.);
#4540 = VERTEX_POINT('',#4541);
#4541 = CARTESIAN_POINT('',(-27.75,0.,34.34));
#4542 = SURFACE_CURVE('',#4543,(#4548,#4559),.PCURVE_S1.);
#4543 = CIRCLE('',#4544,1.25);
#4544 = AXIS2_PLACEMENT_3D('',#4545,#4546,#4547);
#4545 = CARTESIAN_POINT('',(-29.,0.,34.34));
#4546 = DIRECTION('',(0.,0.,-1.));
#4547 = DIRECTION('',(1.,0.,0.));
#4548 = PCURVE('',#2062,#4549);
#4549 = DEFINITIONAL_REPRESENTATION('',(#4550),#4558);
#4550 = ( BOUNDED_CURVE() B_SPLINE_CURVE(2,(#4551,#4552,#4553,#4554,
#4555,#4556,#4557),.UNSPECIFIED.,.T.,.F.) B_SPLINE_CURVE_WITH_KNOTS((1,2
    ,2,2,2,1),(-2.094395102393,0.,2.094395102393,4.188790204786,
6.28318530718,8.377580409573),.UNSPECIFIED.) CURVE() 
GEOMETRIC_REPRESENTATION_ITEM() RATIONAL_B_SPLINE_CURVE((1.,0.5,1.,0.5,
1.,0.5,1.)) REPRESENTATION_ITEM('') );
#4551 = CARTESIAN_POINT('',(-27.75,0.));
#4552 = CARTESIAN_POINT('',(-27.75,-2.165063509461));
#4553 = CARTESIAN_POINT('',(-29.625,-1.082531754731));
#4554 = CARTESIAN_POINT('',(-31.5,-3.061616997868E-16));
#4555 = CARTESIAN_POINT('',(-29.625,1.082531754731));
#4556 = CARTESIAN_POINT('',(-27.75,2.165063509461));
#4557 = CARTESIAN_POINT('',(-27.75,0.));
#4558 = ( GEOMETRIC_REPRESENTATION_CONTEXT(2) 
PARAMETRIC_REPRESENTATION_CONTEXT() REPRESENTATION_CONTEXT('2D SPACE',''
  ) );
#4559 = PCURVE('',#4560,#4565);
#4560 = CYLINDRICAL_SURFACE('',#4561,1.25);
#4561 = AXIS2_PLACEMENT_3D('',#4562,#4563,#4564);
#4562 = CARTESIAN_POINT('',(-29.,0.,25.34));
#4563 = DIRECTION('',(-0.,-0.,-1.));
#4564 = DIRECTION('',(1.,0.,0.));
#4565 = DEFINITIONAL_REPRESENTATION('',(#4566),#4570);
#4566 = LINE('',#4567,#4568);
#4567 = CARTESIAN_POINT('',(-6.28318530718,-9.));
#4568 = VECTOR('',#4569,1.);
#4569 = DIRECTION('',(1.,-0.));
#4570 = ( GEOMETRIC_REPRESENTATION_CONTEXT(2) 
PARAMETRIC_REPRESENTATION_CONTEXT() REPRESENTATION_CONTEXT('2D SPACE',''
  ) );
#4571 = FACE_BOUND('',#4572,.T.);
#4572 = EDGE_LOOP('',(#4573));
#4573 = ORIENTED_EDGE('',*,*,#4574,.T.);
#4574 = EDGE_CURVE('',#4575,#4575,#4577,.T.);
#4575 = VERTEX_POINT('',#4576);
#4576 = CARTESIAN_POINT('',(-27.75,42.5,34.34));
#4577 = SURFACE_CURVE('',#4578,(#4583,#4594),.PCURVE_S1.);
#4578 = CIRCLE('',#4579,1.25);
#4579 = AXIS2_PLACEMENT_3D('',#4580,#4581,#4582);
#4580 = CARTESIAN_POINT('',(-29.,42.5,34.34));
#4581 = DIRECTION('',(0.,0.,-1.));
#4582 = DIRECTION('',(1.,0.,0.));
#4583 = PCURVE('',#2062,#4584);
#4584 = DEFINITIONAL_REPRESENTATION('',(#4585),#4593);
#4585 = ( BOUNDED_CURVE() B_SPLINE_CURVE(2,(#4586,#4587,#4588,#4589,
#4590,#4591,#4592),.UNSPECIFIED.,.T.,.F.) B_SPLINE_CURVE_WITH_KNOTS((1,2
    ,2,2,2,1),(-2.094395102393,0.,2.094395102393,4.188790204786,
6.28318530718,8.377580409573),.UNSPECIFIED.) CURVE() 
GEOMETRIC_REPRESENTATION_ITEM() RATIONAL_B_SPLINE_CURVE((1.,0.5,1.,0.5,
1.,0.5,1.)) REPRESENTATION_ITEM('') );
#4586 = CARTESIAN_POINT('',(-27.75,42.5));
#4587 = CARTESIAN_POINT('',(-27.75,40.334936490539));
#4588 = CARTESIAN_POINT('',(-29.625,41.417468245269));
#4589 = CARTESIAN_POINT('',(-31.5,42.5));
#4590 = CARTESIAN_POINT('',(-29.625,43.582531754731));
#4591 = CARTESIAN_POINT('',(-27.75,44.665063509461));
#4592 = CARTESIAN_POINT('',(-27.75,42.5));
#4593 = ( GEOMETRIC_REPRESENTATION_CONTEXT(2) 
PARAMETRIC_REPRESENTATION_CONTEXT() REPRESENTATION_CONTEXT('2D SPACE',''
  ) );
#4594 = PCURVE('',#4595,#4600);
#4595 = CYLINDRICAL_SURFACE('',#4596,1.25);
#4596 = AXIS2_PLACEMENT_3D('',#4597,#4598,#4599);
#4597 = CARTESIAN_POINT('',(-29.,42.5,25.34));
#4598 = DIRECTION('',(-0.,-0.,-1.));
#4599 = DIRECTION('',(1.,0.,0.));
#4600 = DEFINITIONAL_REPRESENTATION('',(#4601),#4605);
#4601 = LINE('',#4602,#4603);
#4602 = CARTESIAN_POINT('',(-6.28318530718,-9.));
#4603 = VECTOR('',#4604,1.);
#4604 = DIRECTION('',(1.,-0.));
#4605 = ( GEOMETRIC_REPRESENTATION_CONTEXT(2) 
PARAMETRIC_REPRESENTATION_CONTEXT() REPRESENTATION_CONTEXT('2D SPACE',''
  ) );
#4606 = FACE_BOUND('',#4607,.T.);
#4607 = EDGE_LOOP('',(#4608,#4639,#4665,#4694,#4720,#4749,#4775,#4804));
#4608 = ORIENTED_EDGE('',*,*,#4609,.F.);
#4609 = EDGE_CURVE('',#4610,#4612,#4614,.T.);
#4610 = VERTEX_POINT('',#4611);
#4611 = CARTESIAN_POINT('',(24.6,-42.2,34.34));
#4612 = VERTEX_POINT('',#4613);
#4613 = CARTESIAN_POINT('',(26.2,-40.6,34.34));
#4614 = SURFACE_CURVE('',#4615,(#4620,#4627),.PCURVE_S1.);
#4615 = CIRCLE('',#4616,1.6);
#4616 = AXIS2_PLACEMENT_3D('',#4617,#4618,#4619);
#4617 = CARTESIAN_POINT('',(24.6,-40.6,34.34));
#4618 = DIRECTION('',(0.,0.,1.));
#4619 = DIRECTION('',(0.,-1.,0.));
#4620 = PCURVE('',#2062,#4621);
#4621 = DEFINITIONAL_REPRESENTATION('',(#4622),#4626);
#4622 = CIRCLE('',#4623,1.6);
#4623 = AXIS2_PLACEMENT_2D('',#4624,#4625);
#4624 = CARTESIAN_POINT('',(24.6,-40.6));
#4625 = DIRECTION('',(0.,-1.));
#4626 = ( GEOMETRIC_REPRESENTATION_CONTEXT(2) 
PARAMETRIC_REPRESENTATION_CONTEXT() REPRESENTATION_CONTEXT('2D SPACE',''
  ) );
#4627 = PCURVE('',#4628,#4633);
#4628 = CYLINDRICAL_SURFACE('',#4629,1.6);
#4629 = AXIS2_PLACEMENT_3D('',#4630,#4631,#4632);
#4630 = CARTESIAN_POINT('',(24.6,-40.6,3.));
#4631 = DIRECTION('',(0.,0.,1.));
#4632 = DIRECTION('',(0.,-1.,0.));
#4633 = DEFINITIONAL_REPRESENTATION('',(#4634),#4638);
#4634 = LINE('',#4635,#4636);
#4635 = CARTESIAN_POINT('',(0.,31.34));
#4636 = VECTOR('',#4637,1.);
#4637 = DIRECTION('',(1.,0.));
#4638 = ( GEOMETRIC_REPRESENTATION_CONTEXT(2) 
PARAMETRIC_REPRESENTATION_CONTEXT() REPRESENTATION_CONTEXT('2D SPACE',''
  ) );
#4639 = ORIENTED_EDGE('',*,*,#4640,.T.);
#4640 = EDGE_CURVE('',#4610,#4641,#4643,.T.);
#4641 = VERTEX_POINT('',#4642);
#4642 = CARTESIAN_POINT('',(-24.6,-42.2,34.34));
#4643 = SURFACE_CURVE('',#4644,(#4648,#4654),.PCURVE_S1.);
#4644 = LINE('',#4645,#4646);
#4645 = CARTESIAN_POINT('',(-13.1,-42.2,34.34));
#4646 = VECTOR('',#4647,1.);
#4647 = DIRECTION('',(-1.,0.,0.));
#4648 = PCURVE('',#2062,#4649);
#4649 = DEFINITIONAL_REPRESENTATION('',(#4650),#4653);
#4650 = B_SPLINE_CURVE_WITH_KNOTS('',1,(#4651,#4652),.UNSPECIFIED.,.F.,
  .F.,(2,2),(-37.7,11.5),.PIECEWISE_BEZIER_KNOTS.);
#4651 = CARTESIAN_POINT('',(24.6,-42.2));
#4652 = CARTESIAN_POINT('',(-24.6,-42.2));
#4653 = ( GEOMETRIC_REPRESENTATION_CONTEXT(2) 
PARAMETRIC_REPRESENTATION_CONTEXT() REPRESENTATION_CONTEXT('2D SPACE',''
  ) );
#4654 = PCURVE('',#4655,#4660);
#4655 = PLANE('',#4656);
#4656 = AXIS2_PLACEMENT_3D('',#4657,#4658,#4659);
#4657 = CARTESIAN_POINT('',(-26.2,-42.2,3.));
#4658 = DIRECTION('',(0.,1.,0.));
#4659 = DIRECTION('',(1.,0.,0.));
#4660 = DEFINITIONAL_REPRESENTATION('',(#4661),#4664);
#4661 = B_SPLINE_CURVE_WITH_KNOTS('',1,(#4662,#4663),.UNSPECIFIED.,.F.,
  .F.,(2,2),(-37.7,11.5),.PIECEWISE_BEZIER_KNOTS.);
#4662 = CARTESIAN_POINT('',(50.8,-31.34));
#4663 = CARTESIAN_POINT('',(1.6,-31.34));
#4664 = ( GEOMETRIC_REPRESENTATION_CONTEXT(2) 
PARAMETRIC_REPRESENTATION_CONTEXT() REPRESENTATION_CONTEXT('2D SPACE',''
  ) );
#4665 = ORIENTED_EDGE('',*,*,#4666,.F.);
#4666 = EDGE_CURVE('',#4667,#4641,#4669,.T.);
#4667 = VERTEX_POINT('',#4668);
#4668 = CARTESIAN_POINT('',(-26.2,-40.6,34.34));
#4669 = SURFACE_CURVE('',#4670,(#4675,#4682),.PCURVE_S1.);
#4670 = CIRCLE('',#4671,1.6);
#4671 = AXIS2_PLACEMENT_3D('',#4672,#4673,#4674);
#4672 = CARTESIAN_POINT('',(-24.6,-40.6,34.34));
#4673 = DIRECTION('',(0.,0.,1.));
#4674 = DIRECTION('',(0.,-1.,0.));
#4675 = PCURVE('',#2062,#4676);
#4676 = DEFINITIONAL_REPRESENTATION('',(#4677),#4681);
#4677 = CIRCLE('',#4678,1.6);
#4678 = AXIS2_PLACEMENT_2D('',#4679,#4680);
#4679 = CARTESIAN_POINT('',(-24.6,-40.6));
#4680 = DIRECTION('',(0.,-1.));
#4681 = ( GEOMETRIC_REPRESENTATION_CONTEXT(2) 
PARAMETRIC_REPRESENTATION_CONTEXT() REPRESENTATION_CONTEXT('2D SPACE',''
  ) );
#4682 = PCURVE('',#4683,#4688);
#4683 = CYLINDRICAL_SURFACE('',#4684,1.6);
#4684 = AXIS2_PLACEMENT_3D('',#4685,#4686,#4687);
#4685 = CARTESIAN_POINT('',(-24.6,-40.6,3.));
#4686 = DIRECTION('',(0.,0.,1.));
#4687 = DIRECTION('',(0.,-1.,0.));
#4688 = DEFINITIONAL_REPRESENTATION('',(#4689),#4693);
#4689 = LINE('',#4690,#4691);
#4690 = CARTESIAN_POINT('',(-6.28318530718,31.34));
#4691 = VECTOR('',#4692,1.);
#4692 = DIRECTION('',(1.,-0.));
#4693 = ( GEOMETRIC_REPRESENTATION_CONTEXT(2) 
PARAMETRIC_REPRESENTATION_CONTEXT() REPRESENTATION_CONTEXT('2D SPACE',''
  ) );
#4694 = ORIENTED_EDGE('',*,*,#4695,.T.);
#4695 = EDGE_CURVE('',#4667,#4696,#4698,.T.);
#4696 = VERTEX_POINT('',#4697);
#4697 = CARTESIAN_POINT('',(-26.2,40.6,34.34));
#4698 = SURFACE_CURVE('',#4699,(#4703,#4709),.PCURVE_S1.);
#4699 = LINE('',#4700,#4701);
#4700 = CARTESIAN_POINT('',(-26.2,21.1,34.34));
#4701 = VECTOR('',#4702,1.);
#4702 = DIRECTION('',(-0.,1.,0.));
#4703 = PCURVE('',#2062,#4704);
#4704 = DEFINITIONAL_REPRESENTATION('',(#4705),#4708);
#4705 = B_SPLINE_CURVE_WITH_KNOTS('',1,(#4706,#4707),.UNSPECIFIED.,.F.,
  .F.,(2,2),(-61.7,19.5),.PIECEWISE_BEZIER_KNOTS.);
#4706 = CARTESIAN_POINT('',(-26.2,-40.6));
#4707 = CARTESIAN_POINT('',(-26.2,40.6));
#4708 = ( GEOMETRIC_REPRESENTATION_CONTEXT(2) 
PARAMETRIC_REPRESENTATION_CONTEXT() REPRESENTATION_CONTEXT('2D SPACE',''
  ) );
#4709 = PCURVE('',#4710,#4715);
#4710 = PLANE('',#4711);
#4711 = AXIS2_PLACEMENT_3D('',#4712,#4713,#4714);
#4712 = CARTESIAN_POINT('',(-26.2,42.2,3.));
#4713 = DIRECTION('',(1.,0.,-0.));
#4714 = DIRECTION('',(0.,-1.,0.));
#4715 = DEFINITIONAL_REPRESENTATION('',(#4716),#4719);
#4716 = B_SPLINE_CURVE_WITH_KNOTS('',1,(#4717,#4718),.UNSPECIFIED.,.F.,
  .F.,(2,2),(-61.7,19.5),.PIECEWISE_BEZIER_KNOTS.);
#4717 = CARTESIAN_POINT('',(82.8,-31.34));
#4718 = CARTESIAN_POINT('',(1.6,-31.34));
#4719 = ( GEOMETRIC_REPRESENTATION_CONTEXT(2) 
PARAMETRIC_REPRESENTATION_CONTEXT() REPRESENTATION_CONTEXT('2D SPACE',''
  ) );
#4720 = ORIENTED_EDGE('',*,*,#4721,.F.);
#4721 = EDGE_CURVE('',#4722,#4696,#4724,.T.);
#4722 = VERTEX_POINT('',#4723);
#4723 = CARTESIAN_POINT('',(-24.6,42.2,34.34));
#4724 = SURFACE_CURVE('',#4725,(#4730,#4737),.PCURVE_S1.);
#4725 = CIRCLE('',#4726,1.6);
#4726 = AXIS2_PLACEMENT_3D('',#4727,#4728,#4729);
#4727 = CARTESIAN_POINT('',(-24.6,40.6,34.34));
#4728 = DIRECTION('',(0.,0.,1.));
#4729 = DIRECTION('',(-0.,1.,0.));
#4730 = PCURVE('',#2062,#4731);
#4731 = DEFINITIONAL_REPRESENTATION('',(#4732),#4736);
#4732 = CIRCLE('',#4733,1.6);
#4733 = AXIS2_PLACEMENT_2D('',#4734,#4735);
#4734 = CARTESIAN_POINT('',(-24.6,40.6));
#4735 = DIRECTION('',(0.,1.));
#4736 = ( GEOMETRIC_REPRESENTATION_CONTEXT(2) 
PARAMETRIC_REPRESENTATION_CONTEXT() REPRESENTATION_CONTEXT('2D SPACE',''
  ) );
#4737 = PCURVE('',#4738,#4743);
#4738 = CYLINDRICAL_SURFACE('',#4739,1.6);
#4739 = AXIS2_PLACEMENT_3D('',#4740,#4741,#4742);
#4740 = CARTESIAN_POINT('',(-24.6,40.6,3.));
#4741 = DIRECTION('',(0.,0.,1.));
#4742 = DIRECTION('',(-0.,1.,0.));
#4743 = DEFINITIONAL_REPRESENTATION('',(#4744),#4748);
#4744 = LINE('',#4745,#4746);
#4745 = CARTESIAN_POINT('',(0.,31.34));
#4746 = VECTOR('',#4747,1.);
#4747 = DIRECTION('',(1.,0.));
#4748 = ( GEOMETRIC_REPRESENTATION_CONTEXT(2) 
PARAMETRIC_REPRESENTATION_CONTEXT() REPRESENTATION_CONTEXT('2D SPACE',''
  ) );
#4749 = ORIENTED_EDGE('',*,*,#4750,.T.);
#4750 = EDGE_CURVE('',#4722,#4751,#4753,.T.);
#4751 = VERTEX_POINT('',#4752);
#4752 = CARTESIAN_POINT('',(24.6,42.2,34.34));
#4753 = SURFACE_CURVE('',#4754,(#4758,#4764),.PCURVE_S1.);
#4754 = LINE('',#4755,#4756);
#4755 = CARTESIAN_POINT('',(13.1,42.2,34.34));
#4756 = VECTOR('',#4757,1.);
#4757 = DIRECTION('',(1.,0.,-0.));
#4758 = PCURVE('',#2062,#4759);
#4759 = DEFINITIONAL_REPRESENTATION('',(#4760),#4763);
#4760 = B_SPLINE_CURVE_WITH_KNOTS('',1,(#4761,#4762),.UNSPECIFIED.,.F.,
  .F.,(2,2),(-37.7,11.5),.PIECEWISE_BEZIER_KNOTS.);
#4761 = CARTESIAN_POINT('',(-24.6,42.2));
#4762 = CARTESIAN_POINT('',(24.6,42.2));
#4763 = ( GEOMETRIC_REPRESENTATION_CONTEXT(2) 
PARAMETRIC_REPRESENTATION_CONTEXT() REPRESENTATION_CONTEXT('2D SPACE',''
  ) );
#4764 = PCURVE('',#4765,#4770);
#4765 = PLANE('',#4766);
#4766 = AXIS2_PLACEMENT_3D('',#4767,#4768,#4769);
#4767 = CARTESIAN_POINT('',(26.2,42.2,3.));
#4768 = DIRECTION('',(0.,-1.,0.));
#4769 = DIRECTION('',(-1.,0.,0.));
#4770 = DEFINITIONAL_REPRESENTATION('',(#4771),#4774);
#4771 = B_SPLINE_CURVE_WITH_KNOTS('',1,(#4772,#4773),.UNSPECIFIED.,.F.,
  .F.,(2,2),(-37.7,11.5),.PIECEWISE_BEZIER_KNOTS.);
#4772 = CARTESIAN_POINT('',(50.8,-31.34));
#4773 = CARTESIAN_POINT('',(1.6,-31.34));
#4774 = ( GEOMETRIC_REPRESENTATION_CONTEXT(2) 
PARAMETRIC_REPRESENTATION_CONTEXT() REPRESENTATION_CONTEXT('2D SPACE',''
  ) );
#4775 = ORIENTED_EDGE('',*,*,#4776,.F.);
#4776 = EDGE_CURVE('',#4777,#4751,#4779,.T.);
#4777 = VERTEX_POINT('',#4778);
#4778 = CARTESIAN_POINT('',(26.2,40.6,34.34));
#4779 = SURFACE_CURVE('',#4780,(#4785,#4792),.PCURVE_S1.);
#4780 = CIRCLE('',#4781,1.6);
#4781 = AXIS2_PLACEMENT_3D('',#4782,#4783,#4784);
#4782 = CARTESIAN_POINT('',(24.6,40.6,34.34));
#4783 = DIRECTION('',(0.,0.,1.));
#4784 = DIRECTION('',(1.,0.,-0.));
#4785 = PCURVE('',#2062,#4786);
#4786 = DEFINITIONAL_REPRESENTATION('',(#4787),#4791);
#4787 = CIRCLE('',#4788,1.6);
#4788 = AXIS2_PLACEMENT_2D('',#4789,#4790);
#4789 = CARTESIAN_POINT('',(24.6,40.6));
#4790 = DIRECTION('',(1.,0.));
#4791 = ( GEOMETRIC_REPRESENTATION_CONTEXT(2) 
PARAMETRIC_REPRESENTATION_CONTEXT() REPRESENTATION_CONTEXT('2D SPACE',''
  ) );
#4792 = PCURVE('',#4793,#4798);
#4793 = CYLINDRICAL_SURFACE('',#4794,1.6);
#4794 = AXIS2_PLACEMENT_3D('',#4795,#4796,#4797);
#4795 = CARTESIAN_POINT('',(24.6,40.6,3.));
#4796 = DIRECTION('',(0.,0.,1.));
#4797 = DIRECTION('',(1.,0.,-0.));
#4798 = DEFINITIONAL_REPRESENTATION('',(#4799),#4803);
#4799 = LINE('',#4800,#4801);
#4800 = CARTESIAN_POINT('',(0.,31.34));
#4801 = VECTOR('',#4802,1.);
#4802 = DIRECTION('',(1.,0.));
#4803 = ( GEOMETRIC_REPRESENTATION_CONTEXT(2) 
PARAMETRIC_REPRESENTATION_CONTEXT() REPRESENTATION_CONTEXT('2D SPACE',''
  ) );
#4804 = ORIENTED_EDGE('',*,*,#4805,.T.);
#4805 = EDGE_CURVE('',#4777,#4612,#4806,.T.);
#4806 = SURFACE_CURVE('',#4807,(#4811,#4817),.PCURVE_S1.);
#4807 = LINE('',#4808,#4809);
#4808 = CARTESIAN_POINT('',(26.2,-21.1,34.34));
#4809 = VECTOR('',#4810,1.);
#4810 = DIRECTION('',(0.,-1.,0.));
#4811 = PCURVE('',#2062,#4812);
#4812 = DEFINITIONAL_REPRESENTATION('',(#4813),#4816);
#4813 = B_SPLINE_CURVE_WITH_KNOTS('',1,(#4814,#4815),.UNSPECIFIED.,.F.,
  .F.,(2,2),(-61.7,19.5),.PIECEWISE_BEZIER_KNOTS.);
#4814 = CARTESIAN_POINT('',(26.2,40.6));
#4815 = CARTESIAN_POINT('',(26.2,-40.6));
#4816 = ( GEOMETRIC_REPRESENTATION_CONTEXT(2) 
PARAMETRIC_REPRESENTATION_CONTEXT() REPRESENTATION_CONTEXT('2D SPACE',''
  ) );
#4817 = PCURVE('',#4818,#4823);
#4818 = PLANE('',#4819);
#4819 = AXIS2_PLACEMENT_3D('',#4820,#4821,#4822);
#4820 = CARTESIAN_POINT('',(26.2,-42.2,3.));
#4821 = DIRECTION('',(-1.,0.,0.));
#4822 = DIRECTION('',(0.,1.,0.));
#4823 = DEFINITIONAL_REPRESENTATION('',(#4824),#4827);
#4824 = B_SPLINE_CURVE_WITH_KNOTS('',1,(#4825,#4826),.UNSPECIFIED.,.F.,
  .F.,(2,2),(-61.7,19.5),.PIECEWISE_BEZIER_KNOTS.);
#4825 = CARTESIAN_POINT('',(82.8,-31.34));
#4826 = CARTESIAN_POINT('',(1.6,-31.34));
#4827 = ( GEOMETRIC_REPRESENTATION_CONTEXT(2) 
PARAMETRIC_REPRESENTATION_CONTEXT() REPRESENTATION_CONTEXT('2D SPACE',''
  ) );
#4828 = FACE_BOUND('',#4829,.T.);
#4829 = EDGE_LOOP('',(#4830));
#4830 = ORIENTED_EDGE('',*,*,#4831,.T.);
#4831 = EDGE_CURVE('',#4832,#4832,#4834,.T.);
#4832 = VERTEX_POINT('',#4833);
#4833 = CARTESIAN_POINT('',(30.25,0.,34.34));
#4834 = SURFACE_CURVE('',#4835,(#4840,#4851),.PCURVE_S1.);
#4835 = CIRCLE('',#4836,1.25);
#4836 = AXIS2_PLACEMENT_3D('',#4837,#4838,#4839);
#4837 = CARTESIAN_POINT('',(29.,0.,34.34));
#4838 = DIRECTION('',(0.,0.,-1.));
#4839 = DIRECTION('',(1.,0.,0.));
#4840 = PCURVE('',#2062,#4841);
#4841 = DEFINITIONAL_REPRESENTATION('',(#4842),#4850);
#4842 = ( BOUNDED_CURVE() B_SPLINE_CURVE(2,(#4843,#4844,#4845,#4846,
#4847,#4848,#4849),.UNSPECIFIED.,.T.,.F.) B_SPLINE_CURVE_WITH_KNOTS((1,2
    ,2,2,2,1),(-2.094395102393,0.,2.094395102393,4.188790204786,
6.28318530718,8.377580409573),.UNSPECIFIED.) CURVE() 
GEOMETRIC_REPRESENTATION_ITEM() RATIONAL_B_SPLINE_CURVE((1.,0.5,1.,0.5,
1.,0.5,1.)) REPRESENTATION_ITEM('') );
#4843 = CARTESIAN_POINT('',(30.25,0.));
#4844 = CARTESIAN_POINT('',(30.25,-2.165063509461));
#4845 = CARTESIAN_POINT('',(28.375,-1.082531754731));
#4846 = CARTESIAN_POINT('',(26.5,-3.061616997868E-16));
#4847 = CARTESIAN_POINT('',(28.375,1.082531754731));
#4848 = CARTESIAN_POINT('',(30.25,2.165063509461));
#4849 = CARTESIAN_POINT('',(30.25,0.));
#4850 = ( GEOMETRIC_REPRESENTATION_CONTEXT(2) 
PARAMETRIC_REPRESENTATION_CONTEXT() REPRESENTATION_CONTEXT('2D SPACE',''
  ) );
#4851 = PCURVE('',#4852,#4857);
#4852 = CYLINDRICAL_SURFACE('',#4853,1.25);
#4853 = AXIS2_PLACEMENT_3D('',#4854,#4855,#4856);
#4854 = CARTESIAN_POINT('',(29.,0.,25.34));
#4855 = DIRECTION('',(-0.,-0.,-1.));
#4856 = DIRECTION('',(1.,0.,0.));
#4857 = DEFINITIONAL_REPRESENTATION('',(#4858),#4862);
#4858 = LINE('',#4859,#4860);
#4859 = CARTESIAN_POINT('',(-6.28318530718,-9.));
#4860 = VECTOR('',#4861,1.);
#4861 = DIRECTION('',(1.,-0.));
#4862 = ( GEOMETRIC_REPRESENTATION_CONTEXT(2) 
PARAMETRIC_REPRESENTATION_CONTEXT() REPRESENTATION_CONTEXT('2D SPACE',''
  ) );
#4863 = FACE_BOUND('',#4864,.T.);
#4864 = EDGE_LOOP('',(#4865));
#4865 = ORIENTED_EDGE('',*,*,#4866,.T.);
#4866 = EDGE_CURVE('',#4867,#4867,#4869,.T.);
#4867 = VERTEX_POINT('',#4868);
#4868 = CARTESIAN_POINT('',(1.25,45.,34.34));
#4869 = SURFACE_CURVE('',#4870,(#4875,#4886),.PCURVE_S1.);
#4870 = CIRCLE('',#4871,1.25);
#4871 = AXIS2_PLACEMENT_3D('',#4872,#4873,#4874);
#4872 = CARTESIAN_POINT('',(0.,45.,34.34));
#4873 = DIRECTION('',(0.,0.,-1.));
#4874 = DIRECTION('',(1.,0.,0.));
#4875 = PCURVE('',#2062,#4876);
#4876 = DEFINITIONAL_REPRESENTATION('',(#4877),#4885);
#4877 = ( BOUNDED_CURVE() B_SPLINE_CURVE(2,(#4878,#4879,#4880,#4881,
#4882,#4883,#4884),.UNSPECIFIED.,.T.,.F.) B_SPLINE_CURVE_WITH_KNOTS((1,2
    ,2,2,2,1),(-2.094395102393,0.,2.094395102393,4.188790204786,
6.28318530718,8.377580409573),.UNSPECIFIED.) CURVE() 
GEOMETRIC_REPRESENTATION_ITEM() RATIONAL_B_SPLINE_CURVE((1.,0.5,1.,0.5,
1.,0.5,1.)) REPRESENTATION_ITEM('') );
#4878 = CARTESIAN_POINT('',(1.25,45.));
#4879 = CARTESIAN_POINT('',(1.25,42.834936490539));
#4880 = CARTESIAN_POINT('',(-0.625,43.917468245269));
#4881 = CARTESIAN_POINT('',(-2.5,45.));
#4882 = CARTESIAN_POINT('',(-0.625,46.082531754731));
#4883 = CARTESIAN_POINT('',(1.25,47.165063509461));
#4884 = CARTESIAN_POINT('',(1.25,45.));
#4885 = ( GEOMETRIC_REPRESENTATION_CONTEXT(2) 
PARAMETRIC_REPRESENTATION_CONTEXT() REPRESENTATION_CONTEXT('2D SPACE',''
  ) );
#4886 = PCURVE('',#4887,#4892);
#4887 = CYLINDRICAL_SURFACE('',#4888,1.25);
#4888 = AXIS2_PLACEMENT_3D('',#4889,#4890,#4891);
#4889 = CARTESIAN_POINT('',(0.,45.,25.34));
#4890 = DIRECTION('',(-0.,-0.,-1.));
#4891 = DIRECTION('',(1.,0.,0.));
#4892 = DEFINITIONAL_REPRESENTATION('',(#4893),#4897);
#4893 = LINE('',#4894,#4895);
#4894 = CARTESIAN_POINT('',(-6.28318530718,-9.));
#4895 = VECTOR('',#4896,1.);
#4896 = DIRECTION('',(1.,-0.));
#4897 = ( GEOMETRIC_REPRESENTATION_CONTEXT(2) 
PARAMETRIC_REPRESENTATION_CONTEXT() REPRESENTATION_CONTEXT('2D SPACE',''
  ) );
#4898 = FACE_BOUND('',#4899,.T.);
#4899 = EDGE_LOOP('',(#4900));
#4900 = ORIENTED_EDGE('',*,*,#4901,.T.);
#4901 = EDGE_CURVE('',#4902,#4902,#4904,.T.);
#4902 = VERTEX_POINT('',#4903);
#4903 = CARTESIAN_POINT('',(30.25,42.5,34.34));
#4904 = SURFACE_CURVE('',#4905,(#4910,#4921),.PCURVE_S1.);
#4905 = CIRCLE('',#4906,1.25);
#4906 = AXIS2_PLACEMENT_3D('',#4907,#4908,#4909);
#4907 = CARTESIAN_POINT('',(29.,42.5,34.34));
#4908 = DIRECTION('',(0.,0.,-1.));
#4909 = DIRECTION('',(1.,0.,0.));
#4910 = PCURVE('',#2062,#4911);
#4911 = DEFINITIONAL_REPRESENTATION('',(#4912),#4920);
#4912 = ( BOUNDED_CURVE() B_SPLINE_CURVE(2,(#4913,#4914,#4915,#4916,
#4917,#4918,#4919),.UNSPECIFIED.,.T.,.F.) B_SPLINE_CURVE_WITH_KNOTS((1,2
    ,2,2,2,1),(-2.094395102393,0.,2.094395102393,4.188790204786,
6.28318530718,8.377580409573),.UNSPECIFIED.) CURVE() 
GEOMETRIC_REPRESENTATION_ITEM() RATIONAL_B_SPLINE_CURVE((1.,0.5,1.,0.5,
1.,0.5,1.)) REPRESENTATION_ITEM('') );
#4913 = CARTESIAN_POINT('',(30.25,42.5));
#4914 = CARTESIAN_POINT('',(30.25,40.334936490539));
#4915 = CARTESIAN_POINT('',(28.375,41.417468245269));
#4916 = CARTESIAN_POINT('',(26.5,42.5));
#4917 = CARTESIAN_POINT('',(28.375,43.582531754731));
#4918 = CARTESIAN_POINT('',(30.25,44.665063509461));
#4919 = CARTESIAN_POINT('',(30.25,42.5));
#4920 = ( GEOMETRIC_REPRESENTATION_CONTEXT(2) 
PARAMETRIC_REPRESENTATION_CONTEXT() REPRESENTATION_CONTEXT('2D SPACE',''
  ) );
#4921 = PCURVE('',#4922,#4927);
#4922 = CYLINDRICAL_SURFACE('',#4923,1.25);
#4923 = AXIS2_PLACEMENT_3D('',#4924,#4925,#4926);
#4924 = CARTESIAN_POINT('',(29.,42.5,25.34));
#4925 = DIRECTION('',(-0.,-0.,-1.));
#4926 = DIRECTION('',(1.,0.,0.));
#4927 = DEFINITIONAL_REPRESENTATION('',(#4928),#4932);
#4928 = LINE('',#4929,#4930);
#4929 = CARTESIAN_POINT('',(-6.28318530718,-9.));
#4930 = VECTOR('',#4931,1.);
#4931 = DIRECTION('',(1.,-0.));
#4932 = ( GEOMETRIC_REPRESENTATION_CONTEXT(2) 
PARAMETRIC_REPRESENTATION_CONTEXT() REPRESENTATION_CONTEXT('2D SPACE',''
  ) );
#4933 = ADVANCED_FACE('',(#4934),#2120,.F.);
#4934 = FACE_BOUND('',#4935,.F.);
#4935 = EDGE_LOOP('',(#4936,#4967,#4988,#4989));
#4936 = ORIENTED_EDGE('',*,*,#4937,.F.);
#4937 = EDGE_CURVE('',#4938,#4940,#4942,.T.);
#4938 = VERTEX_POINT('',#4939);
#4939 = CARTESIAN_POINT('',(5.59099025767,-48.2,14.59099025767));
#4940 = VERTEX_POINT('',#4941);
#4941 = CARTESIAN_POINT('',(2.40900974233,-48.2,14.59099025767));
#4942 = SURFACE_CURVE('',#4943,(#4948,#4955),.PCURVE_S1.);
#4943 = CIRCLE('',#4944,2.25);
#4944 = AXIS2_PLACEMENT_3D('',#4945,#4946,#4947);
#4945 = CARTESIAN_POINT('',(4.,-48.2,13.));
#4946 = DIRECTION('',(0.,1.,0.));
#4947 = DIRECTION('',(0.,-0.,1.));
#4948 = PCURVE('',#2120,#4949);
#4949 = DEFINITIONAL_REPRESENTATION('',(#4950),#4954);
#4950 = LINE('',#4951,#4952);
#4951 = CARTESIAN_POINT('',(0.,20.));
#4952 = VECTOR('',#4953,1.);
#4953 = DIRECTION('',(1.,0.));
#4954 = ( GEOMETRIC_REPRESENTATION_CONTEXT(2) 
PARAMETRIC_REPRESENTATION_CONTEXT() REPRESENTATION_CONTEXT('2D SPACE',''
  ) );
#4955 = PCURVE('',#4956,#4961);
#4956 = PLANE('',#4957);
#4957 = AXIS2_PLACEMENT_3D('',#4958,#4959,#4960);
#4958 = CARTESIAN_POINT('',(4.,-48.2,13.));
#4959 = DIRECTION('',(0.,1.,0.));
#4960 = DIRECTION('',(0.,-0.,1.));
#4961 = DEFINITIONAL_REPRESENTATION('',(#4962),#4966);
#4962 = CIRCLE('',#4963,2.25);
#4963 = AXIS2_PLACEMENT_2D('',#4964,#4965);
#4964 = CARTESIAN_POINT('',(0.,0.));
#4965 = DIRECTION('',(1.,0.));
#4966 = ( GEOMETRIC_REPRESENTATION_CONTEXT(2) 
PARAMETRIC_REPRESENTATION_CONTEXT() REPRESENTATION_CONTEXT('2D SPACE',''
  ) );
#4967 = ORIENTED_EDGE('',*,*,#4968,.T.);
#4968 = EDGE_CURVE('',#4938,#2102,#4969,.T.);
#4969 = SURFACE_CURVE('',#4970,(#4974,#4981),.PCURVE_S1.);
#4970 = LINE('',#4971,#4972);
#4971 = CARTESIAN_POINT('',(5.59099025767,-28.2,14.59099025767));
#4972 = VECTOR('',#4973,1.);
#4973 = DIRECTION('',(0.,-1.,0.));
#4974 = PCURVE('',#2120,#4975);
#4975 = DEFINITIONAL_REPRESENTATION('',(#4976),#4980);
#4976 = LINE('',#4977,#4978);
#4977 = CARTESIAN_POINT('',(0.785398163397,40.));
#4978 = VECTOR('',#4979,1.);
#4979 = DIRECTION('',(0.,-1.));
#4980 = ( GEOMETRIC_REPRESENTATION_CONTEXT(2) 
PARAMETRIC_REPRESENTATION_CONTEXT() REPRESENTATION_CONTEXT('2D SPACE',''
  ) );
#4981 = PCURVE('',#2147,#4982);
#4982 = DEFINITIONAL_REPRESENTATION('',(#4983),#4987);
#4983 = LINE('',#4984,#4985);
#4984 = CARTESIAN_POINT('',(0.,0.));
#4985 = VECTOR('',#4986,1.);
#4986 = DIRECTION('',(0.,-1.));
#4987 = ( GEOMETRIC_REPRESENTATION_CONTEXT(2) 
PARAMETRIC_REPRESENTATION_CONTEXT() REPRESENTATION_CONTEXT('2D SPACE',''
  ) );
#4988 = ORIENTED_EDGE('',*,*,#2101,.T.);
#4989 = ORIENTED_EDGE('',*,*,#4990,.F.);
#4990 = EDGE_CURVE('',#4940,#2104,#4991,.T.);
#4991 = SURFACE_CURVE('',#4992,(#4996,#5003),.PCURVE_S1.);
#4992 = LINE('',#4993,#4994);
#4993 = CARTESIAN_POINT('',(2.40900974233,-28.2,14.59099025767));
#4994 = VECTOR('',#4995,1.);
#4995 = DIRECTION('',(0.,-1.,0.));
#4996 = PCURVE('',#2120,#4997);
#4997 = DEFINITIONAL_REPRESENTATION('',(#4998),#5002);
#4998 = LINE('',#4999,#5000);
#4999 = CARTESIAN_POINT('',(5.497787143782,40.));
#5000 = VECTOR('',#5001,1.);
#5001 = DIRECTION('',(0.,-1.));
#5002 = ( GEOMETRIC_REPRESENTATION_CONTEXT(2) 
PARAMETRIC_REPRESENTATION_CONTEXT() REPRESENTATION_CONTEXT('2D SPACE',''
  ) );
#5003 = PCURVE('',#2171,#5004);
#5004 = DEFINITIONAL_REPRESENTATION('',(#5005),#5009);
#5005 = LINE('',#5006,#5007);
#5006 = CARTESIAN_POINT('',(2.25,0.));
#5007 = VECTOR('',#5008,1.);
#5008 = DIRECTION('',(-0.,-1.));
#5009 = ( GEOMETRIC_REPRESENTATION_CONTEXT(2) 
PARAMETRIC_REPRESENTATION_CONTEXT() REPRESENTATION_CONTEXT('2D SPACE',''
  ) );
#5010 = ADVANCED_FACE('',(#5011),#2171,.T.);
#5011 = FACE_BOUND('',#5012,.T.);
#5012 = EDGE_LOOP('',(#5013,#5034,#5055,#5056));
#5013 = ORIENTED_EDGE('',*,*,#5014,.T.);
#5014 = EDGE_CURVE('',#4940,#5015,#5017,.T.);
#5015 = VERTEX_POINT('',#5016);
#5016 = CARTESIAN_POINT('',(4.,-48.2,16.181980515339));
#5017 = SURFACE_CURVE('',#5018,(#5022,#5028),.PCURVE_S1.);
#5018 = LINE('',#5019,#5020);
#5019 = CARTESIAN_POINT('',(3.204504871165,-48.2,15.386485386505));
#5020 = VECTOR('',#5021,1.);
#5021 = DIRECTION('',(0.707106781187,-0.,0.707106781187));
#5022 = PCURVE('',#2171,#5023);
#5023 = DEFINITIONAL_REPRESENTATION('',(#5024),#5027);
#5024 = B_SPLINE_CURVE_WITH_KNOTS('',1,(#5025,#5026),.UNSPECIFIED.,.F.,
  .F.,(2,2),(-1.125,1.125),.PIECEWISE_BEZIER_KNOTS.);
#5025 = CARTESIAN_POINT('',(2.25,-20.));
#5026 = CARTESIAN_POINT('',(0.,-20.));
#5027 = ( GEOMETRIC_REPRESENTATION_CONTEXT(2) 
PARAMETRIC_REPRESENTATION_CONTEXT() REPRESENTATION_CONTEXT('2D SPACE',''
  ) );
#5028 = PCURVE('',#4956,#5029);
#5029 = DEFINITIONAL_REPRESENTATION('',(#5030),#5033);
#5030 = B_SPLINE_CURVE_WITH_KNOTS('',1,(#5031,#5032),.UNSPECIFIED.,.F.,
  .F.,(2,2),(-1.125,1.125),.PIECEWISE_BEZIER_KNOTS.);
#5031 = CARTESIAN_POINT('',(1.59099025767,-1.59099025767));
#5032 = CARTESIAN_POINT('',(3.181980515339,-3.330669073875E-16));
#5033 = ( GEOMETRIC_REPRESENTATION_CONTEXT(2) 
PARAMETRIC_REPRESENTATION_CONTEXT() REPRESENTATION_CONTEXT('2D SPACE',''
  ) );
#5034 = ORIENTED_EDGE('',*,*,#5035,.T.);
#5035 = EDGE_CURVE('',#5015,#2133,#5036,.T.);
#5036 = SURFACE_CURVE('',#5037,(#5041,#5048),.PCURVE_S1.);
#5037 = LINE('',#5038,#5039);
#5038 = CARTESIAN_POINT('',(4.,-28.2,16.181980515339));
#5039 = VECTOR('',#5040,1.);
#5040 = DIRECTION('',(0.,-1.,0.));
#5041 = PCURVE('',#2171,#5042);
#5042 = DEFINITIONAL_REPRESENTATION('',(#5043),#5047);
#5043 = LINE('',#5044,#5045);
#5044 = CARTESIAN_POINT('',(0.,0.));
#5045 = VECTOR('',#5046,1.);
#5046 = DIRECTION('',(-0.,-1.));
#5047 = ( GEOMETRIC_REPRESENTATION_CONTEXT(2) 
PARAMETRIC_REPRESENTATION_CONTEXT() REPRESENTATION_CONTEXT('2D SPACE',''
  ) );
#5048 = PCURVE('',#2147,#5049);
#5049 = DEFINITIONAL_REPRESENTATION('',(#5050),#5054);
#5050 = LINE('',#5051,#5052);
#5051 = CARTESIAN_POINT('',(2.25,0.));
#5052 = VECTOR('',#5053,1.);
#5053 = DIRECTION('',(0.,-1.));
#5054 = ( GEOMETRIC_REPRESENTATION_CONTEXT(2) 
PARAMETRIC_REPRESENTATION_CONTEXT() REPRESENTATION_CONTEXT('2D SPACE',''
  ) );
#5055 = ORIENTED_EDGE('',*,*,#2158,.T.);
#5056 = ORIENTED_EDGE('',*,*,#4990,.F.);
#5057 = ADVANCED_FACE('',(#5058),#2147,.T.);
#5058 = FACE_BOUND('',#5059,.T.);
#5059 = EDGE_LOOP('',(#5060,#5079,#5080,#5081));
#5060 = ORIENTED_EDGE('',*,*,#5061,.T.);
#5061 = EDGE_CURVE('',#5015,#4938,#5062,.T.);
#5062 = SURFACE_CURVE('',#5063,(#5067,#5073),.PCURVE_S1.);
#5063 = LINE('',#5064,#5065);
#5064 = CARTESIAN_POINT('',(5.59099025767,-48.2,14.59099025767));
#5065 = VECTOR('',#5066,1.);
#5066 = DIRECTION('',(0.707106781187,0.,-0.707106781187));
#5067 = PCURVE('',#2147,#5068);
#5068 = DEFINITIONAL_REPRESENTATION('',(#5069),#5072);
#5069 = B_SPLINE_CURVE_WITH_KNOTS('',1,(#5070,#5071),.UNSPECIFIED.,.F.,
  .F.,(2,2),(-2.25,0.),.PIECEWISE_BEZIER_KNOTS.);
#5070 = CARTESIAN_POINT('',(2.25,-20.));
#5071 = CARTESIAN_POINT('',(0.,-20.));
#5072 = ( GEOMETRIC_REPRESENTATION_CONTEXT(2) 
PARAMETRIC_REPRESENTATION_CONTEXT() REPRESENTATION_CONTEXT('2D SPACE',''
  ) );
#5073 = PCURVE('',#4956,#5074);
#5074 = DEFINITIONAL_REPRESENTATION('',(#5075),#5078);
#5075 = B_SPLINE_CURVE_WITH_KNOTS('',1,(#5076,#5077),.UNSPECIFIED.,.F.,
  .F.,(2,2),(-2.25,0.),.PIECEWISE_BEZIER_KNOTS.);
#5076 = CARTESIAN_POINT('',(3.181980515339,-2.22044604925E-16));
#5077 = CARTESIAN_POINT('',(1.59099025767,1.59099025767));
#5078 = ( GEOMETRIC_REPRESENTATION_CONTEXT(2) 
PARAMETRIC_REPRESENTATION_CONTEXT() REPRESENTATION_CONTEXT('2D SPACE',''
  ) );
#5079 = ORIENTED_EDGE('',*,*,#4968,.T.);
#5080 = ORIENTED_EDGE('',*,*,#2132,.T.);
#5081 = ORIENTED_EDGE('',*,*,#5035,.F.);
#5082 = ADVANCED_FACE('',(#5083),#2203,.F.);
#5083 = FACE_BOUND('',#5084,.F.);
#5084 = EDGE_LOOP('',(#5085,#5086,#5107,#5108));
#5085 = ORIENTED_EDGE('',*,*,#2187,.F.);
#5086 = ORIENTED_EDGE('',*,*,#5087,.F.);
#5087 = EDGE_CURVE('',#4387,#2188,#5088,.T.);
#5088 = SURFACE_CURVE('',#5089,(#5093,#5100),.PCURVE_S1.);
#5089 = LINE('',#5090,#5091);
#5090 = CARTESIAN_POINT('',(-32.2,40.6,34.34));
#5091 = VECTOR('',#5092,1.);
#5092 = DIRECTION('',(0.,0.,-1.));
#5093 = PCURVE('',#2203,#5094);
#5094 = DEFINITIONAL_REPRESENTATION('',(#5095),#5099);
#5095 = LINE('',#5096,#5097);
#5096 = CARTESIAN_POINT('',(7.6,-7.6));
#5097 = VECTOR('',#5098,1.);
#5098 = DIRECTION('',(0.,1.));
#5099 = ( GEOMETRIC_REPRESENTATION_CONTEXT(2) 
PARAMETRIC_REPRESENTATION_CONTEXT() REPRESENTATION_CONTEXT('2D SPACE',''
  ) );
#5100 = PCURVE('',#3702,#5101);
#5101 = DEFINITIONAL_REPRESENTATION('',(#5102),#5106);
#5102 = LINE('',#5103,#5104);
#5103 = CARTESIAN_POINT('',(1.570796326795,7.6));
#5104 = VECTOR('',#5105,1.);
#5105 = DIRECTION('',(-0.,-1.));
#5106 = ( GEOMETRIC_REPRESENTATION_CONTEXT(2) 
PARAMETRIC_REPRESENTATION_CONTEXT() REPRESENTATION_CONTEXT('2D SPACE',''
  ) );
#5107 = ORIENTED_EDGE('',*,*,#4410,.T.);
#5108 = ORIENTED_EDGE('',*,*,#4211,.T.);
#5109 = ADVANCED_FACE('',(#5110),#2543,.F.);
#5110 = FACE_BOUND('',#5111,.F.);
#5111 = EDGE_LOOP('',(#5112,#5135,#5162,#5163));
#5112 = ORIENTED_EDGE('',*,*,#5113,.T.);
#5113 = EDGE_CURVE('',#2290,#5114,#5116,.T.);
#5114 = VERTEX_POINT('',#5115);
#5115 = CARTESIAN_POINT('',(-28.2,3.061616997868E-16,12.25));
#5116 = SEAM_CURVE('',#5117,(#5121,#5128),.PCURVE_S1.);
#5117 = LINE('',#5118,#5119);
#5118 = CARTESIAN_POINT('',(-32.3,3.061616997868E-16,12.25));
#5119 = VECTOR('',#5120,1.);
#5120 = DIRECTION('',(1.,0.,0.));
#5121 = PCURVE('',#2543,#5122);
#5122 = DEFINITIONAL_REPRESENTATION('',(#5123),#5127);
#5123 = LINE('',#5124,#5125);
#5124 = CARTESIAN_POINT('',(6.28318530718,-0.));
#5125 = VECTOR('',#5126,1.);
#5126 = DIRECTION('',(0.,1.));
#5127 = ( GEOMETRIC_REPRESENTATION_CONTEXT(2) 
PARAMETRIC_REPRESENTATION_CONTEXT() REPRESENTATION_CONTEXT('2D SPACE',''
  ) );
#5128 = PCURVE('',#2543,#5129);
#5129 = DEFINITIONAL_REPRESENTATION('',(#5130),#5134);
#5130 = LINE('',#5131,#5132);
#5131 = CARTESIAN_POINT('',(0.,-0.));
#5132 = VECTOR('',#5133,1.);
#5133 = DIRECTION('',(0.,1.));
#5134 = ( GEOMETRIC_REPRESENTATION_CONTEXT(2) 
PARAMETRIC_REPRESENTATION_CONTEXT() REPRESENTATION_CONTEXT('2D SPACE',''
  ) );
#5135 = ORIENTED_EDGE('',*,*,#5136,.F.);
#5136 = EDGE_CURVE('',#5114,#5114,#5137,.T.);
#5137 = SURFACE_CURVE('',#5138,(#5143,#5150),.PCURVE_S1.);
#5138 = CIRCLE('',#5139,1.25);
#5139 = AXIS2_PLACEMENT_3D('',#5140,#5141,#5142);
#5140 = CARTESIAN_POINT('',(-28.2,0.,11.));
#5141 = DIRECTION('',(1.,0.,0.));
#5142 = DIRECTION('',(-0.,0.,1.));
#5143 = PCURVE('',#2543,#5144);
#5144 = DEFINITIONAL_REPRESENTATION('',(#5145),#5149);
#5145 = LINE('',#5146,#5147);
#5146 = CARTESIAN_POINT('',(0.,4.1));
#5147 = VECTOR('',#5148,1.);
#5148 = DIRECTION('',(1.,0.));
#5149 = ( GEOMETRIC_REPRESENTATION_CONTEXT(2) 
PARAMETRIC_REPRESENTATION_CONTEXT() REPRESENTATION_CONTEXT('2D SPACE',''
  ) );
#5150 = PCURVE('',#5151,#5156);
#5151 = PLANE('',#5152);
#5152 = AXIS2_PLACEMENT_3D('',#5153,#5154,#5155);
#5153 = CARTESIAN_POINT('',(-28.2,0.,11.));
#5154 = DIRECTION('',(1.,0.,0.));
#5155 = DIRECTION('',(-0.,0.,1.));
#5156 = DEFINITIONAL_REPRESENTATION('',(#5157),#5161);
#5157 = CIRCLE('',#5158,1.25);
#5158 = AXIS2_PLACEMENT_2D('',#5159,#5160);
#5159 = CARTESIAN_POINT('',(0.,0.));
#5160 = DIRECTION('',(1.,0.));
#5161 = ( GEOMETRIC_REPRESENTATION_CONTEXT(2) 
PARAMETRIC_REPRESENTATION_CONTEXT() REPRESENTATION_CONTEXT('2D SPACE',''
  ) );
#5162 = ORIENTED_EDGE('',*,*,#5113,.F.);
#5163 = ORIENTED_EDGE('',*,*,#2289,.T.);
#5164 = ADVANCED_FACE('',(#5165),#2717,.F.);
#5165 = FACE_BOUND('',#5166,.F.);
#5166 = EDGE_LOOP('',(#5167,#5168,#5169,#5170));
#5167 = ORIENTED_EDGE('',*,*,#2703,.F.);
#5168 = ORIENTED_EDGE('',*,*,#4265,.T.);
#5169 = ORIENTED_EDGE('',*,*,#4316,.T.);
#5170 = ORIENTED_EDGE('',*,*,#5171,.F.);
#5171 = EDGE_CURVE('',#2684,#4317,#5172,.T.);
#5172 = SURFACE_CURVE('',#5173,(#5177,#5184),.PCURVE_S1.);
#5173 = LINE('',#5174,#5175);
#5174 = CARTESIAN_POINT('',(32.2,40.6,26.74));
#5175 = VECTOR('',#5176,1.);
#5176 = DIRECTION('',(0.,0.,1.));
#5177 = PCURVE('',#2717,#5178);
#5178 = DEFINITIONAL_REPRESENTATION('',(#5179),#5183);
#5179 = LINE('',#5180,#5181);
#5180 = CARTESIAN_POINT('',(88.8,3.552713678801E-15));
#5181 = VECTOR('',#5182,1.);
#5182 = DIRECTION('',(0.,-1.));
#5183 = ( GEOMETRIC_REPRESENTATION_CONTEXT(2) 
PARAMETRIC_REPRESENTATION_CONTEXT() REPRESENTATION_CONTEXT('2D SPACE',''
  ) );
#5184 = PCURVE('',#3770,#5185);
#5185 = DEFINITIONAL_REPRESENTATION('',(#5186),#5190);
#5186 = LINE('',#5187,#5188);
#5187 = CARTESIAN_POINT('',(0.,0.));
#5188 = VECTOR('',#5189,1.);
#5189 = DIRECTION('',(0.,1.));
#5190 = ( GEOMETRIC_REPRESENTATION_CONTEXT(2) 
PARAMETRIC_REPRESENTATION_CONTEXT() REPRESENTATION_CONTEXT('2D SPACE',''
  ) );
#5191 = ADVANCED_FACE('',(#5192),#2751,.T.);
#5192 = FACE_BOUND('',#5193,.F.);
#5193 = EDGE_LOOP('',(#5194,#5195,#5196,#5218,#5219));
#5194 = ORIENTED_EDGE('',*,*,#3583,.F.);
#5195 = ORIENTED_EDGE('',*,*,#3505,.T.);
#5196 = ORIENTED_EDGE('',*,*,#5197,.T.);
#5197 = EDGE_CURVE('',#3478,#3633,#5198,.T.);
#5198 = SURFACE_CURVE('',#5199,(#5204,#5211),.PCURVE_S1.);
#5199 = CIRCLE('',#5200,12.);
#5200 = AXIS2_PLACEMENT_3D('',#5201,#5202,#5203);
#5201 = CARTESIAN_POINT('',(31.6,18.,12.));
#5202 = DIRECTION('',(1.,-0.,1.110223024625E-16));
#5203 = DIRECTION('',(1.110223024625E-16,0.,-1.));
#5204 = PCURVE('',#2751,#5205);
#5205 = DEFINITIONAL_REPRESENTATION('',(#5206),#5210);
#5206 = LINE('',#5207,#5208);
#5207 = CARTESIAN_POINT('',(-0.,-2.4));
#5208 = VECTOR('',#5209,1.);
#5209 = DIRECTION('',(-1.,0.));
#5210 = ( GEOMETRIC_REPRESENTATION_CONTEXT(2) 
PARAMETRIC_REPRESENTATION_CONTEXT() REPRESENTATION_CONTEXT('2D SPACE',''
  ) );
#5211 = PCURVE('',#3493,#5212);
#5212 = DEFINITIONAL_REPRESENTATION('',(#5213),#5217);
#5213 = CIRCLE('',#5214,12.);
#5214 = AXIS2_PLACEMENT_2D('',#5215,#5216);
#5215 = CARTESIAN_POINT('',(1.7763568394E-15,0.));
#5216 = DIRECTION('',(1.,0.));
#5217 = ( GEOMETRIC_REPRESENTATION_CONTEXT(2) 
PARAMETRIC_REPRESENTATION_CONTEXT() REPRESENTATION_CONTEXT('2D SPACE',''
  ) );
#5218 = ORIENTED_EDGE('',*,*,#3659,.T.);
#5219 = ORIENTED_EDGE('',*,*,#2732,.F.);
#5220 = ADVANCED_FACE('',(#5221),#3179,.F.);
#5221 = FACE_BOUND('',#5222,.F.);
#5222 = EDGE_LOOP('',(#5223,#5224,#5247,#5274));
#5223 = ORIENTED_EDGE('',*,*,#2868,.T.);
#5224 = ORIENTED_EDGE('',*,*,#5225,.F.);
#5225 = EDGE_CURVE('',#5226,#2869,#5228,.T.);
#5226 = VERTEX_POINT('',#5227);
#5227 = CARTESIAN_POINT('',(28.2,3.061616997868E-16,12.25));
#5228 = SEAM_CURVE('',#5229,(#5233,#5240),.PCURVE_S1.);
#5229 = LINE('',#5230,#5231);
#5230 = CARTESIAN_POINT('',(28.2,3.061616997868E-16,12.25));
#5231 = VECTOR('',#5232,1.);
#5232 = DIRECTION('',(1.,0.,0.));
#5233 = PCURVE('',#3179,#5234);
#5234 = DEFINITIONAL_REPRESENTATION('',(#5235),#5239);
#5235 = LINE('',#5236,#5237);
#5236 = CARTESIAN_POINT('',(0.,-0.));
#5237 = VECTOR('',#5238,1.);
#5238 = DIRECTION('',(0.,1.));
#5239 = ( GEOMETRIC_REPRESENTATION_CONTEXT(2) 
PARAMETRIC_REPRESENTATION_CONTEXT() REPRESENTATION_CONTEXT('2D SPACE',''
  ) );
#5240 = PCURVE('',#3179,#5241);
#5241 = DEFINITIONAL_REPRESENTATION('',(#5242),#5246);
#5242 = LINE('',#5243,#5244);
#5243 = CARTESIAN_POINT('',(6.28318530718,-0.));
#5244 = VECTOR('',#5245,1.);
#5245 = DIRECTION('',(0.,1.));
#5246 = ( GEOMETRIC_REPRESENTATION_CONTEXT(2) 
PARAMETRIC_REPRESENTATION_CONTEXT() REPRESENTATION_CONTEXT('2D SPACE',''
  ) );
#5247 = ORIENTED_EDGE('',*,*,#5248,.T.);
#5248 = EDGE_CURVE('',#5226,#5226,#5249,.T.);
#5249 = SURFACE_CURVE('',#5250,(#5255,#5262),.PCURVE_S1.);
#5250 = CIRCLE('',#5251,1.25);
#5251 = AXIS2_PLACEMENT_3D('',#5252,#5253,#5254);
#5252 = CARTESIAN_POINT('',(28.2,0.,11.));
#5253 = DIRECTION('',(1.,0.,0.));
#5254 = DIRECTION('',(-0.,0.,1.));
#5255 = PCURVE('',#3179,#5256);
#5256 = DEFINITIONAL_REPRESENTATION('',(#5257),#5261);
#5257 = LINE('',#5258,#5259);
#5258 = CARTESIAN_POINT('',(0.,0.));
#5259 = VECTOR('',#5260,1.);
#5260 = DIRECTION('',(1.,0.));
#5261 = ( GEOMETRIC_REPRESENTATION_CONTEXT(2) 
PARAMETRIC_REPRESENTATION_CONTEXT() REPRESENTATION_CONTEXT('2D SPACE',''
  ) );
#5262 = PCURVE('',#5263,#5268);
#5263 = PLANE('',#5264);
#5264 = AXIS2_PLACEMENT_3D('',#5265,#5266,#5267);
#5265 = CARTESIAN_POINT('',(28.2,0.,11.));
#5266 = DIRECTION('',(1.,0.,0.));
#5267 = DIRECTION('',(-0.,0.,1.));
#5268 = DEFINITIONAL_REPRESENTATION('',(#5269),#5273);
#5269 = CIRCLE('',#5270,1.25);
#5270 = AXIS2_PLACEMENT_2D('',#5271,#5272);
#5271 = CARTESIAN_POINT('',(0.,0.));
#5272 = DIRECTION('',(1.,0.));
#5273 = ( GEOMETRIC_REPRESENTATION_CONTEXT(2) 
PARAMETRIC_REPRESENTATION_CONTEXT() REPRESENTATION_CONTEXT('2D SPACE',''
  ) );
#5274 = ORIENTED_EDGE('',*,*,#5225,.T.);
#5275 = ADVANCED_FACE('',(#5276,#5279),#3414,.T.);
#5276 = FACE_BOUND('',#5277,.T.);
#5277 = EDGE_LOOP('',(#5278));
#5278 = ORIENTED_EDGE('',*,*,#3399,.T.);
#5279 = FACE_BOUND('',#5280,.T.);
#5280 = EDGE_LOOP('',(#5281,#5309,#5335));
#5281 = ORIENTED_EDGE('',*,*,#5282,.F.);
#5282 = EDGE_CURVE('',#5283,#5285,#5287,.T.);
#5283 = VERTEX_POINT('',#5284);
#5284 = CARTESIAN_POINT('',(28.,18.,16.242640687119));
#5285 = VERTEX_POINT('',#5286);
#5286 = CARTESIAN_POINT('',(28.,15.87867965644,14.12132034356));
#5287 = SURFACE_CURVE('',#5288,(#5292,#5298),.PCURVE_S1.);
#5288 = LINE('',#5289,#5290);
#5289 = CARTESIAN_POINT('',(28.,16.93933982822,15.181980515339));
#5290 = VECTOR('',#5291,1.);
#5291 = DIRECTION('',(0.,-0.707106781187,-0.707106781187));
#5292 = PCURVE('',#3414,#5293);
#5293 = DEFINITIONAL_REPRESENTATION('',(#5294),#5297);
#5294 = B_SPLINE_CURVE_WITH_KNOTS('',1,(#5295,#5296),.UNSPECIFIED.,.F.,
  .F.,(2,2),(-1.5,1.5),.PIECEWISE_BEZIER_KNOTS.);
#5295 = CARTESIAN_POINT('',(4.242640687119,6.661338147751E-16));
#5296 = CARTESIAN_POINT('',(2.12132034356,2.12132034356));
#5297 = ( GEOMETRIC_REPRESENTATION_CONTEXT(2) 
PARAMETRIC_REPRESENTATION_CONTEXT() REPRESENTATION_CONTEXT('2D SPACE',''
  ) );
#5298 = PCURVE('',#5299,#5304);
#5299 = PLANE('',#5300);
#5300 = AXIS2_PLACEMENT_3D('',#5301,#5302,#5303);
#5301 = CARTESIAN_POINT('',(25.2,18.,16.242640687119));
#5302 = DIRECTION('',(0.,0.707106781187,-0.707106781187));
#5303 = DIRECTION('',(0.,-0.707106781187,-0.707106781187));
#5304 = DEFINITIONAL_REPRESENTATION('',(#5305),#5308);
#5305 = B_SPLINE_CURVE_WITH_KNOTS('',1,(#5306,#5307),.UNSPECIFIED.,.F.,
  .F.,(2,2),(-1.5,1.5),.PIECEWISE_BEZIER_KNOTS.);
#5306 = CARTESIAN_POINT('',(0.,-2.8));
#5307 = CARTESIAN_POINT('',(3.,-2.8));
#5308 = ( GEOMETRIC_REPRESENTATION_CONTEXT(2) 
PARAMETRIC_REPRESENTATION_CONTEXT() REPRESENTATION_CONTEXT('2D SPACE',''
  ) );
#5309 = ORIENTED_EDGE('',*,*,#5310,.F.);
#5310 = EDGE_CURVE('',#5311,#5283,#5313,.T.);
#5311 = VERTEX_POINT('',#5312);
#5312 = CARTESIAN_POINT('',(28.,20.12132034356,14.12132034356));
#5313 = SURFACE_CURVE('',#5314,(#5318,#5324),.PCURVE_S1.);
#5314 = LINE('',#5315,#5316);
#5315 = CARTESIAN_POINT('',(28.,20.12132034356,14.12132034356));
#5316 = VECTOR('',#5317,1.);
#5317 = DIRECTION('',(0.,-0.707106781187,0.707106781187));
#5318 = PCURVE('',#3414,#5319);
#5319 = DEFINITIONAL_REPRESENTATION('',(#5320),#5323);
#5320 = B_SPLINE_CURVE_WITH_KNOTS('',1,(#5321,#5322),.UNSPECIFIED.,.F.,
  .F.,(2,2),(0.,3.),.PIECEWISE_BEZIER_KNOTS.);
#5321 = CARTESIAN_POINT('',(2.12132034356,-2.12132034356));
#5322 = CARTESIAN_POINT('',(4.242640687119,8.881784197001E-16));
#5323 = ( GEOMETRIC_REPRESENTATION_CONTEXT(2) 
PARAMETRIC_REPRESENTATION_CONTEXT() REPRESENTATION_CONTEXT('2D SPACE',''
  ) );
#5324 = PCURVE('',#5325,#5330);
#5325 = PLANE('',#5326);
#5326 = AXIS2_PLACEMENT_3D('',#5327,#5328,#5329);
#5327 = CARTESIAN_POINT('',(25.2,20.12132034356,14.12132034356));
#5328 = DIRECTION('',(0.,-0.707106781187,-0.707106781187));
#5329 = DIRECTION('',(0.,-0.707106781187,0.707106781187));
#5330 = DEFINITIONAL_REPRESENTATION('',(#5331),#5334);
#5331 = B_SPLINE_CURVE_WITH_KNOTS('',1,(#5332,#5333),.UNSPECIFIED.,.F.,
  .F.,(2,2),(0.,3.),.PIECEWISE_BEZIER_KNOTS.);
#5332 = CARTESIAN_POINT('',(0.,-2.8));
#5333 = CARTESIAN_POINT('',(3.,-2.8));
#5334 = ( GEOMETRIC_REPRESENTATION_CONTEXT(2) 
PARAMETRIC_REPRESENTATION_CONTEXT() REPRESENTATION_CONTEXT('2D SPACE',''
  ) );
#5335 = ORIENTED_EDGE('',*,*,#5336,.F.);
#5336 = EDGE_CURVE('',#5285,#5311,#5337,.T.);
#5337 = SURFACE_CURVE('',#5338,(#5343,#5350),.PCURVE_S1.);
#5338 = CIRCLE('',#5339,3.);
#5339 = AXIS2_PLACEMENT_3D('',#5340,#5341,#5342);
#5340 = CARTESIAN_POINT('',(28.,18.,12.));
#5341 = DIRECTION('',(1.,0.,0.));
#5342 = DIRECTION('',(-0.,0.,1.));
#5343 = PCURVE('',#3414,#5344);
#5344 = DEFINITIONAL_REPRESENTATION('',(#5345),#5349);
#5345 = CIRCLE('',#5346,3.);
#5346 = AXIS2_PLACEMENT_2D('',#5347,#5348);
#5347 = CARTESIAN_POINT('',(0.,0.));
#5348 = DIRECTION('',(1.,0.));
#5349 = ( GEOMETRIC_REPRESENTATION_CONTEXT(2) 
PARAMETRIC_REPRESENTATION_CONTEXT() REPRESENTATION_CONTEXT('2D SPACE',''
  ) );
#5350 = PCURVE('',#5351,#5356);
#5351 = CYLINDRICAL_SURFACE('',#5352,3.);
#5352 = AXIS2_PLACEMENT_3D('',#5353,#5354,#5355);
#5353 = CARTESIAN_POINT('',(25.2,18.,12.));
#5354 = DIRECTION('',(1.,0.,0.));
#5355 = DIRECTION('',(-0.,0.,1.));
#5356 = DEFINITIONAL_REPRESENTATION('',(#5357),#5361);
#5357 = LINE('',#5358,#5359);
#5358 = CARTESIAN_POINT('',(0.,2.8));
#5359 = VECTOR('',#5360,1.);
#5360 = DIRECTION('',(1.,0.));
#5361 = ( GEOMETRIC_REPRESENTATION_CONTEXT(2) 
PARAMETRIC_REPRESENTATION_CONTEXT() REPRESENTATION_CONTEXT('2D SPACE',''
  ) );
#5362 = ADVANCED_FACE('',(#5363),#3493,.T.);
#5363 = FACE_BOUND('',#5364,.T.);
#5364 = EDGE_LOOP('',(#5365,#5366,#5367,#5368));
#5365 = ORIENTED_EDGE('',*,*,#3477,.F.);
#5366 = ORIENTED_EDGE('',*,*,#5197,.T.);
#5367 = ORIENTED_EDGE('',*,*,#3632,.F.);
#5368 = ORIENTED_EDGE('',*,*,#3554,.T.);
#5369 = ADVANCED_FACE('',(#5370),#3702,.T.);
#5370 = FACE_BOUND('',#5371,.T.);
#5371 = EDGE_LOOP('',(#5372,#5373,#5374,#5375));
#5372 = ORIENTED_EDGE('',*,*,#3685,.T.);
#5373 = ORIENTED_EDGE('',*,*,#5087,.F.);
#5374 = ORIENTED_EDGE('',*,*,#4386,.F.);
#5375 = ORIENTED_EDGE('',*,*,#5376,.T.);
#5376 = EDGE_CURVE('',#4364,#3686,#5377,.T.);
#5377 = SURFACE_CURVE('',#5378,(#5382,#5389),.PCURVE_S1.);
#5378 = LINE('',#5379,#5380);
#5379 = CARTESIAN_POINT('',(-24.6,48.2,34.34));
#5380 = VECTOR('',#5381,1.);
#5381 = DIRECTION('',(0.,0.,-1.));
#5382 = PCURVE('',#3702,#5383);
#5383 = DEFINITIONAL_REPRESENTATION('',(#5384),#5388);
#5384 = LINE('',#5385,#5386);
#5385 = CARTESIAN_POINT('',(0.,7.6));
#5386 = VECTOR('',#5387,1.);
#5387 = DIRECTION('',(-0.,-1.));
#5388 = ( GEOMETRIC_REPRESENTATION_CONTEXT(2) 
PARAMETRIC_REPRESENTATION_CONTEXT() REPRESENTATION_CONTEXT('2D SPACE',''
  ) );
#5389 = PCURVE('',#3801,#5390);
#5390 = DEFINITIONAL_REPRESENTATION('',(#5391),#5395);
#5391 = LINE('',#5392,#5393);
#5392 = CARTESIAN_POINT('',(56.8,-7.6));
#5393 = VECTOR('',#5394,1.);
#5394 = DIRECTION('',(0.,1.));
#5395 = ( GEOMETRIC_REPRESENTATION_CONTEXT(2) 
PARAMETRIC_REPRESENTATION_CONTEXT() REPRESENTATION_CONTEXT('2D SPACE',''
  ) );
#5396 = ADVANCED_FACE('',(#5397),#3770,.T.);
#5397 = FACE_BOUND('',#5398,.T.);
#5398 = EDGE_LOOP('',(#5399,#5400,#5421,#5422));
#5399 = ORIENTED_EDGE('',*,*,#3755,.T.);
#5400 = ORIENTED_EDGE('',*,*,#5401,.T.);
#5401 = EDGE_CURVE('',#3736,#4340,#5402,.T.);
#5402 = SURFACE_CURVE('',#5403,(#5407,#5414),.PCURVE_S1.);
#5403 = LINE('',#5404,#5405);
#5404 = CARTESIAN_POINT('',(24.6,48.2,26.74));
#5405 = VECTOR('',#5406,1.);
#5406 = DIRECTION('',(0.,0.,1.));
#5407 = PCURVE('',#3770,#5408);
#5408 = DEFINITIONAL_REPRESENTATION('',(#5409),#5413);
#5409 = LINE('',#5410,#5411);
#5410 = CARTESIAN_POINT('',(1.570796326795,0.));
#5411 = VECTOR('',#5412,1.);
#5412 = DIRECTION('',(0.,1.));
#5413 = ( GEOMETRIC_REPRESENTATION_CONTEXT(2) 
PARAMETRIC_REPRESENTATION_CONTEXT() REPRESENTATION_CONTEXT('2D SPACE',''
  ) );
#5414 = PCURVE('',#3801,#5415);
#5415 = DEFINITIONAL_REPRESENTATION('',(#5416),#5420);
#5416 = LINE('',#5417,#5418);
#5417 = CARTESIAN_POINT('',(7.6,3.552713678801E-15));
#5418 = VECTOR('',#5419,1.);
#5419 = DIRECTION('',(0.,-1.));
#5420 = ( GEOMETRIC_REPRESENTATION_CONTEXT(2) 
PARAMETRIC_REPRESENTATION_CONTEXT() REPRESENTATION_CONTEXT('2D SPACE',''
  ) );
#5421 = ORIENTED_EDGE('',*,*,#4339,.F.);
#5422 = ORIENTED_EDGE('',*,*,#5171,.F.);
#5423 = ADVANCED_FACE('',(#5424),#3801,.F.);
#5424 = FACE_BOUND('',#5425,.F.);
#5425 = EDGE_LOOP('',(#5426,#5427,#5428,#5429));
#5426 = ORIENTED_EDGE('',*,*,#3787,.F.);
#5427 = ORIENTED_EDGE('',*,*,#5401,.T.);
#5428 = ORIENTED_EDGE('',*,*,#4363,.T.);
#5429 = ORIENTED_EDGE('',*,*,#5376,.T.);
#5430 = ADVANCED_FACE('',(#5431,#5625),#3877,.T.);
#5431 = FACE_BOUND('',#5432,.T.);
#5432 = EDGE_LOOP('',(#5433,#5458,#5482,#5505,#5529,#5552,#5576,#5599));
#5433 = ORIENTED_EDGE('',*,*,#5434,.T.);
#5434 = EDGE_CURVE('',#5435,#5437,#5439,.T.);
#5435 = VERTEX_POINT('',#5436);
#5436 = CARTESIAN_POINT('',(-24.6,-42.2,3.));
#5437 = VERTEX_POINT('',#5438);
#5438 = CARTESIAN_POINT('',(24.6,-42.2,3.));
#5439 = SURFACE_CURVE('',#5440,(#5444,#5451),.PCURVE_S1.);
#5440 = LINE('',#5441,#5442);
#5441 = CARTESIAN_POINT('',(-26.2,-42.2,3.));
#5442 = VECTOR('',#5443,1.);
#5443 = DIRECTION('',(1.,0.,0.));
#5444 = PCURVE('',#3877,#5445);
#5445 = DEFINITIONAL_REPRESENTATION('',(#5446),#5450);
#5446 = LINE('',#5447,#5448);
#5447 = CARTESIAN_POINT('',(-26.2,-42.2));
#5448 = VECTOR('',#5449,1.);
#5449 = DIRECTION('',(1.,0.));
#5450 = ( GEOMETRIC_REPRESENTATION_CONTEXT(2) 
PARAMETRIC_REPRESENTATION_CONTEXT() REPRESENTATION_CONTEXT('2D SPACE',''
  ) );
#5451 = PCURVE('',#4655,#5452);
#5452 = DEFINITIONAL_REPRESENTATION('',(#5453),#5457);
#5453 = LINE('',#5454,#5455);
#5454 = CARTESIAN_POINT('',(0.,0.));
#5455 = VECTOR('',#5456,1.);
#5456 = DIRECTION('',(1.,0.));
#5457 = ( GEOMETRIC_REPRESENTATION_CONTEXT(2) 
PARAMETRIC_REPRESENTATION_CONTEXT() REPRESENTATION_CONTEXT('2D SPACE',''
  ) );
#5458 = ORIENTED_EDGE('',*,*,#5459,.T.);
#5459 = EDGE_CURVE('',#5437,#5460,#5462,.T.);
#5460 = VERTEX_POINT('',#5461);
#5461 = CARTESIAN_POINT('',(26.2,-40.6,3.));
#5462 = SURFACE_CURVE('',#5463,(#5468,#5475),.PCURVE_S1.);
#5463 = CIRCLE('',#5464,1.6);
#5464 = AXIS2_PLACEMENT_3D('',#5465,#5466,#5467);
#5465 = CARTESIAN_POINT('',(24.6,-40.6,3.));
#5466 = DIRECTION('',(0.,0.,1.));
#5467 = DIRECTION('',(0.,-1.,0.));
#5468 = PCURVE('',#3877,#5469);
#5469 = DEFINITIONAL_REPRESENTATION('',(#5470),#5474);
#5470 = CIRCLE('',#5471,1.6);
#5471 = AXIS2_PLACEMENT_2D('',#5472,#5473);
#5472 = CARTESIAN_POINT('',(24.6,-40.6));
#5473 = DIRECTION('',(0.,-1.));
#5474 = ( GEOMETRIC_REPRESENTATION_CONTEXT(2) 
PARAMETRIC_REPRESENTATION_CONTEXT() REPRESENTATION_CONTEXT('2D SPACE',''
  ) );
#5475 = PCURVE('',#4628,#5476);
#5476 = DEFINITIONAL_REPRESENTATION('',(#5477),#5481);
#5477 = LINE('',#5478,#5479);
#5478 = CARTESIAN_POINT('',(0.,0.));
#5479 = VECTOR('',#5480,1.);
#5480 = DIRECTION('',(1.,0.));
#5481 = ( GEOMETRIC_REPRESENTATION_CONTEXT(2) 
PARAMETRIC_REPRESENTATION_CONTEXT() REPRESENTATION_CONTEXT('2D SPACE',''
  ) );
#5482 = ORIENTED_EDGE('',*,*,#5483,.T.);
#5483 = EDGE_CURVE('',#5460,#5484,#5486,.T.);
#5484 = VERTEX_POINT('',#5485);
#5485 = CARTESIAN_POINT('',(26.2,40.6,3.));
#5486 = SURFACE_CURVE('',#5487,(#5491,#5498),.PCURVE_S1.);
#5487 = LINE('',#5488,#5489);
#5488 = CARTESIAN_POINT('',(26.2,-42.2,3.));
#5489 = VECTOR('',#5490,1.);
#5490 = DIRECTION('',(0.,1.,0.));
#5491 = PCURVE('',#3877,#5492);
#5492 = DEFINITIONAL_REPRESENTATION('',(#5493),#5497);
#5493 = LINE('',#5494,#5495);
#5494 = CARTESIAN_POINT('',(26.2,-42.2));
#5495 = VECTOR('',#5496,1.);
#5496 = DIRECTION('',(0.,1.));
#5497 = ( GEOMETRIC_REPRESENTATION_CONTEXT(2) 
PARAMETRIC_REPRESENTATION_CONTEXT() REPRESENTATION_CONTEXT('2D SPACE',''
  ) );
#5498 = PCURVE('',#4818,#5499);
#5499 = DEFINITIONAL_REPRESENTATION('',(#5500),#5504);
#5500 = LINE('',#5501,#5502);
#5501 = CARTESIAN_POINT('',(0.,0.));
#5502 = VECTOR('',#5503,1.);
#5503 = DIRECTION('',(1.,0.));
#5504 = ( GEOMETRIC_REPRESENTATION_CONTEXT(2) 
PARAMETRIC_REPRESENTATION_CONTEXT() REPRESENTATION_CONTEXT('2D SPACE',''
  ) );
#5505 = ORIENTED_EDGE('',*,*,#5506,.T.);
#5506 = EDGE_CURVE('',#5484,#5507,#5509,.T.);
#5507 = VERTEX_POINT('',#5508);
#5508 = CARTESIAN_POINT('',(24.6,42.2,3.));
#5509 = SURFACE_CURVE('',#5510,(#5515,#5522),.PCURVE_S1.);
#5510 = CIRCLE('',#5511,1.6);
#5511 = AXIS2_PLACEMENT_3D('',#5512,#5513,#5514);
#5512 = CARTESIAN_POINT('',(24.6,40.6,3.));
#5513 = DIRECTION('',(0.,0.,1.));
#5514 = DIRECTION('',(0.,-1.,0.));
#5515 = PCURVE('',#3877,#5516);
#5516 = DEFINITIONAL_REPRESENTATION('',(#5517),#5521);
#5517 = CIRCLE('',#5518,1.6);
#5518 = AXIS2_PLACEMENT_2D('',#5519,#5520);
#5519 = CARTESIAN_POINT('',(24.6,40.6));
#5520 = DIRECTION('',(0.,-1.));
#5521 = ( GEOMETRIC_REPRESENTATION_CONTEXT(2) 
PARAMETRIC_REPRESENTATION_CONTEXT() REPRESENTATION_CONTEXT('2D SPACE',''
  ) );
#5522 = PCURVE('',#4793,#5523);
#5523 = DEFINITIONAL_REPRESENTATION('',(#5524),#5528);
#5524 = LINE('',#5525,#5526);
#5525 = CARTESIAN_POINT('',(-1.570796326795,0.));
#5526 = VECTOR('',#5527,1.);
#5527 = DIRECTION('',(1.,0.));
#5528 = ( GEOMETRIC_REPRESENTATION_CONTEXT(2) 
PARAMETRIC_REPRESENTATION_CONTEXT() REPRESENTATION_CONTEXT('2D SPACE',''
  ) );
#5529 = ORIENTED_EDGE('',*,*,#5530,.T.);
#5530 = EDGE_CURVE('',#5507,#5531,#5533,.T.);
#5531 = VERTEX_POINT('',#5532);
#5532 = CARTESIAN_POINT('',(-24.6,42.2,3.));
#5533 = SURFACE_CURVE('',#5534,(#5538,#5545),.PCURVE_S1.);
#5534 = LINE('',#5535,#5536);
#5535 = CARTESIAN_POINT('',(26.2,42.2,3.));
#5536 = VECTOR('',#5537,1.);
#5537 = DIRECTION('',(-1.,0.,0.));
#5538 = PCURVE('',#3877,#5539);
#5539 = DEFINITIONAL_REPRESENTATION('',(#5540),#5544);
#5540 = LINE('',#5541,#5542);
#5541 = CARTESIAN_POINT('',(26.2,42.2));
#5542 = VECTOR('',#5543,1.);
#5543 = DIRECTION('',(-1.,0.));
#5544 = ( GEOMETRIC_REPRESENTATION_CONTEXT(2) 
PARAMETRIC_REPRESENTATION_CONTEXT() REPRESENTATION_CONTEXT('2D SPACE',''
  ) );
#5545 = PCURVE('',#4765,#5546);
#5546 = DEFINITIONAL_REPRESENTATION('',(#5547),#5551);
#5547 = LINE('',#5548,#5549);
#5548 = CARTESIAN_POINT('',(0.,-0.));
#5549 = VECTOR('',#5550,1.);
#5550 = DIRECTION('',(1.,0.));
#5551 = ( GEOMETRIC_REPRESENTATION_CONTEXT(2) 
PARAMETRIC_REPRESENTATION_CONTEXT() REPRESENTATION_CONTEXT('2D SPACE',''
  ) );
#5552 = ORIENTED_EDGE('',*,*,#5553,.T.);
#5553 = EDGE_CURVE('',#5531,#5554,#5556,.T.);
#5554 = VERTEX_POINT('',#5555);
#5555 = CARTESIAN_POINT('',(-26.2,40.6,3.));
#5556 = SURFACE_CURVE('',#5557,(#5562,#5569),.PCURVE_S1.);
#5557 = CIRCLE('',#5558,1.6);
#5558 = AXIS2_PLACEMENT_3D('',#5559,#5560,#5561);
#5559 = CARTESIAN_POINT('',(-24.6,40.6,3.));
#5560 = DIRECTION('',(0.,0.,1.));
#5561 = DIRECTION('',(0.,-1.,0.));
#5562 = PCURVE('',#3877,#5563);
#5563 = DEFINITIONAL_REPRESENTATION('',(#5564),#5568);
#5564 = CIRCLE('',#5565,1.6);
#5565 = AXIS2_PLACEMENT_2D('',#5566,#5567);
#5566 = CARTESIAN_POINT('',(-24.6,40.6));
#5567 = DIRECTION('',(0.,-1.));
#5568 = ( GEOMETRIC_REPRESENTATION_CONTEXT(2) 
PARAMETRIC_REPRESENTATION_CONTEXT() REPRESENTATION_CONTEXT('2D SPACE',''
  ) );
#5569 = PCURVE('',#4738,#5570);
#5570 = DEFINITIONAL_REPRESENTATION('',(#5571),#5575);
#5571 = LINE('',#5572,#5573);
#5572 = CARTESIAN_POINT('',(-3.14159265359,0.));
#5573 = VECTOR('',#5574,1.);
#5574 = DIRECTION('',(1.,0.));
#5575 = ( GEOMETRIC_REPRESENTATION_CONTEXT(2) 
PARAMETRIC_REPRESENTATION_CONTEXT() REPRESENTATION_CONTEXT('2D SPACE',''
  ) );
#5576 = ORIENTED_EDGE('',*,*,#5577,.T.);
#5577 = EDGE_CURVE('',#5554,#5578,#5580,.T.);
#5578 = VERTEX_POINT('',#5579);
#5579 = CARTESIAN_POINT('',(-26.2,-40.6,3.));
#5580 = SURFACE_CURVE('',#5581,(#5585,#5592),.PCURVE_S1.);
#5581 = LINE('',#5582,#5583);
#5582 = CARTESIAN_POINT('',(-26.2,42.2,3.));
#5583 = VECTOR('',#5584,1.);
#5584 = DIRECTION('',(0.,-1.,0.));
#5585 = PCURVE('',#3877,#5586);
#5586 = DEFINITIONAL_REPRESENTATION('',(#5587),#5591);
#5587 = LINE('',#5588,#5589);
#5588 = CARTESIAN_POINT('',(-26.2,42.2));
#5589 = VECTOR('',#5590,1.);
#5590 = DIRECTION('',(0.,-1.));
#5591 = ( GEOMETRIC_REPRESENTATION_CONTEXT(2) 
PARAMETRIC_REPRESENTATION_CONTEXT() REPRESENTATION_CONTEXT('2D SPACE',''
  ) );
#5592 = PCURVE('',#4710,#5593);
#5593 = DEFINITIONAL_REPRESENTATION('',(#5594),#5598);
#5594 = LINE('',#5595,#5596);
#5595 = CARTESIAN_POINT('',(0.,0.));
#5596 = VECTOR('',#5597,1.);
#5597 = DIRECTION('',(1.,0.));
#5598 = ( GEOMETRIC_REPRESENTATION_CONTEXT(2) 
PARAMETRIC_REPRESENTATION_CONTEXT() REPRESENTATION_CONTEXT('2D SPACE',''
  ) );
#5599 = ORIENTED_EDGE('',*,*,#5600,.F.);
#5600 = EDGE_CURVE('',#5435,#5578,#5601,.T.);
#5601 = SURFACE_CURVE('',#5602,(#5607,#5618),.PCURVE_S1.);
#5602 = CIRCLE('',#5603,1.6);
#5603 = AXIS2_PLACEMENT_3D('',#5604,#5605,#5606);
#5604 = CARTESIAN_POINT('',(-24.6,-40.6,3.));
#5605 = DIRECTION('',(-0.,-0.,-1.));
#5606 = DIRECTION('',(0.,-1.,0.));
#5607 = PCURVE('',#3877,#5608);
#5608 = DEFINITIONAL_REPRESENTATION('',(#5609),#5617);
#5609 = ( BOUNDED_CURVE() B_SPLINE_CURVE(2,(#5610,#5611,#5612,#5613,
#5614,#5615,#5616),.UNSPECIFIED.,.T.,.F.) B_SPLINE_CURVE_WITH_KNOTS((1,2
    ,2,2,2,1),(-2.094395102393,0.,2.094395102393,4.188790204786,
6.28318530718,8.377580409573),.UNSPECIFIED.) CURVE() 
GEOMETRIC_REPRESENTATION_ITEM() RATIONAL_B_SPLINE_CURVE((1.,0.5,1.,0.5,
1.,0.5,1.)) REPRESENTATION_ITEM('') );
#5610 = CARTESIAN_POINT('',(-24.6,-42.2));
#5611 = CARTESIAN_POINT('',(-27.37128129211,-42.2));
#5612 = CARTESIAN_POINT('',(-25.98564064605,-39.8));
#5613 = CARTESIAN_POINT('',(-24.6,-37.4));
#5614 = CARTESIAN_POINT('',(-23.21435935394,-39.8));
#5615 = CARTESIAN_POINT('',(-21.82871870789,-42.2));
#5616 = CARTESIAN_POINT('',(-24.6,-42.2));
#5617 = ( GEOMETRIC_REPRESENTATION_CONTEXT(2) 
PARAMETRIC_REPRESENTATION_CONTEXT() REPRESENTATION_CONTEXT('2D SPACE',''
  ) );
#5618 = PCURVE('',#4683,#5619);
#5619 = DEFINITIONAL_REPRESENTATION('',(#5620),#5624);
#5620 = LINE('',#5621,#5622);
#5621 = CARTESIAN_POINT('',(-0.,0.));
#5622 = VECTOR('',#5623,1.);
#5623 = DIRECTION('',(-1.,0.));
#5624 = ( GEOMETRIC_REPRESENTATION_CONTEXT(2) 
PARAMETRIC_REPRESENTATION_CONTEXT() REPRESENTATION_CONTEXT('2D SPACE',''
  ) );
#5625 = FACE_BOUND('',#5626,.T.);
#5626 = EDGE_LOOP('',(#5627,#5628,#5629,#5630,#5631,#5632,#5633,#5634));
#5627 = ORIENTED_EDGE('',*,*,#3916,.F.);
#5628 = ORIENTED_EDGE('',*,*,#3864,.T.);
#5629 = ORIENTED_EDGE('',*,*,#4185,.F.);
#5630 = ORIENTED_EDGE('',*,*,#4160,.T.);
#5631 = ORIENTED_EDGE('',*,*,#4110,.F.);
#5632 = ORIENTED_EDGE('',*,*,#4063,.T.);
#5633 = ORIENTED_EDGE('',*,*,#4013,.F.);
#5634 = ORIENTED_EDGE('',*,*,#3966,.T.);
#5635 = ADVANCED_FACE('',(#5636),#4455,.F.);
#5636 = FACE_BOUND('',#5637,.T.);
#5637 = EDGE_LOOP('',(#5638,#5667,#5688,#5689));
#5638 = ORIENTED_EDGE('',*,*,#5639,.F.);
#5639 = EDGE_CURVE('',#5640,#5640,#5642,.T.);
#5640 = VERTEX_POINT('',#5641);
#5641 = CARTESIAN_POINT('',(-27.75,-42.5,25.34));
#5642 = SURFACE_CURVE('',#5643,(#5648,#5655),.PCURVE_S1.);
#5643 = CIRCLE('',#5644,1.25);
#5644 = AXIS2_PLACEMENT_3D('',#5645,#5646,#5647);
#5645 = CARTESIAN_POINT('',(-29.,-42.5,25.34));
#5646 = DIRECTION('',(0.,0.,1.));
#5647 = DIRECTION('',(1.,0.,0.));
#5648 = PCURVE('',#4455,#5649);
#5649 = DEFINITIONAL_REPRESENTATION('',(#5650),#5654);
#5650 = LINE('',#5651,#5652);
#5651 = CARTESIAN_POINT('',(-0.,0.));
#5652 = VECTOR('',#5653,1.);
#5653 = DIRECTION('',(-1.,0.));
#5654 = ( GEOMETRIC_REPRESENTATION_CONTEXT(2) 
PARAMETRIC_REPRESENTATION_CONTEXT() REPRESENTATION_CONTEXT('2D SPACE',''
  ) );
#5655 = PCURVE('',#5656,#5661);
#5656 = PLANE('',#5657);
#5657 = AXIS2_PLACEMENT_3D('',#5658,#5659,#5660);
#5658 = CARTESIAN_POINT('',(-29.,-42.5,25.34));
#5659 = DIRECTION('',(0.,0.,1.));
#5660 = DIRECTION('',(1.,0.,-0.));
#5661 = DEFINITIONAL_REPRESENTATION('',(#5662),#5666);
#5662 = CIRCLE('',#5663,1.25);
#5663 = AXIS2_PLACEMENT_2D('',#5664,#5665);
#5664 = CARTESIAN_POINT('',(0.,0.));
#5665 = DIRECTION('',(1.,0.));
#5666 = ( GEOMETRIC_REPRESENTATION_CONTEXT(2) 
PARAMETRIC_REPRESENTATION_CONTEXT() REPRESENTATION_CONTEXT('2D SPACE',''
  ) );
#5667 = ORIENTED_EDGE('',*,*,#5668,.T.);
#5668 = EDGE_CURVE('',#5640,#4435,#5669,.T.);
#5669 = SEAM_CURVE('',#5670,(#5674,#5681),.PCURVE_S1.);
#5670 = LINE('',#5671,#5672);
#5671 = CARTESIAN_POINT('',(-27.75,-42.5,25.34));
#5672 = VECTOR('',#5673,1.);
#5673 = DIRECTION('',(0.,0.,1.));
#5674 = PCURVE('',#4455,#5675);
#5675 = DEFINITIONAL_REPRESENTATION('',(#5676),#5680);
#5676 = LINE('',#5677,#5678);
#5677 = CARTESIAN_POINT('',(-6.28318530718,0.));
#5678 = VECTOR('',#5679,1.);
#5679 = DIRECTION('',(-0.,-1.));
#5680 = ( GEOMETRIC_REPRESENTATION_CONTEXT(2) 
PARAMETRIC_REPRESENTATION_CONTEXT() REPRESENTATION_CONTEXT('2D SPACE',''
  ) );
#5681 = PCURVE('',#4455,#5682);
#5682 = DEFINITIONAL_REPRESENTATION('',(#5683),#5687);
#5683 = LINE('',#5684,#5685);
#5684 = CARTESIAN_POINT('',(-0.,0.));
#5685 = VECTOR('',#5686,1.);
#5686 = DIRECTION('',(-0.,-1.));
#5687 = ( GEOMETRIC_REPRESENTATION_CONTEXT(2) 
PARAMETRIC_REPRESENTATION_CONTEXT() REPRESENTATION_CONTEXT('2D SPACE',''
  ) );
#5688 = ORIENTED_EDGE('',*,*,#4434,.F.);
#5689 = ORIENTED_EDGE('',*,*,#5668,.F.);
#5690 = ADVANCED_FACE('',(#5691),#4490,.F.);
#5691 = FACE_BOUND('',#5692,.T.);
#5692 = EDGE_LOOP('',(#5693,#5722,#5743,#5744));
#5693 = ORIENTED_EDGE('',*,*,#5694,.F.);
#5694 = EDGE_CURVE('',#5695,#5695,#5697,.T.);
#5695 = VERTEX_POINT('',#5696);
#5696 = CARTESIAN_POINT('',(1.25,-45.,25.34));
#5697 = SURFACE_CURVE('',#5698,(#5703,#5710),.PCURVE_S1.);
#5698 = CIRCLE('',#5699,1.25);
#5699 = AXIS2_PLACEMENT_3D('',#5700,#5701,#5702);
#5700 = CARTESIAN_POINT('',(0.,-45.,25.34));
#5701 = DIRECTION('',(0.,0.,1.));
#5702 = DIRECTION('',(1.,0.,0.));
#5703 = PCURVE('',#4490,#5704);
#5704 = DEFINITIONAL_REPRESENTATION('',(#5705),#5709);
#5705 = LINE('',#5706,#5707);
#5706 = CARTESIAN_POINT('',(-0.,0.));
#5707 = VECTOR('',#5708,1.);
#5708 = DIRECTION('',(-1.,0.));
#5709 = ( GEOMETRIC_REPRESENTATION_CONTEXT(2) 
PARAMETRIC_REPRESENTATION_CONTEXT() REPRESENTATION_CONTEXT('2D SPACE',''
  ) );
#5710 = PCURVE('',#5711,#5716);
#5711 = PLANE('',#5712);
#5712 = AXIS2_PLACEMENT_3D('',#5713,#5714,#5715);
#5713 = CARTESIAN_POINT('',(-6.837200662697E-17,-45.,25.34));
#5714 = DIRECTION('',(0.,0.,1.));
#5715 = DIRECTION('',(1.,0.,-0.));
#5716 = DEFINITIONAL_REPRESENTATION('',(#5717),#5721);
#5717 = CIRCLE('',#5718,1.25);
#5718 = AXIS2_PLACEMENT_2D('',#5719,#5720);
#5719 = CARTESIAN_POINT('',(6.837200662697E-17,0.));
#5720 = DIRECTION('',(1.,0.));
#5721 = ( GEOMETRIC_REPRESENTATION_CONTEXT(2) 
PARAMETRIC_REPRESENTATION_CONTEXT() REPRESENTATION_CONTEXT('2D SPACE',''
  ) );
#5722 = ORIENTED_EDGE('',*,*,#5723,.T.);
#5723 = EDGE_CURVE('',#5695,#4470,#5724,.T.);
#5724 = SEAM_CURVE('',#5725,(#5729,#5736),.PCURVE_S1.);
#5725 = LINE('',#5726,#5727);
#5726 = CARTESIAN_POINT('',(1.25,-45.,25.34));
#5727 = VECTOR('',#5728,1.);
#5728 = DIRECTION('',(0.,0.,1.));
#5729 = PCURVE('',#4490,#5730);
#5730 = DEFINITIONAL_REPRESENTATION('',(#5731),#5735);
#5731 = LINE('',#5732,#5733);
#5732 = CARTESIAN_POINT('',(-6.28318530718,0.));
#5733 = VECTOR('',#5734,1.);
#5734 = DIRECTION('',(-0.,-1.));
#5735 = ( GEOMETRIC_REPRESENTATION_CONTEXT(2) 
PARAMETRIC_REPRESENTATION_CONTEXT() REPRESENTATION_CONTEXT('2D SPACE',''
  ) );
#5736 = PCURVE('',#4490,#5737);
#5737 = DEFINITIONAL_REPRESENTATION('',(#5738),#5742);
#5738 = LINE('',#5739,#5740);
#5739 = CARTESIAN_POINT('',(-0.,0.));
#5740 = VECTOR('',#5741,1.);
#5741 = DIRECTION('',(-0.,-1.));
#5742 = ( GEOMETRIC_REPRESENTATION_CONTEXT(2) 
PARAMETRIC_REPRESENTATION_CONTEXT() REPRESENTATION_CONTEXT('2D SPACE',''
  ) );
#5743 = ORIENTED_EDGE('',*,*,#4469,.F.);
#5744 = ORIENTED_EDGE('',*,*,#5723,.F.);
#5745 = ADVANCED_FACE('',(#5746),#4525,.F.);
#5746 = FACE_BOUND('',#5747,.T.);
#5747 = EDGE_LOOP('',(#5748,#5777,#5798,#5799));
#5748 = ORIENTED_EDGE('',*,*,#5749,.F.);
#5749 = EDGE_CURVE('',#5750,#5750,#5752,.T.);
#5750 = VERTEX_POINT('',#5751);
#5751 = CARTESIAN_POINT('',(30.25,-42.5,25.34));
#5752 = SURFACE_CURVE('',#5753,(#5758,#5765),.PCURVE_S1.);
#5753 = CIRCLE('',#5754,1.25);
#5754 = AXIS2_PLACEMENT_3D('',#5755,#5756,#5757);
#5755 = CARTESIAN_POINT('',(29.,-42.5,25.34));
#5756 = DIRECTION('',(0.,0.,1.));
#5757 = DIRECTION('',(1.,0.,0.));
#5758 = PCURVE('',#4525,#5759);
#5759 = DEFINITIONAL_REPRESENTATION('',(#5760),#5764);
#5760 = LINE('',#5761,#5762);
#5761 = CARTESIAN_POINT('',(-0.,0.));
#5762 = VECTOR('',#5763,1.);
#5763 = DIRECTION('',(-1.,0.));
#5764 = ( GEOMETRIC_REPRESENTATION_CONTEXT(2) 
PARAMETRIC_REPRESENTATION_CONTEXT() REPRESENTATION_CONTEXT('2D SPACE',''
  ) );
#5765 = PCURVE('',#5766,#5771);
#5766 = PLANE('',#5767);
#5767 = AXIS2_PLACEMENT_3D('',#5768,#5769,#5770);
#5768 = CARTESIAN_POINT('',(29.,-42.5,25.34));
#5769 = DIRECTION('',(0.,0.,1.));
#5770 = DIRECTION('',(1.,0.,-0.));
#5771 = DEFINITIONAL_REPRESENTATION('',(#5772),#5776);
#5772 = CIRCLE('',#5773,1.25);
#5773 = AXIS2_PLACEMENT_2D('',#5774,#5775);
#5774 = CARTESIAN_POINT('',(0.,0.));
#5775 = DIRECTION('',(1.,0.));
#5776 = ( GEOMETRIC_REPRESENTATION_CONTEXT(2) 
PARAMETRIC_REPRESENTATION_CONTEXT() REPRESENTATION_CONTEXT('2D SPACE',''
  ) );
#5777 = ORIENTED_EDGE('',*,*,#5778,.T.);
#5778 = EDGE_CURVE('',#5750,#4505,#5779,.T.);
#5779 = SEAM_CURVE('',#5780,(#5784,#5791),.PCURVE_S1.);
#5780 = LINE('',#5781,#5782);
#5781 = CARTESIAN_POINT('',(30.25,-42.5,25.34));
#5782 = VECTOR('',#5783,1.);
#5783 = DIRECTION('',(0.,0.,1.));
#5784 = PCURVE('',#4525,#5785);
#5785 = DEFINITIONAL_REPRESENTATION('',(#5786),#5790);
#5786 = LINE('',#5787,#5788);
#5787 = CARTESIAN_POINT('',(-6.28318530718,0.));
#5788 = VECTOR('',#5789,1.);
#5789 = DIRECTION('',(-0.,-1.));
#5790 = ( GEOMETRIC_REPRESENTATION_CONTEXT(2) 
PARAMETRIC_REPRESENTATION_CONTEXT() REPRESENTATION_CONTEXT('2D SPACE',''
  ) );
#5791 = PCURVE('',#4525,#5792);
#5792 = DEFINITIONAL_REPRESENTATION('',(#5793),#5797);
#5793 = LINE('',#5794,#5795);
#5794 = CARTESIAN_POINT('',(-0.,0.));
#5795 = VECTOR('',#5796,1.);
#5796 = DIRECTION('',(-0.,-1.));
#5797 = ( GEOMETRIC_REPRESENTATION_CONTEXT(2) 
PARAMETRIC_REPRESENTATION_CONTEXT() REPRESENTATION_CONTEXT('2D SPACE',''
  ) );
#5798 = ORIENTED_EDGE('',*,*,#4504,.F.);
#5799 = ORIENTED_EDGE('',*,*,#5778,.F.);
#5800 = ADVANCED_FACE('',(#5801),#4560,.F.);
#5801 = FACE_BOUND('',#5802,.T.);
#5802 = EDGE_LOOP('',(#5803,#5832,#5853,#5854));
#5803 = ORIENTED_EDGE('',*,*,#5804,.F.);
#5804 = EDGE_CURVE('',#5805,#5805,#5807,.T.);
#5805 = VERTEX_POINT('',#5806);
#5806 = CARTESIAN_POINT('',(-27.75,0.,25.34));
#5807 = SURFACE_CURVE('',#5808,(#5813,#5820),.PCURVE_S1.);
#5808 = CIRCLE('',#5809,1.25);
#5809 = AXIS2_PLACEMENT_3D('',#5810,#5811,#5812);
#5810 = CARTESIAN_POINT('',(-29.,0.,25.34));
#5811 = DIRECTION('',(0.,0.,1.));
#5812 = DIRECTION('',(1.,0.,0.));
#5813 = PCURVE('',#4560,#5814);
#5814 = DEFINITIONAL_REPRESENTATION('',(#5815),#5819);
#5815 = LINE('',#5816,#5817);
#5816 = CARTESIAN_POINT('',(-0.,0.));
#5817 = VECTOR('',#5818,1.);
#5818 = DIRECTION('',(-1.,0.));
#5819 = ( GEOMETRIC_REPRESENTATION_CONTEXT(2) 
PARAMETRIC_REPRESENTATION_CONTEXT() REPRESENTATION_CONTEXT('2D SPACE',''
  ) );
#5820 = PCURVE('',#5821,#5826);
#5821 = PLANE('',#5822);
#5822 = AXIS2_PLACEMENT_3D('',#5823,#5824,#5825);
#5823 = CARTESIAN_POINT('',(-29.,1.73450566625E-17,25.34));
#5824 = DIRECTION('',(0.,0.,1.));
#5825 = DIRECTION('',(1.,0.,-0.));
#5826 = DEFINITIONAL_REPRESENTATION('',(#5827),#5831);
#5827 = CIRCLE('',#5828,1.25);
#5828 = AXIS2_PLACEMENT_2D('',#5829,#5830);
#5829 = CARTESIAN_POINT('',(0.,-1.73450566625E-17));
#5830 = DIRECTION('',(1.,0.));
#5831 = ( GEOMETRIC_REPRESENTATION_CONTEXT(2) 
PARAMETRIC_REPRESENTATION_CONTEXT() REPRESENTATION_CONTEXT('2D SPACE',''
  ) );
#5832 = ORIENTED_EDGE('',*,*,#5833,.T.);
#5833 = EDGE_CURVE('',#5805,#4540,#5834,.T.);
#5834 = SEAM_CURVE('',#5835,(#5839,#5846),.PCURVE_S1.);
#5835 = LINE('',#5836,#5837);
#5836 = CARTESIAN_POINT('',(-27.75,0.,25.34));
#5837 = VECTOR('',#5838,1.);
#5838 = DIRECTION('',(0.,0.,1.));
#5839 = PCURVE('',#4560,#5840);
#5840 = DEFINITIONAL_REPRESENTATION('',(#5841),#5845);
#5841 = LINE('',#5842,#5843);
#5842 = CARTESIAN_POINT('',(-6.28318530718,0.));
#5843 = VECTOR('',#5844,1.);
#5844 = DIRECTION('',(-0.,-1.));
#5845 = ( GEOMETRIC_REPRESENTATION_CONTEXT(2) 
PARAMETRIC_REPRESENTATION_CONTEXT() REPRESENTATION_CONTEXT('2D SPACE',''
  ) );
#5846 = PCURVE('',#4560,#5847);
#5847 = DEFINITIONAL_REPRESENTATION('',(#5848),#5852);
#5848 = LINE('',#5849,#5850);
#5849 = CARTESIAN_POINT('',(-0.,0.));
#5850 = VECTOR('',#5851,1.);
#5851 = DIRECTION('',(-0.,-1.));
#5852 = ( GEOMETRIC_REPRESENTATION_CONTEXT(2) 
PARAMETRIC_REPRESENTATION_CONTEXT() REPRESENTATION_CONTEXT('2D SPACE',''
  ) );
#5853 = ORIENTED_EDGE('',*,*,#4539,.F.);
#5854 = ORIENTED_EDGE('',*,*,#5833,.F.);
#5855 = ADVANCED_FACE('',(#5856),#4595,.F.);
#5856 = FACE_BOUND('',#5857,.T.);
#5857 = EDGE_LOOP('',(#5858,#5887,#5908,#5909));
#5858 = ORIENTED_EDGE('',*,*,#5859,.F.);
#5859 = EDGE_CURVE('',#5860,#5860,#5862,.T.);
#5860 = VERTEX_POINT('',#5861);
#5861 = CARTESIAN_POINT('',(-27.75,42.5,25.34));
#5862 = SURFACE_CURVE('',#5863,(#5868,#5875),.PCURVE_S1.);
#5863 = CIRCLE('',#5864,1.25);
#5864 = AXIS2_PLACEMENT_3D('',#5865,#5866,#5867);
#5865 = CARTESIAN_POINT('',(-29.,42.5,25.34));
#5866 = DIRECTION('',(0.,0.,1.));
#5867 = DIRECTION('',(1.,0.,0.));
#5868 = PCURVE('',#4595,#5869);
#5869 = DEFINITIONAL_REPRESENTATION('',(#5870),#5874);
#5870 = LINE('',#5871,#5872);
#5871 = CARTESIAN_POINT('',(-0.,0.));
#5872 = VECTOR('',#5873,1.);
#5873 = DIRECTION('',(-1.,0.));
#5874 = ( GEOMETRIC_REPRESENTATION_CONTEXT(2) 
PARAMETRIC_REPRESENTATION_CONTEXT() REPRESENTATION_CONTEXT('2D SPACE',''
  ) );
#5875 = PCURVE('',#5876,#5881);
#5876 = PLANE('',#5877);
#5877 = AXIS2_PLACEMENT_3D('',#5878,#5879,#5880);
#5878 = CARTESIAN_POINT('',(-29.,42.5,25.34));
#5879 = DIRECTION('',(0.,0.,1.));
#5880 = DIRECTION('',(1.,0.,-0.));
#5881 = DEFINITIONAL_REPRESENTATION('',(#5882),#5886);
#5882 = CIRCLE('',#5883,1.25);
#5883 = AXIS2_PLACEMENT_2D('',#5884,#5885);
#5884 = CARTESIAN_POINT('',(0.,0.));
#5885 = DIRECTION('',(1.,0.));
#5886 = ( GEOMETRIC_REPRESENTATION_CONTEXT(2) 
PARAMETRIC_REPRESENTATION_CONTEXT() REPRESENTATION_CONTEXT('2D SPACE',''
  ) );
#5887 = ORIENTED_EDGE('',*,*,#5888,.T.);
#5888 = EDGE_CURVE('',#5860,#4575,#5889,.T.);
#5889 = SEAM_CURVE('',#5890,(#5894,#5901),.PCURVE_S1.);
#5890 = LINE('',#5891,#5892);
#5891 = CARTESIAN_POINT('',(-27.75,42.5,25.34));
#5892 = VECTOR('',#5893,1.);
#5893 = DIRECTION('',(0.,0.,1.));
#5894 = PCURVE('',#4595,#5895);
#5895 = DEFINITIONAL_REPRESENTATION('',(#5896),#5900);
#5896 = LINE('',#5897,#5898);
#5897 = CARTESIAN_POINT('',(-6.28318530718,0.));
#5898 = VECTOR('',#5899,1.);
#5899 = DIRECTION('',(-0.,-1.));
#5900 = ( GEOMETRIC_REPRESENTATION_CONTEXT(2) 
PARAMETRIC_REPRESENTATION_CONTEXT() REPRESENTATION_CONTEXT('2D SPACE',''
  ) );
#5901 = PCURVE('',#4595,#5902);
#5902 = DEFINITIONAL_REPRESENTATION('',(#5903),#5907);
#5903 = LINE('',#5904,#5905);
#5904 = CARTESIAN_POINT('',(-0.,0.));
#5905 = VECTOR('',#5906,1.);
#5906 = DIRECTION('',(-0.,-1.));
#5907 = ( GEOMETRIC_REPRESENTATION_CONTEXT(2) 
PARAMETRIC_REPRESENTATION_CONTEXT() REPRESENTATION_CONTEXT('2D SPACE',''
  ) );
#5908 = ORIENTED_EDGE('',*,*,#4574,.F.);
#5909 = ORIENTED_EDGE('',*,*,#5888,.F.);
#5910 = ADVANCED_FACE('',(#5911),#4628,.F.);
#5911 = FACE_BOUND('',#5912,.F.);
#5912 = EDGE_LOOP('',(#5913,#5934,#5935,#5956));
#5913 = ORIENTED_EDGE('',*,*,#5914,.F.);
#5914 = EDGE_CURVE('',#5437,#4610,#5915,.T.);
#5915 = SURFACE_CURVE('',#5916,(#5920,#5927),.PCURVE_S1.);
#5916 = LINE('',#5917,#5918);
#5917 = CARTESIAN_POINT('',(24.6,-42.2,3.));
#5918 = VECTOR('',#5919,1.);
#5919 = DIRECTION('',(0.,0.,1.));
#5920 = PCURVE('',#4628,#5921);
#5921 = DEFINITIONAL_REPRESENTATION('',(#5922),#5926);
#5922 = LINE('',#5923,#5924);
#5923 = CARTESIAN_POINT('',(0.,0.));
#5924 = VECTOR('',#5925,1.);
#5925 = DIRECTION('',(0.,1.));
#5926 = ( GEOMETRIC_REPRESENTATION_CONTEXT(2) 
PARAMETRIC_REPRESENTATION_CONTEXT() REPRESENTATION_CONTEXT('2D SPACE',''
  ) );
#5927 = PCURVE('',#4655,#5928);
#5928 = DEFINITIONAL_REPRESENTATION('',(#5929),#5933);
#5929 = LINE('',#5930,#5931);
#5930 = CARTESIAN_POINT('',(50.8,0.));
#5931 = VECTOR('',#5932,1.);
#5932 = DIRECTION('',(0.,-1.));
#5933 = ( GEOMETRIC_REPRESENTATION_CONTEXT(2) 
PARAMETRIC_REPRESENTATION_CONTEXT() REPRESENTATION_CONTEXT('2D SPACE',''
  ) );
#5934 = ORIENTED_EDGE('',*,*,#5459,.T.);
#5935 = ORIENTED_EDGE('',*,*,#5936,.T.);
#5936 = EDGE_CURVE('',#5460,#4612,#5937,.T.);
#5937 = SURFACE_CURVE('',#5938,(#5942,#5949),.PCURVE_S1.);
#5938 = LINE('',#5939,#5940);
#5939 = CARTESIAN_POINT('',(26.2,-40.6,3.));
#5940 = VECTOR('',#5941,1.);
#5941 = DIRECTION('',(0.,0.,1.));
#5942 = PCURVE('',#4628,#5943);
#5943 = DEFINITIONAL_REPRESENTATION('',(#5944),#5948);
#5944 = LINE('',#5945,#5946);
#5945 = CARTESIAN_POINT('',(1.570796326795,0.));
#5946 = VECTOR('',#5947,1.);
#5947 = DIRECTION('',(0.,1.));
#5948 = ( GEOMETRIC_REPRESENTATION_CONTEXT(2) 
PARAMETRIC_REPRESENTATION_CONTEXT() REPRESENTATION_CONTEXT('2D SPACE',''
  ) );
#5949 = PCURVE('',#4818,#5950);
#5950 = DEFINITIONAL_REPRESENTATION('',(#5951),#5955);
#5951 = LINE('',#5952,#5953);
#5952 = CARTESIAN_POINT('',(1.6,0.));
#5953 = VECTOR('',#5954,1.);
#5954 = DIRECTION('',(0.,-1.));
#5955 = ( GEOMETRIC_REPRESENTATION_CONTEXT(2) 
PARAMETRIC_REPRESENTATION_CONTEXT() REPRESENTATION_CONTEXT('2D SPACE',''
  ) );
#5956 = ORIENTED_EDGE('',*,*,#4609,.F.);
#5957 = ADVANCED_FACE('',(#5958,#5984,#6015,#6121),#4655,.T.);
#5958 = FACE_BOUND('',#5959,.T.);
#5959 = EDGE_LOOP('',(#5960,#5961,#5982,#5983));
#5960 = ORIENTED_EDGE('',*,*,#5434,.F.);
#5961 = ORIENTED_EDGE('',*,*,#5962,.T.);
#5962 = EDGE_CURVE('',#5435,#4641,#5963,.T.);
#5963 = SURFACE_CURVE('',#5964,(#5968,#5975),.PCURVE_S1.);
#5964 = LINE('',#5965,#5966);
#5965 = CARTESIAN_POINT('',(-24.6,-42.2,3.));
#5966 = VECTOR('',#5967,1.);
#5967 = DIRECTION('',(0.,0.,1.));
#5968 = PCURVE('',#4655,#5969);
#5969 = DEFINITIONAL_REPRESENTATION('',(#5970),#5974);
#5970 = LINE('',#5971,#5972);
#5971 = CARTESIAN_POINT('',(1.6,0.));
#5972 = VECTOR('',#5973,1.);
#5973 = DIRECTION('',(0.,-1.));
#5974 = ( GEOMETRIC_REPRESENTATION_CONTEXT(2) 
PARAMETRIC_REPRESENTATION_CONTEXT() REPRESENTATION_CONTEXT('2D SPACE',''
  ) );
#5975 = PCURVE('',#4683,#5976);
#5976 = DEFINITIONAL_REPRESENTATION('',(#5977),#5981);
#5977 = LINE('',#5978,#5979);
#5978 = CARTESIAN_POINT('',(-0.,0.));
#5979 = VECTOR('',#5980,1.);
#5980 = DIRECTION('',(-0.,1.));
#5981 = ( GEOMETRIC_REPRESENTATION_CONTEXT(2) 
PARAMETRIC_REPRESENTATION_CONTEXT() REPRESENTATION_CONTEXT('2D SPACE',''
  ) );
#5982 = ORIENTED_EDGE('',*,*,#4640,.F.);
#5983 = ORIENTED_EDGE('',*,*,#5914,.F.);
#5984 = FACE_BOUND('',#5985,.T.);
#5985 = EDGE_LOOP('',(#5986));
#5986 = ORIENTED_EDGE('',*,*,#5987,.F.);
#5987 = EDGE_CURVE('',#5988,#5988,#5990,.T.);
#5988 = VERTEX_POINT('',#5989);
#5989 = CARTESIAN_POINT('',(4.,-42.2,17.));
#5990 = SURFACE_CURVE('',#5991,(#5996,#6003),.PCURVE_S1.);
#5991 = CIRCLE('',#5992,4.);
#5992 = AXIS2_PLACEMENT_3D('',#5993,#5994,#5995);
#5993 = CARTESIAN_POINT('',(4.,-42.2,13.));
#5994 = DIRECTION('',(0.,1.,0.));
#5995 = DIRECTION('',(0.,-0.,1.));
#5996 = PCURVE('',#4655,#5997);
#5997 = DEFINITIONAL_REPRESENTATION('',(#5998),#6002);
#5998 = CIRCLE('',#5999,4.);
#5999 = AXIS2_PLACEMENT_2D('',#6000,#6001);
#6000 = CARTESIAN_POINT('',(30.2,-10.));
#6001 = DIRECTION('',(0.,-1.));
#6002 = ( GEOMETRIC_REPRESENTATION_CONTEXT(2) 
PARAMETRIC_REPRESENTATION_CONTEXT() REPRESENTATION_CONTEXT('2D SPACE',''
  ) );
#6003 = PCURVE('',#6004,#6009);
#6004 = CYLINDRICAL_SURFACE('',#6005,4.);
#6005 = AXIS2_PLACEMENT_3D('',#6006,#6007,#6008);
#6006 = CARTESIAN_POINT('',(4.,-48.2,13.));
#6007 = DIRECTION('',(0.,1.,0.));
#6008 = DIRECTION('',(0.,-0.,1.));
#6009 = DEFINITIONAL_REPRESENTATION('',(#6010),#6014);
#6010 = LINE('',#6011,#6012);
#6011 = CARTESIAN_POINT('',(0.,6.));
#6012 = VECTOR('',#6013,1.);
#6013 = DIRECTION('',(1.,0.));
#6014 = ( GEOMETRIC_REPRESENTATION_CONTEXT(2) 
PARAMETRIC_REPRESENTATION_CONTEXT() REPRESENTATION_CONTEXT('2D SPACE',''
  ) );
#6015 = FACE_BOUND('',#6016,.T.);
#6016 = EDGE_LOOP('',(#6017,#6045,#6071,#6097));
#6017 = ORIENTED_EDGE('',*,*,#6018,.T.);
#6018 = EDGE_CURVE('',#6019,#6021,#6023,.T.);
#6019 = VERTEX_POINT('',#6020);
#6020 = CARTESIAN_POINT('',(-18.,-42.2,11.505));
#6021 = VERTEX_POINT('',#6022);
#6022 = CARTESIAN_POINT('',(-18.,-42.2,4.495));
#6023 = SURFACE_CURVE('',#6024,(#6028,#6034),.PCURVE_S1.);
#6024 = LINE('',#6025,#6026);
#6025 = CARTESIAN_POINT('',(-18.,-42.2,5.366052318668));
#6026 = VECTOR('',#6027,1.);
#6027 = DIRECTION('',(0.,0.,-1.));
#6028 = PCURVE('',#4655,#6029);
#6029 = DEFINITIONAL_REPRESENTATION('',(#6030),#6033);
#6030 = B_SPLINE_CURVE_WITH_KNOTS('',1,(#6031,#6032),.UNSPECIFIED.,.F.,
  .F.,(2,2),(-6.138947681332,0.871052318668),.PIECEWISE_BEZIER_KNOTS.);
#6031 = CARTESIAN_POINT('',(8.2,-8.505));
#6032 = CARTESIAN_POINT('',(8.2,-1.495));
#6033 = ( GEOMETRIC_REPRESENTATION_CONTEXT(2) 
PARAMETRIC_REPRESENTATION_CONTEXT() REPRESENTATION_CONTEXT('2D SPACE',''
  ) );
#6034 = PCURVE('',#6035,#6040);
#6035 = PLANE('',#6036);
#6036 = AXIS2_PLACEMENT_3D('',#6037,#6038,#6039);
#6037 = CARTESIAN_POINT('',(-18.,-42.3,7.732104637337));
#6038 = DIRECTION('',(1.,-1.110223024625E-16,-0.));
#6039 = DIRECTION('',(0.,0.,-1.));
#6040 = DEFINITIONAL_REPRESENTATION('',(#6041),#6044);
#6041 = B_SPLINE_CURVE_WITH_KNOTS('',1,(#6042,#6043),.UNSPECIFIED.,.F.,
  .F.,(2,2),(-6.138947681332,0.871052318668),.PIECEWISE_BEZIER_KNOTS.);
#6042 = CARTESIAN_POINT('',(-3.772895362663,9.999999999999E-02));
#6043 = CARTESIAN_POINT('',(3.237104637337,9.999999999999E-02));
#6044 = ( GEOMETRIC_REPRESENTATION_CONTEXT(2) 
PARAMETRIC_REPRESENTATION_CONTEXT() REPRESENTATION_CONTEXT('2D SPACE',''
  ) );
#6045 = ORIENTED_EDGE('',*,*,#6046,.T.);
#6046 = EDGE_CURVE('',#6021,#6047,#6049,.T.);
#6047 = VERTEX_POINT('',#6048);
#6048 = CARTESIAN_POINT('',(-10.,-42.2,4.495));
#6049 = SURFACE_CURVE('',#6050,(#6054,#6060),.PCURVE_S1.);
#6050 = LINE('',#6051,#6052);
#6051 = CARTESIAN_POINT('',(-22.1,-42.2,4.495));
#6052 = VECTOR('',#6053,1.);
#6053 = DIRECTION('',(1.,0.,0.));
#6054 = PCURVE('',#4655,#6055);
#6055 = DEFINITIONAL_REPRESENTATION('',(#6056),#6059);
#6056 = B_SPLINE_CURVE_WITH_KNOTS('',1,(#6057,#6058),.UNSPECIFIED.,.F.,
  .F.,(2,2),(4.1,12.1),.PIECEWISE_BEZIER_KNOTS.);
#6057 = CARTESIAN_POINT('',(8.2,-1.495));
#6058 = CARTESIAN_POINT('',(16.2,-1.495));
#6059 = ( GEOMETRIC_REPRESENTATION_CONTEXT(2) 
PARAMETRIC_REPRESENTATION_CONTEXT() REPRESENTATION_CONTEXT('2D SPACE',''
  ) );
#6060 = PCURVE('',#6061,#6066);
#6061 = PLANE('',#6062);
#6062 = AXIS2_PLACEMENT_3D('',#6063,#6064,#6065);
#6063 = CARTESIAN_POINT('',(-18.,-43.3,4.495));
#6064 = DIRECTION('',(0.,0.,1.));
#6065 = DIRECTION('',(1.110223024625E-16,1.,0.));
#6066 = DEFINITIONAL_REPRESENTATION('',(#6067),#6070);
#6067 = B_SPLINE_CURVE_WITH_KNOTS('',1,(#6068,#6069),.UNSPECIFIED.,.F.,
  .F.,(2,2),(4.1,12.1),.PIECEWISE_BEZIER_KNOTS.);
#6068 = CARTESIAN_POINT('',(1.1,0.));
#6069 = CARTESIAN_POINT('',(1.1,-8.));
#6070 = ( GEOMETRIC_REPRESENTATION_CONTEXT(2) 
PARAMETRIC_REPRESENTATION_CONTEXT() REPRESENTATION_CONTEXT('2D SPACE',''
  ) );
#6071 = ORIENTED_EDGE('',*,*,#6072,.F.);
#6072 = EDGE_CURVE('',#6073,#6047,#6075,.T.);
#6073 = VERTEX_POINT('',#6074);
#6074 = CARTESIAN_POINT('',(-10.,-42.2,11.505));
#6075 = SURFACE_CURVE('',#6076,(#6080,#6086),.PCURVE_S1.);
#6076 = LINE('',#6077,#6078);
#6077 = CARTESIAN_POINT('',(-10.,-42.2,5.366052318668));
#6078 = VECTOR('',#6079,1.);
#6079 = DIRECTION('',(0.,0.,-1.));
#6080 = PCURVE('',#4655,#6081);
#6081 = DEFINITIONAL_REPRESENTATION('',(#6082),#6085);
#6082 = B_SPLINE_CURVE_WITH_KNOTS('',1,(#6083,#6084),.UNSPECIFIED.,.F.,
  .F.,(2,2),(-6.138947681332,0.871052318668),.PIECEWISE_BEZIER_KNOTS.);
#6083 = CARTESIAN_POINT('',(16.2,-8.505));
#6084 = CARTESIAN_POINT('',(16.2,-1.495));
#6085 = ( GEOMETRIC_REPRESENTATION_CONTEXT(2) 
PARAMETRIC_REPRESENTATION_CONTEXT() REPRESENTATION_CONTEXT('2D SPACE',''
  ) );
#6086 = PCURVE('',#6087,#6092);
#6087 = PLANE('',#6088);
#6088 = AXIS2_PLACEMENT_3D('',#6089,#6090,#6091);
#6089 = CARTESIAN_POINT('',(-10.,-42.3,7.732104637337));
#6090 = DIRECTION('',(1.,-1.110223024625E-16,-0.));
#6091 = DIRECTION('',(0.,0.,-1.));
#6092 = DEFINITIONAL_REPRESENTATION('',(#6093),#6096);
#6093 = B_SPLINE_CURVE_WITH_KNOTS('',1,(#6094,#6095),.UNSPECIFIED.,.F.,
  .F.,(2,2),(-6.138947681332,0.871052318668),.PIECEWISE_BEZIER_KNOTS.);
#6094 = CARTESIAN_POINT('',(-3.772895362663,9.999999999999E-02));
#6095 = CARTESIAN_POINT('',(3.237104637337,9.999999999999E-02));
#6096 = ( GEOMETRIC_REPRESENTATION_CONTEXT(2) 
PARAMETRIC_REPRESENTATION_CONTEXT() REPRESENTATION_CONTEXT('2D SPACE',''
  ) );
#6097 = ORIENTED_EDGE('',*,*,#6098,.T.);
#6098 = EDGE_CURVE('',#6073,#6019,#6099,.T.);
#6099 = SURFACE_CURVE('',#6100,(#6104,#6110),.PCURVE_S1.);
#6100 = LINE('',#6101,#6102);
#6101 = CARTESIAN_POINT('',(-22.1,-42.2,11.505));
#6102 = VECTOR('',#6103,1.);
#6103 = DIRECTION('',(-1.,0.,-0.));
#6104 = PCURVE('',#4655,#6105);
#6105 = DEFINITIONAL_REPRESENTATION('',(#6106),#6109);
#6106 = B_SPLINE_CURVE_WITH_KNOTS('',1,(#6107,#6108),.UNSPECIFIED.,.F.,
  .F.,(2,2),(-12.1,-4.1),.PIECEWISE_BEZIER_KNOTS.);
#6107 = CARTESIAN_POINT('',(16.2,-8.505));
#6108 = CARTESIAN_POINT('',(8.2,-8.505));
#6109 = ( GEOMETRIC_REPRESENTATION_CONTEXT(2) 
PARAMETRIC_REPRESENTATION_CONTEXT() REPRESENTATION_CONTEXT('2D SPACE',''
  ) );
#6110 = PCURVE('',#6111,#6116);
#6111 = PLANE('',#6112);
#6112 = AXIS2_PLACEMENT_3D('',#6113,#6114,#6115);
#6113 = CARTESIAN_POINT('',(-18.,-42.1,11.505));
#6114 = DIRECTION('',(0.,-0.,-1.));
#6115 = DIRECTION('',(-1.110223024625E-16,-1.,0.));
#6116 = DEFINITIONAL_REPRESENTATION('',(#6117),#6120);
#6117 = B_SPLINE_CURVE_WITH_KNOTS('',1,(#6118,#6119),.UNSPECIFIED.,.F.,
  .F.,(2,2),(-12.1,-4.1),.PIECEWISE_BEZIER_KNOTS.);
#6118 = CARTESIAN_POINT('',(0.1,-8.));
#6119 = CARTESIAN_POINT('',(0.1,0.));
#6120 = ( GEOMETRIC_REPRESENTATION_CONTEXT(2) 
PARAMETRIC_REPRESENTATION_CONTEXT() REPRESENTATION_CONTEXT('2D SPACE',''
  ) );
#6121 = FACE_BOUND('',#6122,.T.);
#6122 = EDGE_LOOP('',(#6123,#6151,#6177,#6203));
#6123 = ORIENTED_EDGE('',*,*,#6124,.T.);
#6124 = EDGE_CURVE('',#6125,#6127,#6129,.T.);
#6125 = VERTEX_POINT('',#6126);
#6126 = CARTESIAN_POINT('',(10.,-42.2,11.505));
#6127 = VERTEX_POINT('',#6128);
#6128 = CARTESIAN_POINT('',(10.,-42.2,4.495));
#6129 = SURFACE_CURVE('',#6130,(#6134,#6140),.PCURVE_S1.);
#6130 = LINE('',#6131,#6132);
#6131 = CARTESIAN_POINT('',(10.,-42.2,5.366052318668));
#6132 = VECTOR('',#6133,1.);
#6133 = DIRECTION('',(0.,0.,-1.));
#6134 = PCURVE('',#4655,#6135);
#6135 = DEFINITIONAL_REPRESENTATION('',(#6136),#6139);
#6136 = B_SPLINE_CURVE_WITH_KNOTS('',1,(#6137,#6138),.UNSPECIFIED.,.F.,
  .F.,(2,2),(-6.138947681332,0.871052318668),.PIECEWISE_BEZIER_KNOTS.);
#6137 = CARTESIAN_POINT('',(36.2,-8.505));
#6138 = CARTESIAN_POINT('',(36.2,-1.495));
#6139 = ( GEOMETRIC_REPRESENTATION_CONTEXT(2) 
PARAMETRIC_REPRESENTATION_CONTEXT() REPRESENTATION_CONTEXT('2D SPACE',''
  ) );
#6140 = PCURVE('',#6141,#6146);
#6141 = PLANE('',#6142);
#6142 = AXIS2_PLACEMENT_3D('',#6143,#6144,#6145);
#6143 = CARTESIAN_POINT('',(10.,-42.3,7.732104637337));
#6144 = DIRECTION('',(1.,-1.110223024625E-16,-0.));
#6145 = DIRECTION('',(0.,0.,-1.));
#6146 = DEFINITIONAL_REPRESENTATION('',(#6147),#6150);
#6147 = B_SPLINE_CURVE_WITH_KNOTS('',1,(#6148,#6149),.UNSPECIFIED.,.F.,
  .F.,(2,2),(-6.138947681332,0.871052318668),.PIECEWISE_BEZIER_KNOTS.);
#6148 = CARTESIAN_POINT('',(-3.772895362663,9.999999999999E-02));
#6149 = CARTESIAN_POINT('',(3.237104637337,9.999999999999E-02));
#6150 = ( GEOMETRIC_REPRESENTATION_CONTEXT(2) 
PARAMETRIC_REPRESENTATION_CONTEXT() REPRESENTATION_CONTEXT('2D SPACE',''
  ) );
#6151 = ORIENTED_EDGE('',*,*,#6152,.T.);
#6152 = EDGE_CURVE('',#6127,#6153,#6155,.T.);
#6153 = VERTEX_POINT('',#6154);
#6154 = CARTESIAN_POINT('',(18.,-42.2,4.495));
#6155 = SURFACE_CURVE('',#6156,(#6160,#6166),.PCURVE_S1.);
#6156 = LINE('',#6157,#6158);
#6157 = CARTESIAN_POINT('',(-8.1,-42.2,4.495));
#6158 = VECTOR('',#6159,1.);
#6159 = DIRECTION('',(1.,0.,0.));
#6160 = PCURVE('',#4655,#6161);
#6161 = DEFINITIONAL_REPRESENTATION('',(#6162),#6165);
#6162 = B_SPLINE_CURVE_WITH_KNOTS('',1,(#6163,#6164),.UNSPECIFIED.,.F.,
  .F.,(2,2),(18.1,26.1),.PIECEWISE_BEZIER_KNOTS.);
#6163 = CARTESIAN_POINT('',(36.2,-1.495));
#6164 = CARTESIAN_POINT('',(44.2,-1.495));
#6165 = ( GEOMETRIC_REPRESENTATION_CONTEXT(2) 
PARAMETRIC_REPRESENTATION_CONTEXT() REPRESENTATION_CONTEXT('2D SPACE',''
  ) );
#6166 = PCURVE('',#6167,#6172);
#6167 = PLANE('',#6168);
#6168 = AXIS2_PLACEMENT_3D('',#6169,#6170,#6171);
#6169 = CARTESIAN_POINT('',(10.,-43.3,4.495));
#6170 = DIRECTION('',(0.,0.,1.));
#6171 = DIRECTION('',(1.110223024625E-16,1.,0.));
#6172 = DEFINITIONAL_REPRESENTATION('',(#6173),#6176);
#6173 = B_SPLINE_CURVE_WITH_KNOTS('',1,(#6174,#6175),.UNSPECIFIED.,.F.,
  .F.,(2,2),(18.1,26.1),.PIECEWISE_BEZIER_KNOTS.);
#6174 = CARTESIAN_POINT('',(1.1,0.));
#6175 = CARTESIAN_POINT('',(1.1,-8.));
#6176 = ( GEOMETRIC_REPRESENTATION_CONTEXT(2) 
PARAMETRIC_REPRESENTATION_CONTEXT() REPRESENTATION_CONTEXT('2D SPACE',''
  ) );
#6177 = ORIENTED_EDGE('',*,*,#6178,.F.);
#6178 = EDGE_CURVE('',#6179,#6153,#6181,.T.);
#6179 = VERTEX_POINT('',#6180);
#6180 = CARTESIAN_POINT('',(18.,-42.2,11.505));
#6181 = SURFACE_CURVE('',#6182,(#6186,#6192),.PCURVE_S1.);
#6182 = LINE('',#6183,#6184);
#6183 = CARTESIAN_POINT('',(18.,-42.2,5.366052318668));
#6184 = VECTOR('',#6185,1.);
#6185 = DIRECTION('',(0.,0.,-1.));
#6186 = PCURVE('',#4655,#6187);
#6187 = DEFINITIONAL_REPRESENTATION('',(#6188),#6191);
#6188 = B_SPLINE_CURVE_WITH_KNOTS('',1,(#6189,#6190),.UNSPECIFIED.,.F.,
  .F.,(2,2),(-6.138947681332,0.871052318668),.PIECEWISE_BEZIER_KNOTS.);
#6189 = CARTESIAN_POINT('',(44.2,-8.505));
#6190 = CARTESIAN_POINT('',(44.2,-1.495));
#6191 = ( GEOMETRIC_REPRESENTATION_CONTEXT(2) 
PARAMETRIC_REPRESENTATION_CONTEXT() REPRESENTATION_CONTEXT('2D SPACE',''
  ) );
#6192 = PCURVE('',#6193,#6198);
#6193 = PLANE('',#6194);
#6194 = AXIS2_PLACEMENT_3D('',#6195,#6196,#6197);
#6195 = CARTESIAN_POINT('',(18.,-42.3,7.732104637337));
#6196 = DIRECTION('',(1.,-1.110223024625E-16,-0.));
#6197 = DIRECTION('',(0.,0.,-1.));
#6198 = DEFINITIONAL_REPRESENTATION('',(#6199),#6202);
#6199 = B_SPLINE_CURVE_WITH_KNOTS('',1,(#6200,#6201),.UNSPECIFIED.,.F.,
  .F.,(2,2),(-6.138947681332,0.871052318668),.PIECEWISE_BEZIER_KNOTS.);
#6200 = CARTESIAN_POINT('',(-3.772895362663,9.999999999999E-02));
#6201 = CARTESIAN_POINT('',(3.237104637337,9.999999999999E-02));
#6202 = ( GEOMETRIC_REPRESENTATION_CONTEXT(2) 
PARAMETRIC_REPRESENTATION_CONTEXT() REPRESENTATION_CONTEXT('2D SPACE',''
  ) );
#6203 = ORIENTED_EDGE('',*,*,#6204,.T.);
#6204 = EDGE_CURVE('',#6179,#6125,#6205,.T.);
#6205 = SURFACE_CURVE('',#6206,(#6210,#6216),.PCURVE_S1.);
#6206 = LINE('',#6207,#6208);
#6207 = CARTESIAN_POINT('',(-8.1,-42.2,11.505));
#6208 = VECTOR('',#6209,1.);
#6209 = DIRECTION('',(-1.,0.,-0.));
#6210 = PCURVE('',#4655,#6211);
#6211 = DEFINITIONAL_REPRESENTATION('',(#6212),#6215);
#6212 = B_SPLINE_CURVE_WITH_KNOTS('',1,(#6213,#6214),.UNSPECIFIED.,.F.,
  .F.,(2,2),(-26.1,-18.1),.PIECEWISE_BEZIER_KNOTS.);
#6213 = CARTESIAN_POINT('',(44.2,-8.505));
#6214 = CARTESIAN_POINT('',(36.2,-8.505));
#6215 = ( GEOMETRIC_REPRESENTATION_CONTEXT(2) 
PARAMETRIC_REPRESENTATION_CONTEXT() REPRESENTATION_CONTEXT('2D SPACE',''
  ) );
#6216 = PCURVE('',#6217,#6222);
#6217 = PLANE('',#6218);
#6218 = AXIS2_PLACEMENT_3D('',#6219,#6220,#6221);
#6219 = CARTESIAN_POINT('',(10.,-42.1,11.505));
#6220 = DIRECTION('',(0.,-0.,-1.));
#6221 = DIRECTION('',(-1.110223024625E-16,-1.,0.));
#6222 = DEFINITIONAL_REPRESENTATION('',(#6223),#6226);
#6223 = B_SPLINE_CURVE_WITH_KNOTS('',1,(#6224,#6225),.UNSPECIFIED.,.F.,
  .F.,(2,2),(-26.1,-18.1),.PIECEWISE_BEZIER_KNOTS.);
#6224 = CARTESIAN_POINT('',(0.1,-8.));
#6225 = CARTESIAN_POINT('',(0.1,0.));
#6226 = ( GEOMETRIC_REPRESENTATION_CONTEXT(2) 
PARAMETRIC_REPRESENTATION_CONTEXT() REPRESENTATION_CONTEXT('2D SPACE',''
  ) );
#6227 = ADVANCED_FACE('',(#6228,#6254,#6362,#6470,#6576,#6648,#6754),
  #4818,.T.);
#6228 = FACE_BOUND('',#6229,.T.);
#6229 = EDGE_LOOP('',(#6230,#6231,#6232,#6233));
#6230 = ORIENTED_EDGE('',*,*,#5483,.F.);
#6231 = ORIENTED_EDGE('',*,*,#5936,.T.);
#6232 = ORIENTED_EDGE('',*,*,#4805,.F.);
#6233 = ORIENTED_EDGE('',*,*,#6234,.F.);
#6234 = EDGE_CURVE('',#5484,#4777,#6235,.T.);
#6235 = SURFACE_CURVE('',#6236,(#6240,#6247),.PCURVE_S1.);
#6236 = LINE('',#6237,#6238);
#6237 = CARTESIAN_POINT('',(26.2,40.6,3.));
#6238 = VECTOR('',#6239,1.);
#6239 = DIRECTION('',(0.,0.,1.));
#6240 = PCURVE('',#4818,#6241);
#6241 = DEFINITIONAL_REPRESENTATION('',(#6242),#6246);
#6242 = LINE('',#6243,#6244);
#6243 = CARTESIAN_POINT('',(82.8,0.));
#6244 = VECTOR('',#6245,1.);
#6245 = DIRECTION('',(0.,-1.));
#6246 = ( GEOMETRIC_REPRESENTATION_CONTEXT(2) 
PARAMETRIC_REPRESENTATION_CONTEXT() REPRESENTATION_CONTEXT('2D SPACE',''
  ) );
#6247 = PCURVE('',#4793,#6248);
#6248 = DEFINITIONAL_REPRESENTATION('',(#6249),#6253);
#6249 = LINE('',#6250,#6251);
#6250 = CARTESIAN_POINT('',(0.,0.));
#6251 = VECTOR('',#6252,1.);
#6252 = DIRECTION('',(0.,1.));
#6253 = ( GEOMETRIC_REPRESENTATION_CONTEXT(2) 
PARAMETRIC_REPRESENTATION_CONTEXT() REPRESENTATION_CONTEXT('2D SPACE',''
  ) );
#6254 = FACE_BOUND('',#6255,.T.);
#6255 = EDGE_LOOP('',(#6256,#6286,#6312,#6338));
#6256 = ORIENTED_EDGE('',*,*,#6257,.F.);
#6257 = EDGE_CURVE('',#6258,#6260,#6262,.T.);
#6258 = VERTEX_POINT('',#6259);
#6259 = CARTESIAN_POINT('',(26.2,26.,18.34));
#6260 = VERTEX_POINT('',#6261);
#6261 = CARTESIAN_POINT('',(26.2,-38.,18.34));
#6262 = SURFACE_CURVE('',#6263,(#6267,#6274),.PCURVE_S1.);
#6263 = LINE('',#6264,#6265);
#6264 = CARTESIAN_POINT('',(26.2,26.,18.34));
#6265 = VECTOR('',#6266,1.);
#6266 = DIRECTION('',(0.,-1.,0.));
#6267 = PCURVE('',#4818,#6268);
#6268 = DEFINITIONAL_REPRESENTATION('',(#6269),#6273);
#6269 = LINE('',#6270,#6271);
#6270 = CARTESIAN_POINT('',(68.2,-15.34));
#6271 = VECTOR('',#6272,1.);
#6272 = DIRECTION('',(-1.,0.));
#6273 = ( GEOMETRIC_REPRESENTATION_CONTEXT(2) 
PARAMETRIC_REPRESENTATION_CONTEXT() REPRESENTATION_CONTEXT('2D SPACE',''
  ) );
#6274 = PCURVE('',#6275,#6280);
#6275 = PLANE('',#6276);
#6276 = AXIS2_PLACEMENT_3D('',#6277,#6278,#6279);
#6277 = CARTESIAN_POINT('',(26.2,26.,18.34));
#6278 = DIRECTION('',(-0.707106781187,-0.,-0.707106781187));
#6279 = DIRECTION('',(-0.707106781187,0.,0.707106781187));
#6280 = DEFINITIONAL_REPRESENTATION('',(#6281),#6285);
#6281 = LINE('',#6282,#6283);
#6282 = CARTESIAN_POINT('',(0.,0.));
#6283 = VECTOR('',#6284,1.);
#6284 = DIRECTION('',(0.,-1.));
#6285 = ( GEOMETRIC_REPRESENTATION_CONTEXT(2) 
PARAMETRIC_REPRESENTATION_CONTEXT() REPRESENTATION_CONTEXT('2D SPACE',''
  ) );
#6286 = ORIENTED_EDGE('',*,*,#6287,.F.);
#6287 = EDGE_CURVE('',#6288,#6258,#6290,.T.);
#6288 = VERTEX_POINT('',#6289);
#6289 = CARTESIAN_POINT('',(26.2,26.,22.54));
#6290 = SURFACE_CURVE('',#6291,(#6295,#6301),.PCURVE_S1.);
#6291 = LINE('',#6292,#6293);
#6292 = CARTESIAN_POINT('',(26.2,26.,11.761029828289));
#6293 = VECTOR('',#6294,1.);
#6294 = DIRECTION('',(0.,0.,-1.));
#6295 = PCURVE('',#4818,#6296);
#6296 = DEFINITIONAL_REPRESENTATION('',(#6297),#6300);
#6297 = B_SPLINE_CURVE_WITH_KNOTS('',1,(#6298,#6299),.UNSPECIFIED.,.F.,
  .F.,(2,2),(-10.77897017171,-6.578970171711),.PIECEWISE_BEZIER_KNOTS.);
#6298 = CARTESIAN_POINT('',(68.2,-19.54));
#6299 = CARTESIAN_POINT('',(68.2,-15.34));
#6300 = ( GEOMETRIC_REPRESENTATION_CONTEXT(2) 
PARAMETRIC_REPRESENTATION_CONTEXT() REPRESENTATION_CONTEXT('2D SPACE',''
  ) );
#6301 = PCURVE('',#6302,#6307);
#6302 = PLANE('',#6303);
#6303 = AXIS2_PLACEMENT_3D('',#6304,#6305,#6306);
#6304 = CARTESIAN_POINT('',(26.019232622073,26.,20.522059656578));
#6305 = DIRECTION('',(0.,1.,0.));
#6306 = DIRECTION('',(0.,-0.,1.));
#6307 = DEFINITIONAL_REPRESENTATION('',(#6308),#6311);
#6308 = B_SPLINE_CURVE_WITH_KNOTS('',1,(#6309,#6310),.UNSPECIFIED.,.F.,
  .F.,(2,2),(-10.77897017171,-6.578970171711),.PIECEWISE_BEZIER_KNOTS.);
#6309 = CARTESIAN_POINT('',(2.017940343422,0.180767377927));
#6310 = CARTESIAN_POINT('',(-2.182059656578,0.180767377927));
#6311 = ( GEOMETRIC_REPRESENTATION_CONTEXT(2) 
PARAMETRIC_REPRESENTATION_CONTEXT() REPRESENTATION_CONTEXT('2D SPACE',''
  ) );
#6312 = ORIENTED_EDGE('',*,*,#6313,.F.);
#6313 = EDGE_CURVE('',#6314,#6288,#6316,.T.);
#6314 = VERTEX_POINT('',#6315);
#6315 = CARTESIAN_POINT('',(26.2,-38.,22.54));
#6316 = SURFACE_CURVE('',#6317,(#6321,#6327),.PCURVE_S1.);
#6317 = LINE('',#6318,#6319);
#6318 = CARTESIAN_POINT('',(26.2,-8.1,22.54));
#6319 = VECTOR('',#6320,1.);
#6320 = DIRECTION('',(0.,1.,0.));
#6321 = PCURVE('',#4818,#6322);
#6322 = DEFINITIONAL_REPRESENTATION('',(#6323),#6326);
#6323 = B_SPLINE_CURVE_WITH_KNOTS('',1,(#6324,#6325),.UNSPECIFIED.,.F.,
  .F.,(2,2),(-29.9,34.1),.PIECEWISE_BEZIER_KNOTS.);
#6324 = CARTESIAN_POINT('',(4.2,-19.54));
#6325 = CARTESIAN_POINT('',(68.2,-19.54));
#6326 = ( GEOMETRIC_REPRESENTATION_CONTEXT(2) 
PARAMETRIC_REPRESENTATION_CONTEXT() REPRESENTATION_CONTEXT('2D SPACE',''
  ) );
#6327 = PCURVE('',#6328,#6333);
#6328 = PLANE('',#6329);
#6329 = AXIS2_PLACEMENT_3D('',#6330,#6331,#6332);
#6330 = CARTESIAN_POINT('',(25.3,26.,22.54));
#6331 = DIRECTION('',(-0.,0.,1.));
#6332 = DIRECTION('',(1.,0.,0.));
#6333 = DEFINITIONAL_REPRESENTATION('',(#6334),#6337);
#6334 = B_SPLINE_CURVE_WITH_KNOTS('',1,(#6335,#6336),.UNSPECIFIED.,.F.,
  .F.,(2,2),(-29.9,34.1),.PIECEWISE_BEZIER_KNOTS.);
#6335 = CARTESIAN_POINT('',(0.9,-64.));
#6336 = CARTESIAN_POINT('',(0.9,0.));
#6337 = ( GEOMETRIC_REPRESENTATION_CONTEXT(2) 
PARAMETRIC_REPRESENTATION_CONTEXT() REPRESENTATION_CONTEXT('2D SPACE',''
  ) );
#6338 = ORIENTED_EDGE('',*,*,#6339,.T.);
#6339 = EDGE_CURVE('',#6314,#6260,#6340,.T.);
#6340 = SURFACE_CURVE('',#6341,(#6345,#6351),.PCURVE_S1.);
#6341 = LINE('',#6342,#6343);
#6342 = CARTESIAN_POINT('',(26.2,-38.,11.761029828289));
#6343 = VECTOR('',#6344,1.);
#6344 = DIRECTION('',(0.,0.,-1.));
#6345 = PCURVE('',#4818,#6346);
#6346 = DEFINITIONAL_REPRESENTATION('',(#6347),#6350);
#6347 = B_SPLINE_CURVE_WITH_KNOTS('',1,(#6348,#6349),.UNSPECIFIED.,.F.,
  .F.,(2,2),(-10.77897017171,-6.578970171711),.PIECEWISE_BEZIER_KNOTS.);
#6348 = CARTESIAN_POINT('',(4.2,-19.54));
#6349 = CARTESIAN_POINT('',(4.2,-15.34));
#6350 = ( GEOMETRIC_REPRESENTATION_CONTEXT(2) 
PARAMETRIC_REPRESENTATION_CONTEXT() REPRESENTATION_CONTEXT('2D SPACE',''
  ) );
#6351 = PCURVE('',#6352,#6357);
#6352 = PLANE('',#6353);
#6353 = AXIS2_PLACEMENT_3D('',#6354,#6355,#6356);
#6354 = CARTESIAN_POINT('',(26.019232622073,-38.,20.522059656578));
#6355 = DIRECTION('',(0.,1.,0.));
#6356 = DIRECTION('',(0.,-0.,1.));
#6357 = DEFINITIONAL_REPRESENTATION('',(#6358),#6361);
#6358 = B_SPLINE_CURVE_WITH_KNOTS('',1,(#6359,#6360),.UNSPECIFIED.,.F.,
  .F.,(2,2),(-10.77897017171,-6.578970171711),.PIECEWISE_BEZIER_KNOTS.);
#6359 = CARTESIAN_POINT('',(2.017940343422,0.180767377927));
#6360 = CARTESIAN_POINT('',(-2.182059656578,0.180767377927));
#6361 = ( GEOMETRIC_REPRESENTATION_CONTEXT(2) 
PARAMETRIC_REPRESENTATION_CONTEXT() REPRESENTATION_CONTEXT('2D SPACE',''
  ) );
#6362 = FACE_BOUND('',#6363,.T.);
#6363 = EDGE_LOOP('',(#6364,#6394,#6420,#6446));
#6364 = ORIENTED_EDGE('',*,*,#6365,.F.);
#6365 = EDGE_CURVE('',#6366,#6368,#6370,.T.);
#6366 = VERTEX_POINT('',#6367);
#6367 = CARTESIAN_POINT('',(26.2,31.5,18.34));
#6368 = VERTEX_POINT('',#6369);
#6369 = CARTESIAN_POINT('',(26.2,28.5,18.34));
#6370 = SURFACE_CURVE('',#6371,(#6375,#6382),.PCURVE_S1.);
#6371 = LINE('',#6372,#6373);
#6372 = CARTESIAN_POINT('',(26.2,31.5,18.34));
#6373 = VECTOR('',#6374,1.);
#6374 = DIRECTION('',(0.,-1.,0.));
#6375 = PCURVE('',#4818,#6376);
#6376 = DEFINITIONAL_REPRESENTATION('',(#6377),#6381);
#6377 = LINE('',#6378,#6379);
#6378 = CARTESIAN_POINT('',(73.7,-15.34));
#6379 = VECTOR('',#6380,1.);
#6380 = DIRECTION('',(-1.,0.));
#6381 = ( GEOMETRIC_REPRESENTATION_CONTEXT(2) 
PARAMETRIC_REPRESENTATION_CONTEXT() REPRESENTATION_CONTEXT('2D SPACE',''
  ) );
#6382 = PCURVE('',#6383,#6388);
#6383 = PLANE('',#6384);
#6384 = AXIS2_PLACEMENT_3D('',#6385,#6386,#6387);
#6385 = CARTESIAN_POINT('',(26.2,31.5,18.34));
#6386 = DIRECTION('',(-0.707106781187,-0.,-0.707106781187));
#6387 = DIRECTION('',(-0.707106781187,0.,0.707106781187));
#6388 = DEFINITIONAL_REPRESENTATION('',(#6389),#6393);
#6389 = LINE('',#6390,#6391);
#6390 = CARTESIAN_POINT('',(0.,0.));
#6391 = VECTOR('',#6392,1.);
#6392 = DIRECTION('',(0.,-1.));
#6393 = ( GEOMETRIC_REPRESENTATION_CONTEXT(2) 
PARAMETRIC_REPRESENTATION_CONTEXT() REPRESENTATION_CONTEXT('2D SPACE',''
  ) );
#6394 = ORIENTED_EDGE('',*,*,#6395,.F.);
#6395 = EDGE_CURVE('',#6396,#6366,#6398,.T.);
#6396 = VERTEX_POINT('',#6397);
#6397 = CARTESIAN_POINT('',(26.2,31.5,22.54));
#6398 = SURFACE_CURVE('',#6399,(#6403,#6409),.PCURVE_S1.);
#6399 = LINE('',#6400,#6401);
#6400 = CARTESIAN_POINT('',(26.2,31.5,11.857245803224));
#6401 = VECTOR('',#6402,1.);
#6402 = DIRECTION('',(0.,0.,-1.));
#6403 = PCURVE('',#4818,#6404);
#6404 = DEFINITIONAL_REPRESENTATION('',(#6405),#6408);
#6405 = B_SPLINE_CURVE_WITH_KNOTS('',1,(#6406,#6407),.UNSPECIFIED.,.F.,
  .F.,(2,2),(-10.68275419677,-6.482754196776),.PIECEWISE_BEZIER_KNOTS.);
#6406 = CARTESIAN_POINT('',(73.7,-19.54));
#6407 = CARTESIAN_POINT('',(73.7,-15.34));
#6408 = ( GEOMETRIC_REPRESENTATION_CONTEXT(2) 
PARAMETRIC_REPRESENTATION_CONTEXT() REPRESENTATION_CONTEXT('2D SPACE',''
  ) );
#6409 = PCURVE('',#6410,#6415);
#6410 = PLANE('',#6411);
#6411 = AXIS2_PLACEMENT_3D('',#6412,#6413,#6414);
#6412 = CARTESIAN_POINT('',(25.826800672202,31.5,20.714491606449));
#6413 = DIRECTION('',(0.,1.,0.));
#6414 = DIRECTION('',(0.,-0.,1.));
#6415 = DEFINITIONAL_REPRESENTATION('',(#6416),#6419);
#6416 = B_SPLINE_CURVE_WITH_KNOTS('',1,(#6417,#6418),.UNSPECIFIED.,.F.,
  .F.,(2,2),(-10.68275419677,-6.482754196776),.PIECEWISE_BEZIER_KNOTS.);
#6417 = CARTESIAN_POINT('',(1.825508393551,0.373199327798));
#6418 = CARTESIAN_POINT('',(-2.374491606449,0.373199327798));
#6419 = ( GEOMETRIC_REPRESENTATION_CONTEXT(2) 
PARAMETRIC_REPRESENTATION_CONTEXT() REPRESENTATION_CONTEXT('2D SPACE',''
  ) );
#6420 = ORIENTED_EDGE('',*,*,#6421,.F.);
#6421 = EDGE_CURVE('',#6422,#6396,#6424,.T.);
#6422 = VERTEX_POINT('',#6423);
#6423 = CARTESIAN_POINT('',(26.2,28.5,22.54));
#6424 = SURFACE_CURVE('',#6425,(#6429,#6435),.PCURVE_S1.);
#6425 = LINE('',#6426,#6427);
#6426 = CARTESIAN_POINT('',(26.2,-5.35,22.54));
#6427 = VECTOR('',#6428,1.);
#6428 = DIRECTION('',(0.,1.,0.));
#6429 = PCURVE('',#4818,#6430);
#6430 = DEFINITIONAL_REPRESENTATION('',(#6431),#6434);
#6431 = B_SPLINE_CURVE_WITH_KNOTS('',1,(#6432,#6433),.UNSPECIFIED.,.F.,
  .F.,(2,2),(33.85,36.85),.PIECEWISE_BEZIER_KNOTS.);
#6432 = CARTESIAN_POINT('',(70.7,-19.54));
#6433 = CARTESIAN_POINT('',(73.7,-19.54));
#6434 = ( GEOMETRIC_REPRESENTATION_CONTEXT(2) 
PARAMETRIC_REPRESENTATION_CONTEXT() REPRESENTATION_CONTEXT('2D SPACE',''
  ) );
#6435 = PCURVE('',#6436,#6441);
#6436 = PLANE('',#6437);
#6437 = AXIS2_PLACEMENT_3D('',#6438,#6439,#6440);
#6438 = CARTESIAN_POINT('',(24.,31.5,22.54));
#6439 = DIRECTION('',(-0.,0.,1.));
#6440 = DIRECTION('',(1.,0.,0.));
#6441 = DEFINITIONAL_REPRESENTATION('',(#6442),#6445);
#6442 = B_SPLINE_CURVE_WITH_KNOTS('',1,(#6443,#6444),.UNSPECIFIED.,.F.,
  .F.,(2,2),(33.85,36.85),.PIECEWISE_BEZIER_KNOTS.);
#6443 = CARTESIAN_POINT('',(2.2,-3.));
#6444 = CARTESIAN_POINT('',(2.2,0.));
#6445 = ( GEOMETRIC_REPRESENTATION_CONTEXT(2) 
PARAMETRIC_REPRESENTATION_CONTEXT() REPRESENTATION_CONTEXT('2D SPACE',''
  ) );
#6446 = ORIENTED_EDGE('',*,*,#6447,.T.);
#6447 = EDGE_CURVE('',#6422,#6368,#6448,.T.);
#6448 = SURFACE_CURVE('',#6449,(#6453,#6459),.PCURVE_S1.);
#6449 = LINE('',#6450,#6451);
#6450 = CARTESIAN_POINT('',(26.2,28.5,11.857245803224));
#6451 = VECTOR('',#6452,1.);
#6452 = DIRECTION('',(0.,0.,-1.));
#6453 = PCURVE('',#4818,#6454);
#6454 = DEFINITIONAL_REPRESENTATION('',(#6455),#6458);
#6455 = B_SPLINE_CURVE_WITH_KNOTS('',1,(#6456,#6457),.UNSPECIFIED.,.F.,
  .F.,(2,2),(-10.68275419677,-6.482754196776),.PIECEWISE_BEZIER_KNOTS.);
#6456 = CARTESIAN_POINT('',(70.7,-19.54));
#6457 = CARTESIAN_POINT('',(70.7,-15.34));
#6458 = ( GEOMETRIC_REPRESENTATION_CONTEXT(2) 
PARAMETRIC_REPRESENTATION_CONTEXT() REPRESENTATION_CONTEXT('2D SPACE',''
  ) );
#6459 = PCURVE('',#6460,#6465);
#6460 = PLANE('',#6461);
#6461 = AXIS2_PLACEMENT_3D('',#6462,#6463,#6464);
#6462 = CARTESIAN_POINT('',(25.826800672202,28.5,20.714491606449));
#6463 = DIRECTION('',(0.,1.,0.));
#6464 = DIRECTION('',(0.,-0.,1.));
#6465 = DEFINITIONAL_REPRESENTATION('',(#6466),#6469);
#6466 = B_SPLINE_CURVE_WITH_KNOTS('',1,(#6467,#6468),.UNSPECIFIED.,.F.,
  .F.,(2,2),(-10.68275419677,-6.482754196776),.PIECEWISE_BEZIER_KNOTS.);
#6467 = CARTESIAN_POINT('',(1.825508393551,0.373199327798));
#6468 = CARTESIAN_POINT('',(-2.374491606449,0.373199327798));
#6469 = ( GEOMETRIC_REPRESENTATION_CONTEXT(2) 
PARAMETRIC_REPRESENTATION_CONTEXT() REPRESENTATION_CONTEXT('2D SPACE',''
  ) );
#6470 = FACE_BOUND('',#6471,.T.);
#6471 = EDGE_LOOP('',(#6472,#6500,#6526,#6552));
#6472 = ORIENTED_EDGE('',*,*,#6473,.F.);
#6473 = EDGE_CURVE('',#6474,#6476,#6478,.T.);
#6474 = VERTEX_POINT('',#6475);
#6475 = CARTESIAN_POINT('',(26.2,-34.,4.495));
#6476 = VERTEX_POINT('',#6477);
#6477 = CARTESIAN_POINT('',(26.2,-34.,11.03625));
#6478 = SURFACE_CURVE('',#6479,(#6483,#6489),.PCURVE_S1.);
#6479 = LINE('',#6480,#6481);
#6480 = CARTESIAN_POINT('',(26.2,-34.,5.366052318668));
#6481 = VECTOR('',#6482,1.);
#6482 = DIRECTION('',(0.,-0.,1.));
#6483 = PCURVE('',#4818,#6484);
#6484 = DEFINITIONAL_REPRESENTATION('',(#6485),#6488);
#6485 = B_SPLINE_CURVE_WITH_KNOTS('',1,(#6486,#6487),.UNSPECIFIED.,.F.,
  .F.,(2,2),(-0.871052318668,6.138947681332),.PIECEWISE_BEZIER_KNOTS.);
#6486 = CARTESIAN_POINT('',(8.2,-1.495));
#6487 = CARTESIAN_POINT('',(8.2,-8.505));
#6488 = ( GEOMETRIC_REPRESENTATION_CONTEXT(2) 
PARAMETRIC_REPRESENTATION_CONTEXT() REPRESENTATION_CONTEXT('2D SPACE',''
  ) );
#6489 = PCURVE('',#6490,#6495);
#6490 = PLANE('',#6491);
#6491 = AXIS2_PLACEMENT_3D('',#6492,#6493,#6494);
#6492 = CARTESIAN_POINT('',(26.65,-34.,7.732104637337));
#6493 = DIRECTION('',(-0.,-1.,-0.));
#6494 = DIRECTION('',(0.,0.,-1.));
#6495 = DEFINITIONAL_REPRESENTATION('',(#6496),#6499);
#6496 = B_SPLINE_CURVE_WITH_KNOTS('',1,(#6497,#6498),.UNSPECIFIED.,.F.,
  .F.,(2,2),(-0.871052318668,6.138947681332),.PIECEWISE_BEZIER_KNOTS.);
#6497 = CARTESIAN_POINT('',(3.237104637337,-0.45));
#6498 = CARTESIAN_POINT('',(-3.772895362663,-0.45));
#6499 = ( GEOMETRIC_REPRESENTATION_CONTEXT(2) 
PARAMETRIC_REPRESENTATION_CONTEXT() REPRESENTATION_CONTEXT('2D SPACE',''
  ) );
#6500 = ORIENTED_EDGE('',*,*,#6501,.T.);
#6501 = EDGE_CURVE('',#6474,#6502,#6504,.T.);
#6502 = VERTEX_POINT('',#6503);
#6503 = CARTESIAN_POINT('',(26.2,-26.,4.495));
#6504 = SURFACE_CURVE('',#6505,(#6509,#6515),.PCURVE_S1.);
#6505 = LINE('',#6506,#6507);
#6506 = CARTESIAN_POINT('',(26.2,-34.1,4.495));
#6507 = VECTOR('',#6508,1.);
#6508 = DIRECTION('',(0.,1.,0.));
#6509 = PCURVE('',#4818,#6510);
#6510 = DEFINITIONAL_REPRESENTATION('',(#6511),#6514);
#6511 = B_SPLINE_CURVE_WITH_KNOTS('',1,(#6512,#6513),.UNSPECIFIED.,.F.,
  .F.,(2,2),(0.1,8.1),.PIECEWISE_BEZIER_KNOTS.);
#6512 = CARTESIAN_POINT('',(8.2,-1.495));
#6513 = CARTESIAN_POINT('',(16.2,-1.495));
#6514 = ( GEOMETRIC_REPRESENTATION_CONTEXT(2) 
PARAMETRIC_REPRESENTATION_CONTEXT() REPRESENTATION_CONTEXT('2D SPACE',''
  ) );
#6515 = PCURVE('',#6516,#6521);
#6516 = PLANE('',#6517);
#6517 = AXIS2_PLACEMENT_3D('',#6518,#6519,#6520);
#6518 = CARTESIAN_POINT('',(25.65,-26.,4.495));
#6519 = DIRECTION('',(-0.,0.,1.));
#6520 = DIRECTION('',(1.,0.,0.));
#6521 = DEFINITIONAL_REPRESENTATION('',(#6522),#6525);
#6522 = B_SPLINE_CURVE_WITH_KNOTS('',1,(#6523,#6524),.UNSPECIFIED.,.F.,
  .F.,(2,2),(0.1,8.1),.PIECEWISE_BEZIER_KNOTS.);
#6523 = CARTESIAN_POINT('',(0.55,-8.));
#6524 = CARTESIAN_POINT('',(0.55,0.));
#6525 = ( GEOMETRIC_REPRESENTATION_CONTEXT(2) 
PARAMETRIC_REPRESENTATION_CONTEXT() REPRESENTATION_CONTEXT('2D SPACE',''
  ) );
#6526 = ORIENTED_EDGE('',*,*,#6527,.T.);
#6527 = EDGE_CURVE('',#6502,#6528,#6530,.T.);
#6528 = VERTEX_POINT('',#6529);
#6529 = CARTESIAN_POINT('',(26.2,-26.,11.03625));
#6530 = SURFACE_CURVE('',#6531,(#6535,#6541),.PCURVE_S1.);
#6531 = LINE('',#6532,#6533);
#6532 = CARTESIAN_POINT('',(26.2,-26.,5.366052318668));
#6533 = VECTOR('',#6534,1.);
#6534 = DIRECTION('',(0.,-0.,1.));
#6535 = PCURVE('',#4818,#6536);
#6536 = DEFINITIONAL_REPRESENTATION('',(#6537),#6540);
#6537 = B_SPLINE_CURVE_WITH_KNOTS('',1,(#6538,#6539),.UNSPECIFIED.,.F.,
  .F.,(2,2),(-0.871052318668,6.138947681332),.PIECEWISE_BEZIER_KNOTS.);
#6538 = CARTESIAN_POINT('',(16.2,-1.495));
#6539 = CARTESIAN_POINT('',(16.2,-8.505));
#6540 = ( GEOMETRIC_REPRESENTATION_CONTEXT(2) 
PARAMETRIC_REPRESENTATION_CONTEXT() REPRESENTATION_CONTEXT('2D SPACE',''
  ) );
#6541 = PCURVE('',#6542,#6547);
#6542 = PLANE('',#6543);
#6543 = AXIS2_PLACEMENT_3D('',#6544,#6545,#6546);
#6544 = CARTESIAN_POINT('',(26.65,-26.,7.732104637337));
#6545 = DIRECTION('',(-0.,-1.,-0.));
#6546 = DIRECTION('',(0.,0.,-1.));
#6547 = DEFINITIONAL_REPRESENTATION('',(#6548),#6551);
#6548 = B_SPLINE_CURVE_WITH_KNOTS('',1,(#6549,#6550),.UNSPECIFIED.,.F.,
  .F.,(2,2),(-0.871052318668,6.138947681332),.PIECEWISE_BEZIER_KNOTS.);
#6549 = CARTESIAN_POINT('',(3.237104637337,-0.45));
#6550 = CARTESIAN_POINT('',(-3.772895362663,-0.45));
#6551 = ( GEOMETRIC_REPRESENTATION_CONTEXT(2) 
PARAMETRIC_REPRESENTATION_CONTEXT() REPRESENTATION_CONTEXT('2D SPACE',''
  ) );
#6552 = ORIENTED_EDGE('',*,*,#6553,.T.);
#6553 = EDGE_CURVE('',#6528,#6476,#6554,.T.);
#6554 = SURFACE_CURVE('',#6555,(#6559,#6565),.PCURVE_S1.);
#6555 = LINE('',#6556,#6557);
#6556 = CARTESIAN_POINT('',(26.2,-34.1,11.03625));
#6557 = VECTOR('',#6558,1.);
#6558 = DIRECTION('',(-0.,-1.,-0.));
#6559 = PCURVE('',#4818,#6560);
#6560 = DEFINITIONAL_REPRESENTATION('',(#6561),#6564);
#6561 = B_SPLINE_CURVE_WITH_KNOTS('',1,(#6562,#6563),.UNSPECIFIED.,.F.,
  .F.,(2,2),(-8.1,-0.1),.PIECEWISE_BEZIER_KNOTS.);
#6562 = CARTESIAN_POINT('',(16.2,-8.03625));
#6563 = CARTESIAN_POINT('',(8.2,-8.03625));
#6564 = ( GEOMETRIC_REPRESENTATION_CONTEXT(2) 
PARAMETRIC_REPRESENTATION_CONTEXT() REPRESENTATION_CONTEXT('2D SPACE',''
  ) );
#6565 = PCURVE('',#6566,#6571);
#6566 = PLANE('',#6567);
#6567 = AXIS2_PLACEMENT_3D('',#6568,#6569,#6570);
#6568 = CARTESIAN_POINT('',(26.45,-26.,11.505));
#6569 = DIRECTION('',(0.882352941176,0.,-0.470588235294));
#6570 = DIRECTION('',(-0.470588235294,0.,-0.882352941176));
#6571 = DEFINITIONAL_REPRESENTATION('',(#6572),#6575);
#6572 = B_SPLINE_CURVE_WITH_KNOTS('',1,(#6573,#6574),.UNSPECIFIED.,.F.,
  .F.,(2,2),(-8.1,-0.1),.PIECEWISE_BEZIER_KNOTS.);
#6573 = CARTESIAN_POINT('',(0.53125,0.));
#6574 = CARTESIAN_POINT('',(0.53125,-8.));
#6575 = ( GEOMETRIC_REPRESENTATION_CONTEXT(2) 
PARAMETRIC_REPRESENTATION_CONTEXT() REPRESENTATION_CONTEXT('2D SPACE',''
  ) );
#6576 = FACE_BOUND('',#6577,.T.);
#6577 = EDGE_LOOP('',(#6578,#6601,#6629));
#6578 = ORIENTED_EDGE('',*,*,#6579,.T.);
#6579 = EDGE_CURVE('',#6580,#6582,#6584,.T.);
#6580 = VERTEX_POINT('',#6581);
#6581 = CARTESIAN_POINT('',(26.2,18.,16.242640687119));
#6582 = VERTEX_POINT('',#6583);
#6583 = CARTESIAN_POINT('',(26.2,15.87867965644,14.12132034356));
#6584 = SURFACE_CURVE('',#6585,(#6589,#6595),.PCURVE_S1.);
#6585 = LINE('',#6586,#6587);
#6586 = CARTESIAN_POINT('',(26.2,-0.36066017178,-2.118019484661));
#6587 = VECTOR('',#6588,1.);
#6588 = DIRECTION('',(-0.,-0.707106781187,-0.707106781187));
#6589 = PCURVE('',#4818,#6590);
#6590 = DEFINITIONAL_REPRESENTATION('',(#6591),#6594);
#6591 = B_SPLINE_CURVE_WITH_KNOTS('',1,(#6592,#6593),.UNSPECIFIED.,.F.,
  .F.,(2,2),(-25.96589462905,-22.96589462905),.PIECEWISE_BEZIER_KNOTS.);
#6592 = CARTESIAN_POINT('',(60.2,-13.24264068711));
#6593 = CARTESIAN_POINT('',(58.07867965644,-11.12132034356));
#6594 = ( GEOMETRIC_REPRESENTATION_CONTEXT(2) 
PARAMETRIC_REPRESENTATION_CONTEXT() REPRESENTATION_CONTEXT('2D SPACE',''
  ) );
#6595 = PCURVE('',#5299,#6596);
#6596 = DEFINITIONAL_REPRESENTATION('',(#6597),#6600);
#6597 = B_SPLINE_CURVE_WITH_KNOTS('',1,(#6598,#6599),.UNSPECIFIED.,.F.,
  .F.,(2,2),(-25.96589462905,-22.96589462905),.PIECEWISE_BEZIER_KNOTS.);
#6598 = CARTESIAN_POINT('',(0.,-1.));
#6599 = CARTESIAN_POINT('',(3.,-1.));
#6600 = ( GEOMETRIC_REPRESENTATION_CONTEXT(2) 
PARAMETRIC_REPRESENTATION_CONTEXT() REPRESENTATION_CONTEXT('2D SPACE',''
  ) );
#6601 = ORIENTED_EDGE('',*,*,#6602,.T.);
#6602 = EDGE_CURVE('',#6582,#6603,#6605,.T.);
#6603 = VERTEX_POINT('',#6604);
#6604 = CARTESIAN_POINT('',(26.2,20.12132034356,14.12132034356));
#6605 = SURFACE_CURVE('',#6606,(#6611,#6622),.PCURVE_S1.);
#6606 = CIRCLE('',#6607,3.);
#6607 = AXIS2_PLACEMENT_3D('',#6608,#6609,#6610);
#6608 = CARTESIAN_POINT('',(26.2,18.,12.));
#6609 = DIRECTION('',(1.,0.,0.));
#6610 = DIRECTION('',(-0.,0.,1.));
#6611 = PCURVE('',#4818,#6612);
#6612 = DEFINITIONAL_REPRESENTATION('',(#6613),#6621);
#6613 = ( BOUNDED_CURVE() B_SPLINE_CURVE(2,(#6614,#6615,#6616,#6617,
#6618,#6619,#6620),.UNSPECIFIED.,.T.,.F.) B_SPLINE_CURVE_WITH_KNOTS((1,2
    ,2,2,2,1),(-2.094395102393,0.,2.094395102393,4.188790204786,
6.28318530718,8.377580409573),.UNSPECIFIED.) CURVE() 
GEOMETRIC_REPRESENTATION_ITEM() RATIONAL_B_SPLINE_CURVE((1.,0.5,1.,0.5,
1.,0.5,1.)) REPRESENTATION_ITEM('') );
#6614 = CARTESIAN_POINT('',(60.2,-12.));
#6615 = CARTESIAN_POINT('',(55.003847577293,-12.));
#6616 = CARTESIAN_POINT('',(57.601923788647,-7.5));
#6617 = CARTESIAN_POINT('',(60.2,-3.));
#6618 = CARTESIAN_POINT('',(62.798076211353,-7.5));
#6619 = CARTESIAN_POINT('',(65.396152422707,-12.));
#6620 = CARTESIAN_POINT('',(60.2,-12.));
#6621 = ( GEOMETRIC_REPRESENTATION_CONTEXT(2) 
PARAMETRIC_REPRESENTATION_CONTEXT() REPRESENTATION_CONTEXT('2D SPACE',''
  ) );
#6622 = PCURVE('',#5351,#6623);
#6623 = DEFINITIONAL_REPRESENTATION('',(#6624),#6628);
#6624 = LINE('',#6625,#6626);
#6625 = CARTESIAN_POINT('',(0.,1.));
#6626 = VECTOR('',#6627,1.);
#6627 = DIRECTION('',(1.,0.));
#6628 = ( GEOMETRIC_REPRESENTATION_CONTEXT(2) 
PARAMETRIC_REPRESENTATION_CONTEXT() REPRESENTATION_CONTEXT('2D SPACE',''
  ) );
#6629 = ORIENTED_EDGE('',*,*,#6630,.T.);
#6630 = EDGE_CURVE('',#6603,#6580,#6631,.T.);
#6631 = SURFACE_CURVE('',#6632,(#6636,#6642),.PCURVE_S1.);
#6632 = LINE('',#6633,#6634);
#6633 = CARTESIAN_POINT('',(26.2,7.32132034356,26.92132034356));
#6634 = VECTOR('',#6635,1.);
#6635 = DIRECTION('',(0.,-0.707106781187,0.707106781187));
#6636 = PCURVE('',#4818,#6637);
#6637 = DEFINITIONAL_REPRESENTATION('',(#6638),#6641);
#6638 = B_SPLINE_CURVE_WITH_KNOTS('',1,(#6639,#6640),.UNSPECIFIED.,.F.,
  .F.,(2,2),(-18.10193359837,-15.10193359837),.PIECEWISE_BEZIER_KNOTS.);
#6639 = CARTESIAN_POINT('',(62.32132034356,-11.12132034356));
#6640 = CARTESIAN_POINT('',(60.2,-13.24264068711));
#6641 = ( GEOMETRIC_REPRESENTATION_CONTEXT(2) 
PARAMETRIC_REPRESENTATION_CONTEXT() REPRESENTATION_CONTEXT('2D SPACE',''
  ) );
#6642 = PCURVE('',#5325,#6643);
#6643 = DEFINITIONAL_REPRESENTATION('',(#6644),#6647);
#6644 = B_SPLINE_CURVE_WITH_KNOTS('',1,(#6645,#6646),.UNSPECIFIED.,.F.,
  .F.,(2,2),(-18.10193359837,-15.10193359837),.PIECEWISE_BEZIER_KNOTS.);
#6645 = CARTESIAN_POINT('',(0.,-1.));
#6646 = CARTESIAN_POINT('',(3.,-1.));
#6647 = ( GEOMETRIC_REPRESENTATION_CONTEXT(2) 
PARAMETRIC_REPRESENTATION_CONTEXT() REPRESENTATION_CONTEXT('2D SPACE',''
  ) );
#6648 = FACE_BOUND('',#6649,.T.);
#6649 = EDGE_LOOP('',(#6650,#6678,#6704,#6730));
#6650 = ORIENTED_EDGE('',*,*,#6651,.F.);
#6651 = EDGE_CURVE('',#6652,#6654,#6656,.T.);
#6652 = VERTEX_POINT('',#6653);
#6653 = CARTESIAN_POINT('',(26.2,-4.,4.495));
#6654 = VERTEX_POINT('',#6655);
#6655 = CARTESIAN_POINT('',(26.2,-4.,11.03625));
#6656 = SURFACE_CURVE('',#6657,(#6661,#6667),.PCURVE_S1.);
#6657 = LINE('',#6658,#6659);
#6658 = CARTESIAN_POINT('',(26.2,-4.,5.366052318668));
#6659 = VECTOR('',#6660,1.);
#6660 = DIRECTION('',(0.,-0.,1.));
#6661 = PCURVE('',#4818,#6662);
#6662 = DEFINITIONAL_REPRESENTATION('',(#6663),#6666);
#6663 = B_SPLINE_CURVE_WITH_KNOTS('',1,(#6664,#6665),.UNSPECIFIED.,.F.,
  .F.,(2,2),(-0.871052318668,6.138947681332),.PIECEWISE_BEZIER_KNOTS.);
#6664 = CARTESIAN_POINT('',(38.2,-1.495));
#6665 = CARTESIAN_POINT('',(38.2,-8.505));
#6666 = ( GEOMETRIC_REPRESENTATION_CONTEXT(2) 
PARAMETRIC_REPRESENTATION_CONTEXT() REPRESENTATION_CONTEXT('2D SPACE',''
  ) );
#6667 = PCURVE('',#6668,#6673);
#6668 = PLANE('',#6669);
#6669 = AXIS2_PLACEMENT_3D('',#6670,#6671,#6672);
#6670 = CARTESIAN_POINT('',(26.65,-4.,7.732104637337));
#6671 = DIRECTION('',(-0.,-1.,-0.));
#6672 = DIRECTION('',(0.,0.,-1.));
#6673 = DEFINITIONAL_REPRESENTATION('',(#6674),#6677);
#6674 = B_SPLINE_CURVE_WITH_KNOTS('',1,(#6675,#6676),.UNSPECIFIED.,.F.,
  .F.,(2,2),(-0.871052318668,6.138947681332),.PIECEWISE_BEZIER_KNOTS.);
#6675 = CARTESIAN_POINT('',(3.237104637337,-0.45));
#6676 = CARTESIAN_POINT('',(-3.772895362663,-0.45));
#6677 = ( GEOMETRIC_REPRESENTATION_CONTEXT(2) 
PARAMETRIC_REPRESENTATION_CONTEXT() REPRESENTATION_CONTEXT('2D SPACE',''
  ) );
#6678 = ORIENTED_EDGE('',*,*,#6679,.T.);
#6679 = EDGE_CURVE('',#6652,#6680,#6682,.T.);
#6680 = VERTEX_POINT('',#6681);
#6681 = CARTESIAN_POINT('',(26.2,4.,4.495));
#6682 = SURFACE_CURVE('',#6683,(#6687,#6693),.PCURVE_S1.);
#6683 = LINE('',#6684,#6685);
#6684 = CARTESIAN_POINT('',(26.2,-19.1,4.495));
#6685 = VECTOR('',#6686,1.);
#6686 = DIRECTION('',(0.,1.,0.));
#6687 = PCURVE('',#4818,#6688);
#6688 = DEFINITIONAL_REPRESENTATION('',(#6689),#6692);
#6689 = B_SPLINE_CURVE_WITH_KNOTS('',1,(#6690,#6691),.UNSPECIFIED.,.F.,
  .F.,(2,2),(15.1,23.1),.PIECEWISE_BEZIER_KNOTS.);
#6690 = CARTESIAN_POINT('',(38.2,-1.495));
#6691 = CARTESIAN_POINT('',(46.2,-1.495));
#6692 = ( GEOMETRIC_REPRESENTATION_CONTEXT(2) 
PARAMETRIC_REPRESENTATION_CONTEXT() REPRESENTATION_CONTEXT('2D SPACE',''
  ) );
#6693 = PCURVE('',#6694,#6699);
#6694 = PLANE('',#6695);
#6695 = AXIS2_PLACEMENT_3D('',#6696,#6697,#6698);
#6696 = CARTESIAN_POINT('',(25.65,4.,4.495));
#6697 = DIRECTION('',(-0.,0.,1.));
#6698 = DIRECTION('',(1.,0.,0.));
#6699 = DEFINITIONAL_REPRESENTATION('',(#6700),#6703);
#6700 = B_SPLINE_CURVE_WITH_KNOTS('',1,(#6701,#6702),.UNSPECIFIED.,.F.,
  .F.,(2,2),(15.1,23.1),.PIECEWISE_BEZIER_KNOTS.);
#6701 = CARTESIAN_POINT('',(0.55,-8.));
#6702 = CARTESIAN_POINT('',(0.55,0.));
#6703 = ( GEOMETRIC_REPRESENTATION_CONTEXT(2) 
PARAMETRIC_REPRESENTATION_CONTEXT() REPRESENTATION_CONTEXT('2D SPACE',''
  ) );
#6704 = ORIENTED_EDGE('',*,*,#6705,.T.);
#6705 = EDGE_CURVE('',#6680,#6706,#6708,.T.);
#6706 = VERTEX_POINT('',#6707);
#6707 = CARTESIAN_POINT('',(26.2,4.,11.03625));
#6708 = SURFACE_CURVE('',#6709,(#6713,#6719),.PCURVE_S1.);
#6709 = LINE('',#6710,#6711);
#6710 = CARTESIAN_POINT('',(26.2,4.,5.366052318668));
#6711 = VECTOR('',#6712,1.);
#6712 = DIRECTION('',(0.,-0.,1.));
#6713 = PCURVE('',#4818,#6714);
#6714 = DEFINITIONAL_REPRESENTATION('',(#6715),#6718);
#6715 = B_SPLINE_CURVE_WITH_KNOTS('',1,(#6716,#6717),.UNSPECIFIED.,.F.,
  .F.,(2,2),(-0.871052318668,6.138947681332),.PIECEWISE_BEZIER_KNOTS.);
#6716 = CARTESIAN_POINT('',(46.2,-1.495));
#6717 = CARTESIAN_POINT('',(46.2,-8.505));
#6718 = ( GEOMETRIC_REPRESENTATION_CONTEXT(2) 
PARAMETRIC_REPRESENTATION_CONTEXT() REPRESENTATION_CONTEXT('2D SPACE',''
  ) );
#6719 = PCURVE('',#6720,#6725);
#6720 = PLANE('',#6721);
#6721 = AXIS2_PLACEMENT_3D('',#6722,#6723,#6724);
#6722 = CARTESIAN_POINT('',(26.65,4.,7.732104637337));
#6723 = DIRECTION('',(-0.,-1.,-0.));
#6724 = DIRECTION('',(0.,0.,-1.));
#6725 = DEFINITIONAL_REPRESENTATION('',(#6726),#6729);
#6726 = B_SPLINE_CURVE_WITH_KNOTS('',1,(#6727,#6728),.UNSPECIFIED.,.F.,
  .F.,(2,2),(-0.871052318668,6.138947681332),.PIECEWISE_BEZIER_KNOTS.);
#6727 = CARTESIAN_POINT('',(3.237104637337,-0.45));
#6728 = CARTESIAN_POINT('',(-3.772895362663,-0.45));
#6729 = ( GEOMETRIC_REPRESENTATION_CONTEXT(2) 
PARAMETRIC_REPRESENTATION_CONTEXT() REPRESENTATION_CONTEXT('2D SPACE',''
  ) );
#6730 = ORIENTED_EDGE('',*,*,#6731,.T.);
#6731 = EDGE_CURVE('',#6706,#6654,#6732,.T.);
#6732 = SURFACE_CURVE('',#6733,(#6737,#6743),.PCURVE_S1.);
#6733 = LINE('',#6734,#6735);
#6734 = CARTESIAN_POINT('',(26.2,-19.1,11.03625));
#6735 = VECTOR('',#6736,1.);
#6736 = DIRECTION('',(-0.,-1.,-0.));
#6737 = PCURVE('',#4818,#6738);
#6738 = DEFINITIONAL_REPRESENTATION('',(#6739),#6742);
#6739 = B_SPLINE_CURVE_WITH_KNOTS('',1,(#6740,#6741),.UNSPECIFIED.,.F.,
  .F.,(2,2),(-23.1,-15.1),.PIECEWISE_BEZIER_KNOTS.);
#6740 = CARTESIAN_POINT('',(46.2,-8.03625));
#6741 = CARTESIAN_POINT('',(38.2,-8.03625));
#6742 = ( GEOMETRIC_REPRESENTATION_CONTEXT(2) 
PARAMETRIC_REPRESENTATION_CONTEXT() REPRESENTATION_CONTEXT('2D SPACE',''
  ) );
#6743 = PCURVE('',#6744,#6749);
#6744 = PLANE('',#6745);
#6745 = AXIS2_PLACEMENT_3D('',#6746,#6747,#6748);
#6746 = CARTESIAN_POINT('',(26.45,4.,11.505));
#6747 = DIRECTION('',(0.882352941176,0.,-0.470588235294));
#6748 = DIRECTION('',(-0.470588235294,0.,-0.882352941176));
#6749 = DEFINITIONAL_REPRESENTATION('',(#6750),#6753);
#6750 = B_SPLINE_CURVE_WITH_KNOTS('',1,(#6751,#6752),.UNSPECIFIED.,.F.,
  .F.,(2,2),(-23.1,-15.1),.PIECEWISE_BEZIER_KNOTS.);
#6751 = CARTESIAN_POINT('',(0.53125,0.));
#6752 = CARTESIAN_POINT('',(0.53125,-8.));
#6753 = ( GEOMETRIC_REPRESENTATION_CONTEXT(2) 
PARAMETRIC_REPRESENTATION_CONTEXT() REPRESENTATION_CONTEXT('2D SPACE',''
  ) );
#6754 = FACE_BOUND('',#6755,.T.);
#6755 = EDGE_LOOP('',(#6756,#6784,#6810,#6836));
#6756 = ORIENTED_EDGE('',*,*,#6757,.F.);
#6757 = EDGE_CURVE('',#6758,#6760,#6762,.T.);
#6758 = VERTEX_POINT('',#6759);
#6759 = CARTESIAN_POINT('',(26.2,26.,4.495));
#6760 = VERTEX_POINT('',#6761);
#6761 = CARTESIAN_POINT('',(26.2,26.,11.03625));
#6762 = SURFACE_CURVE('',#6763,(#6767,#6773),.PCURVE_S1.);
#6763 = LINE('',#6764,#6765);
#6764 = CARTESIAN_POINT('',(26.2,26.,5.366052318668));
#6765 = VECTOR('',#6766,1.);
#6766 = DIRECTION('',(0.,-0.,1.));
#6767 = PCURVE('',#4818,#6768);
#6768 = DEFINITIONAL_REPRESENTATION('',(#6769),#6772);
#6769 = B_SPLINE_CURVE_WITH_KNOTS('',1,(#6770,#6771),.UNSPECIFIED.,.F.,
  .F.,(2,2),(-0.871052318668,6.138947681332),.PIECEWISE_BEZIER_KNOTS.);
#6770 = CARTESIAN_POINT('',(68.2,-1.495));
#6771 = CARTESIAN_POINT('',(68.2,-8.505));
#6772 = ( GEOMETRIC_REPRESENTATION_CONTEXT(2) 
PARAMETRIC_REPRESENTATION_CONTEXT() REPRESENTATION_CONTEXT('2D SPACE',''
  ) );
#6773 = PCURVE('',#6774,#6779);
#6774 = PLANE('',#6775);
#6775 = AXIS2_PLACEMENT_3D('',#6776,#6777,#6778);
#6776 = CARTESIAN_POINT('',(26.65,26.,7.732104637337));
#6777 = DIRECTION('',(-0.,-1.,-0.));
#6778 = DIRECTION('',(0.,0.,-1.));
#6779 = DEFINITIONAL_REPRESENTATION('',(#6780),#6783);
#6780 = B_SPLINE_CURVE_WITH_KNOTS('',1,(#6781,#6782),.UNSPECIFIED.,.F.,
  .F.,(2,2),(-0.871052318668,6.138947681332),.PIECEWISE_BEZIER_KNOTS.);
#6781 = CARTESIAN_POINT('',(3.237104637337,-0.45));
#6782 = CARTESIAN_POINT('',(-3.772895362663,-0.45));
#6783 = ( GEOMETRIC_REPRESENTATION_CONTEXT(2) 
PARAMETRIC_REPRESENTATION_CONTEXT() REPRESENTATION_CONTEXT('2D SPACE',''
  ) );
#6784 = ORIENTED_EDGE('',*,*,#6785,.T.);
#6785 = EDGE_CURVE('',#6758,#6786,#6788,.T.);
#6786 = VERTEX_POINT('',#6787);
#6787 = CARTESIAN_POINT('',(26.2,34.,4.495));
#6788 = SURFACE_CURVE('',#6789,(#6793,#6799),.PCURVE_S1.);
#6789 = LINE('',#6790,#6791);
#6790 = CARTESIAN_POINT('',(26.2,-4.1,4.495));
#6791 = VECTOR('',#6792,1.);
#6792 = DIRECTION('',(0.,1.,0.));
#6793 = PCURVE('',#4818,#6794);
#6794 = DEFINITIONAL_REPRESENTATION('',(#6795),#6798);
#6795 = B_SPLINE_CURVE_WITH_KNOTS('',1,(#6796,#6797),.UNSPECIFIED.,.F.,
  .F.,(2,2),(30.1,38.1),.PIECEWISE_BEZIER_KNOTS.);
#6796 = CARTESIAN_POINT('',(68.2,-1.495));
#6797 = CARTESIAN_POINT('',(76.2,-1.495));
#6798 = ( GEOMETRIC_REPRESENTATION_CONTEXT(2) 
PARAMETRIC_REPRESENTATION_CONTEXT() REPRESENTATION_CONTEXT('2D SPACE',''
  ) );
#6799 = PCURVE('',#6800,#6805);
#6800 = PLANE('',#6801);
#6801 = AXIS2_PLACEMENT_3D('',#6802,#6803,#6804);
#6802 = CARTESIAN_POINT('',(25.65,34.,4.495));
#6803 = DIRECTION('',(-0.,0.,1.));
#6804 = DIRECTION('',(1.,0.,0.));
#6805 = DEFINITIONAL_REPRESENTATION('',(#6806),#6809);
#6806 = B_SPLINE_CURVE_WITH_KNOTS('',1,(#6807,#6808),.UNSPECIFIED.,.F.,
  .F.,(2,2),(30.1,38.1),.PIECEWISE_BEZIER_KNOTS.);
#6807 = CARTESIAN_POINT('',(0.55,-8.));
#6808 = CARTESIAN_POINT('',(0.55,0.));
#6809 = ( GEOMETRIC_REPRESENTATION_CONTEXT(2) 
PARAMETRIC_REPRESENTATION_CONTEXT() REPRESENTATION_CONTEXT('2D SPACE',''
  ) );
#6810 = ORIENTED_EDGE('',*,*,#6811,.T.);
#6811 = EDGE_CURVE('',#6786,#6812,#6814,.T.);
#6812 = VERTEX_POINT('',#6813);
#6813 = CARTESIAN_POINT('',(26.2,34.,11.03625));
#6814 = SURFACE_CURVE('',#6815,(#6819,#6825),.PCURVE_S1.);
#6815 = LINE('',#6816,#6817);
#6816 = CARTESIAN_POINT('',(26.2,34.,5.366052318668));
#6817 = VECTOR('',#6818,1.);
#6818 = DIRECTION('',(0.,-0.,1.));
#6819 = PCURVE('',#4818,#6820);
#6820 = DEFINITIONAL_REPRESENTATION('',(#6821),#6824);
#6821 = B_SPLINE_CURVE_WITH_KNOTS('',1,(#6822,#6823),.UNSPECIFIED.,.F.,
  .F.,(2,2),(-0.871052318668,6.138947681332),.PIECEWISE_BEZIER_KNOTS.);
#6822 = CARTESIAN_POINT('',(76.2,-1.495));
#6823 = CARTESIAN_POINT('',(76.2,-8.505));
#6824 = ( GEOMETRIC_REPRESENTATION_CONTEXT(2) 
PARAMETRIC_REPRESENTATION_CONTEXT() REPRESENTATION_CONTEXT('2D SPACE',''
  ) );
#6825 = PCURVE('',#6826,#6831);
#6826 = PLANE('',#6827);
#6827 = AXIS2_PLACEMENT_3D('',#6828,#6829,#6830);
#6828 = CARTESIAN_POINT('',(26.65,34.,7.732104637337));
#6829 = DIRECTION('',(-0.,-1.,-0.));
#6830 = DIRECTION('',(0.,0.,-1.));
#6831 = DEFINITIONAL_REPRESENTATION('',(#6832),#6835);
#6832 = B_SPLINE_CURVE_WITH_KNOTS('',1,(#6833,#6834),.UNSPECIFIED.,.F.,
  .F.,(2,2),(-0.871052318668,6.138947681332),.PIECEWISE_BEZIER_KNOTS.);
#6833 = CARTESIAN_POINT('',(3.237104637337,-0.45));
#6834 = CARTESIAN_POINT('',(-3.772895362663,-0.45));
#6835 = ( GEOMETRIC_REPRESENTATION_CONTEXT(2) 
PARAMETRIC_REPRESENTATION_CONTEXT() REPRESENTATION_CONTEXT('2D SPACE',''
  ) );
#6836 = ORIENTED_EDGE('',*,*,#6837,.T.);
#6837 = EDGE_CURVE('',#6812,#6760,#6838,.T.);
#6838 = SURFACE_CURVE('',#6839,(#6843,#6849),.PCURVE_S1.);
#6839 = LINE('',#6840,#6841);
#6840 = CARTESIAN_POINT('',(26.2,-4.1,11.03625));
#6841 = VECTOR('',#6842,1.);
#6842 = DIRECTION('',(-0.,-1.,-0.));
#6843 = PCURVE('',#4818,#6844);
#6844 = DEFINITIONAL_REPRESENTATION('',(#6845),#6848);
#6845 = B_SPLINE_CURVE_WITH_KNOTS('',1,(#6846,#6847),.UNSPECIFIED.,.F.,
  .F.,(2,2),(-38.1,-30.1),.PIECEWISE_BEZIER_KNOTS.);
#6846 = CARTESIAN_POINT('',(76.2,-8.03625));
#6847 = CARTESIAN_POINT('',(68.2,-8.03625));
#6848 = ( GEOMETRIC_REPRESENTATION_CONTEXT(2) 
PARAMETRIC_REPRESENTATION_CONTEXT() REPRESENTATION_CONTEXT('2D SPACE',''
  ) );
#6849 = PCURVE('',#6850,#6855);
#6850 = PLANE('',#6851);
#6851 = AXIS2_PLACEMENT_3D('',#6852,#6853,#6854);
#6852 = CARTESIAN_POINT('',(26.45,34.,11.505));
#6853 = DIRECTION('',(0.882352941176,0.,-0.470588235294));
#6854 = DIRECTION('',(-0.470588235294,0.,-0.882352941176));
#6855 = DEFINITIONAL_REPRESENTATION('',(#6856),#6859);
#6856 = B_SPLINE_CURVE_WITH_KNOTS('',1,(#6857,#6858),.UNSPECIFIED.,.F.,
  .F.,(2,2),(-38.1,-30.1),.PIECEWISE_BEZIER_KNOTS.);
#6857 = CARTESIAN_POINT('',(0.53125,0.));
#6858 = CARTESIAN_POINT('',(0.53125,-8.));
#6859 = ( GEOMETRIC_REPRESENTATION_CONTEXT(2) 
PARAMETRIC_REPRESENTATION_CONTEXT() REPRESENTATION_CONTEXT('2D SPACE',''
  ) );
#6860 = ADVANCED_FACE('',(#6861),#4683,.F.);
#6861 = FACE_BOUND('',#6862,.T.);
#6862 = EDGE_LOOP('',(#6863,#6864,#6865,#6886));
#6863 = ORIENTED_EDGE('',*,*,#5962,.F.);
#6864 = ORIENTED_EDGE('',*,*,#5600,.T.);
#6865 = ORIENTED_EDGE('',*,*,#6866,.T.);
#6866 = EDGE_CURVE('',#5578,#4667,#6867,.T.);
#6867 = SURFACE_CURVE('',#6868,(#6872,#6879),.PCURVE_S1.);
#6868 = LINE('',#6869,#6870);
#6869 = CARTESIAN_POINT('',(-26.2,-40.6,3.));
#6870 = VECTOR('',#6871,1.);
#6871 = DIRECTION('',(0.,0.,1.));
#6872 = PCURVE('',#4683,#6873);
#6873 = DEFINITIONAL_REPRESENTATION('',(#6874),#6878);
#6874 = LINE('',#6875,#6876);
#6875 = CARTESIAN_POINT('',(-1.570796326795,0.));
#6876 = VECTOR('',#6877,1.);
#6877 = DIRECTION('',(-0.,1.));
#6878 = ( GEOMETRIC_REPRESENTATION_CONTEXT(2) 
PARAMETRIC_REPRESENTATION_CONTEXT() REPRESENTATION_CONTEXT('2D SPACE',''
  ) );
#6879 = PCURVE('',#4710,#6880);
#6880 = DEFINITIONAL_REPRESENTATION('',(#6881),#6885);
#6881 = LINE('',#6882,#6883);
#6882 = CARTESIAN_POINT('',(82.8,0.));
#6883 = VECTOR('',#6884,1.);
#6884 = DIRECTION('',(0.,-1.));
#6885 = ( GEOMETRIC_REPRESENTATION_CONTEXT(2) 
PARAMETRIC_REPRESENTATION_CONTEXT() REPRESENTATION_CONTEXT('2D SPACE',''
  ) );
#6886 = ORIENTED_EDGE('',*,*,#4666,.T.);
#6887 = ADVANCED_FACE('',(#6888),#4793,.F.);
#6888 = FACE_BOUND('',#6889,.F.);
#6889 = EDGE_LOOP('',(#6890,#6891,#6892,#6913));
#6890 = ORIENTED_EDGE('',*,*,#6234,.F.);
#6891 = ORIENTED_EDGE('',*,*,#5506,.T.);
#6892 = ORIENTED_EDGE('',*,*,#6893,.T.);
#6893 = EDGE_CURVE('',#5507,#4751,#6894,.T.);
#6894 = SURFACE_CURVE('',#6895,(#6899,#6906),.PCURVE_S1.);
#6895 = LINE('',#6896,#6897);
#6896 = CARTESIAN_POINT('',(24.6,42.2,3.));
#6897 = VECTOR('',#6898,1.);
#6898 = DIRECTION('',(0.,0.,1.));
#6899 = PCURVE('',#4793,#6900);
#6900 = DEFINITIONAL_REPRESENTATION('',(#6901),#6905);
#6901 = LINE('',#6902,#6903);
#6902 = CARTESIAN_POINT('',(1.570796326795,0.));
#6903 = VECTOR('',#6904,1.);
#6904 = DIRECTION('',(0.,1.));
#6905 = ( GEOMETRIC_REPRESENTATION_CONTEXT(2) 
PARAMETRIC_REPRESENTATION_CONTEXT() REPRESENTATION_CONTEXT('2D SPACE',''
  ) );
#6906 = PCURVE('',#4765,#6907);
#6907 = DEFINITIONAL_REPRESENTATION('',(#6908),#6912);
#6908 = LINE('',#6909,#6910);
#6909 = CARTESIAN_POINT('',(1.6,0.));
#6910 = VECTOR('',#6911,1.);
#6911 = DIRECTION('',(0.,-1.));
#6912 = ( GEOMETRIC_REPRESENTATION_CONTEXT(2) 
PARAMETRIC_REPRESENTATION_CONTEXT() REPRESENTATION_CONTEXT('2D SPACE',''
  ) );
#6913 = ORIENTED_EDGE('',*,*,#4776,.F.);
#6914 = ADVANCED_FACE('',(#6915,#6941,#7049,#7157,#7263,#7369),#4710,.T.
  );
#6915 = FACE_BOUND('',#6916,.T.);
#6916 = EDGE_LOOP('',(#6917,#6918,#6939,#6940));
#6917 = ORIENTED_EDGE('',*,*,#5577,.F.);
#6918 = ORIENTED_EDGE('',*,*,#6919,.T.);
#6919 = EDGE_CURVE('',#5554,#4696,#6920,.T.);
#6920 = SURFACE_CURVE('',#6921,(#6925,#6932),.PCURVE_S1.);
#6921 = LINE('',#6922,#6923);
#6922 = CARTESIAN_POINT('',(-26.2,40.6,3.));
#6923 = VECTOR('',#6924,1.);
#6924 = DIRECTION('',(0.,0.,1.));
#6925 = PCURVE('',#4710,#6926);
#6926 = DEFINITIONAL_REPRESENTATION('',(#6927),#6931);
#6927 = LINE('',#6928,#6929);
#6928 = CARTESIAN_POINT('',(1.6,0.));
#6929 = VECTOR('',#6930,1.);
#6930 = DIRECTION('',(0.,-1.));
#6931 = ( GEOMETRIC_REPRESENTATION_CONTEXT(2) 
PARAMETRIC_REPRESENTATION_CONTEXT() REPRESENTATION_CONTEXT('2D SPACE',''
  ) );
#6932 = PCURVE('',#4738,#6933);
#6933 = DEFINITIONAL_REPRESENTATION('',(#6934),#6938);
#6934 = LINE('',#6935,#6936);
#6935 = CARTESIAN_POINT('',(1.570796326795,0.));
#6936 = VECTOR('',#6937,1.);
#6937 = DIRECTION('',(0.,1.));
#6938 = ( GEOMETRIC_REPRESENTATION_CONTEXT(2) 
PARAMETRIC_REPRESENTATION_CONTEXT() REPRESENTATION_CONTEXT('2D SPACE',''
  ) );
#6939 = ORIENTED_EDGE('',*,*,#4695,.F.);
#6940 = ORIENTED_EDGE('',*,*,#6866,.F.);
#6941 = FACE_BOUND('',#6942,.T.);
#6942 = EDGE_LOOP('',(#6943,#6971,#6999,#7025));
#6943 = ORIENTED_EDGE('',*,*,#6944,.T.);
#6944 = EDGE_CURVE('',#6945,#6947,#6949,.T.);
#6945 = VERTEX_POINT('',#6946);
#6946 = CARTESIAN_POINT('',(-26.2,31.5,22.54));
#6947 = VERTEX_POINT('',#6948);
#6948 = CARTESIAN_POINT('',(-26.2,31.5,18.34));
#6949 = SURFACE_CURVE('',#6950,(#6954,#6960),.PCURVE_S1.);
#6950 = LINE('',#6951,#6952);
#6951 = CARTESIAN_POINT('',(-26.2,31.5,11.857245803224));
#6952 = VECTOR('',#6953,1.);
#6953 = DIRECTION('',(-0.,0.,-1.));
#6954 = PCURVE('',#4710,#6955);
#6955 = DEFINITIONAL_REPRESENTATION('',(#6956),#6959);
#6956 = B_SPLINE_CURVE_WITH_KNOTS('',1,(#6957,#6958),.UNSPECIFIED.,.F.,
  .F.,(2,2),(-10.68275419677,-6.482754196776),.PIECEWISE_BEZIER_KNOTS.);
#6957 = CARTESIAN_POINT('',(10.7,-19.54));
#6958 = CARTESIAN_POINT('',(10.7,-15.34));
#6959 = ( GEOMETRIC_REPRESENTATION_CONTEXT(2) 
PARAMETRIC_REPRESENTATION_CONTEXT() REPRESENTATION_CONTEXT('2D SPACE',''
  ) );
#6960 = PCURVE('',#6961,#6966);
#6961 = PLANE('',#6962);
#6962 = AXIS2_PLACEMENT_3D('',#6963,#6964,#6965);
#6963 = CARTESIAN_POINT('',(-25.8268006722,31.5,20.714491606449));
#6964 = DIRECTION('',(-0.,-1.,-0.));
#6965 = DIRECTION('',(0.,0.,-1.));
#6966 = DEFINITIONAL_REPRESENTATION('',(#6967),#6970);
#6967 = B_SPLINE_CURVE_WITH_KNOTS('',1,(#6968,#6969),.UNSPECIFIED.,.F.,
  .F.,(2,2),(-10.68275419677,-6.482754196776),.PIECEWISE_BEZIER_KNOTS.);
#6968 = CARTESIAN_POINT('',(-1.825508393551,-0.373199327798));
#6969 = CARTESIAN_POINT('',(2.374491606449,-0.373199327798));
#6970 = ( GEOMETRIC_REPRESENTATION_CONTEXT(2) 
PARAMETRIC_REPRESENTATION_CONTEXT() REPRESENTATION_CONTEXT('2D SPACE',''
  ) );
#6971 = ORIENTED_EDGE('',*,*,#6972,.T.);
#6972 = EDGE_CURVE('',#6947,#6973,#6975,.T.);
#6973 = VERTEX_POINT('',#6974);
#6974 = CARTESIAN_POINT('',(-26.2,28.5,18.34));
#6975 = SURFACE_CURVE('',#6976,(#6980,#6987),.PCURVE_S1.);
#6976 = LINE('',#6977,#6978);
#6977 = CARTESIAN_POINT('',(-26.2,31.5,18.34));
#6978 = VECTOR('',#6979,1.);
#6979 = DIRECTION('',(0.,-1.,0.));
#6980 = PCURVE('',#4710,#6981);
#6981 = DEFINITIONAL_REPRESENTATION('',(#6982),#6986);
#6982 = LINE('',#6983,#6984);
#6983 = CARTESIAN_POINT('',(10.7,-15.34));
#6984 = VECTOR('',#6985,1.);
#6985 = DIRECTION('',(1.,0.));
#6986 = ( GEOMETRIC_REPRESENTATION_CONTEXT(2) 
PARAMETRIC_REPRESENTATION_CONTEXT() REPRESENTATION_CONTEXT('2D SPACE',''
  ) );
#6987 = PCURVE('',#6988,#6993);
#6988 = PLANE('',#6989);
#6989 = AXIS2_PLACEMENT_3D('',#6990,#6991,#6992);
#6990 = CARTESIAN_POINT('',(-26.2,31.5,18.34));
#6991 = DIRECTION('',(-0.707106781187,0.,0.707106781187));
#6992 = DIRECTION('',(0.707106781187,0.,0.707106781187));
#6993 = DEFINITIONAL_REPRESENTATION('',(#6994),#6998);
#6994 = LINE('',#6995,#6996);
#6995 = CARTESIAN_POINT('',(0.,0.));
#6996 = VECTOR('',#6997,1.);
#6997 = DIRECTION('',(0.,-1.));
#6998 = ( GEOMETRIC_REPRESENTATION_CONTEXT(2) 
PARAMETRIC_REPRESENTATION_CONTEXT() REPRESENTATION_CONTEXT('2D SPACE',''
  ) );
#6999 = ORIENTED_EDGE('',*,*,#7000,.F.);
#7000 = EDGE_CURVE('',#7001,#6973,#7003,.T.);
#7001 = VERTEX_POINT('',#7002);
#7002 = CARTESIAN_POINT('',(-26.2,28.5,22.54));
#7003 = SURFACE_CURVE('',#7004,(#7008,#7014),.PCURVE_S1.);
#7004 = LINE('',#7005,#7006);
#7005 = CARTESIAN_POINT('',(-26.2,28.5,11.857245803224));
#7006 = VECTOR('',#7007,1.);
#7007 = DIRECTION('',(-0.,0.,-1.));
#7008 = PCURVE('',#4710,#7009);
#7009 = DEFINITIONAL_REPRESENTATION('',(#7010),#7013);
#7010 = B_SPLINE_CURVE_WITH_KNOTS('',1,(#7011,#7012),.UNSPECIFIED.,.F.,
  .F.,(2,2),(-10.68275419677,-6.482754196776),.PIECEWISE_BEZIER_KNOTS.);
#7011 = CARTESIAN_POINT('',(13.7,-19.54));
#7012 = CARTESIAN_POINT('',(13.7,-15.34));
#7013 = ( GEOMETRIC_REPRESENTATION_CONTEXT(2) 
PARAMETRIC_REPRESENTATION_CONTEXT() REPRESENTATION_CONTEXT('2D SPACE',''
  ) );
#7014 = PCURVE('',#7015,#7020);
#7015 = PLANE('',#7016);
#7016 = AXIS2_PLACEMENT_3D('',#7017,#7018,#7019);
#7017 = CARTESIAN_POINT('',(-25.8268006722,28.5,20.714491606449));
#7018 = DIRECTION('',(-0.,-1.,-0.));
#7019 = DIRECTION('',(0.,0.,-1.));
#7020 = DEFINITIONAL_REPRESENTATION('',(#7021),#7024);
#7021 = B_SPLINE_CURVE_WITH_KNOTS('',1,(#7022,#7023),.UNSPECIFIED.,.F.,
  .F.,(2,2),(-10.68275419677,-6.482754196776),.PIECEWISE_BEZIER_KNOTS.);
#7022 = CARTESIAN_POINT('',(-1.825508393551,-0.373199327798));
#7023 = CARTESIAN_POINT('',(2.374491606449,-0.373199327798));
#7024 = ( GEOMETRIC_REPRESENTATION_CONTEXT(2) 
PARAMETRIC_REPRESENTATION_CONTEXT() REPRESENTATION_CONTEXT('2D SPACE',''
  ) );
#7025 = ORIENTED_EDGE('',*,*,#7026,.T.);
#7026 = EDGE_CURVE('',#7001,#6945,#7027,.T.);
#7027 = SURFACE_CURVE('',#7028,(#7032,#7038),.PCURVE_S1.);
#7028 = LINE('',#7029,#7030);
#7029 = CARTESIAN_POINT('',(-26.2,36.85,22.54));
#7030 = VECTOR('',#7031,1.);
#7031 = DIRECTION('',(-0.,1.,0.));
#7032 = PCURVE('',#4710,#7033);
#7033 = DEFINITIONAL_REPRESENTATION('',(#7034),#7037);
#7034 = B_SPLINE_CURVE_WITH_KNOTS('',1,(#7035,#7036),.UNSPECIFIED.,.F.,
  .F.,(2,2),(-8.35,-5.35),.PIECEWISE_BEZIER_KNOTS.);
#7035 = CARTESIAN_POINT('',(13.7,-19.54));
#7036 = CARTESIAN_POINT('',(10.7,-19.54));
#7037 = ( GEOMETRIC_REPRESENTATION_CONTEXT(2) 
PARAMETRIC_REPRESENTATION_CONTEXT() REPRESENTATION_CONTEXT('2D SPACE',''
  ) );
#7038 = PCURVE('',#7039,#7044);
#7039 = PLANE('',#7040);
#7040 = AXIS2_PLACEMENT_3D('',#7041,#7042,#7043);
#7041 = CARTESIAN_POINT('',(-24.,31.5,22.54));
#7042 = DIRECTION('',(-0.,-0.,-1.));
#7043 = DIRECTION('',(-1.,0.,0.));
#7044 = DEFINITIONAL_REPRESENTATION('',(#7045),#7048);
#7045 = B_SPLINE_CURVE_WITH_KNOTS('',1,(#7046,#7047),.UNSPECIFIED.,.F.,
  .F.,(2,2),(-8.35,-5.35),.PIECEWISE_BEZIER_KNOTS.);
#7046 = CARTESIAN_POINT('',(2.2,-3.));
#7047 = CARTESIAN_POINT('',(2.2,0.));
#7048 = ( GEOMETRIC_REPRESENTATION_CONTEXT(2) 
PARAMETRIC_REPRESENTATION_CONTEXT() REPRESENTATION_CONTEXT('2D SPACE',''
  ) );
#7049 = FACE_BOUND('',#7050,.T.);
#7050 = EDGE_LOOP('',(#7051,#7079,#7107,#7133));
#7051 = ORIENTED_EDGE('',*,*,#7052,.T.);
#7052 = EDGE_CURVE('',#7053,#7055,#7057,.T.);
#7053 = VERTEX_POINT('',#7054);
#7054 = CARTESIAN_POINT('',(-26.2,26.,22.54));
#7055 = VERTEX_POINT('',#7056);
#7056 = CARTESIAN_POINT('',(-26.2,26.,18.34));
#7057 = SURFACE_CURVE('',#7058,(#7062,#7068),.PCURVE_S1.);
#7058 = LINE('',#7059,#7060);
#7059 = CARTESIAN_POINT('',(-26.2,26.,11.761029828289));
#7060 = VECTOR('',#7061,1.);
#7061 = DIRECTION('',(-0.,0.,-1.));
#7062 = PCURVE('',#4710,#7063);
#7063 = DEFINITIONAL_REPRESENTATION('',(#7064),#7067);
#7064 = B_SPLINE_CURVE_WITH_KNOTS('',1,(#7065,#7066),.UNSPECIFIED.,.F.,
  .F.,(2,2),(-10.77897017171,-6.578970171711),.PIECEWISE_BEZIER_KNOTS.);
#7065 = CARTESIAN_POINT('',(16.2,-19.54));
#7066 = CARTESIAN_POINT('',(16.2,-15.34));
#7067 = ( GEOMETRIC_REPRESENTATION_CONTEXT(2) 
PARAMETRIC_REPRESENTATION_CONTEXT() REPRESENTATION_CONTEXT('2D SPACE',''
  ) );
#7068 = PCURVE('',#7069,#7074);
#7069 = PLANE('',#7070);
#7070 = AXIS2_PLACEMENT_3D('',#7071,#7072,#7073);
#7071 = CARTESIAN_POINT('',(-26.01923262207,26.,20.522059656578));
#7072 = DIRECTION('',(-0.,-1.,-0.));
#7073 = DIRECTION('',(0.,0.,-1.));
#7074 = DEFINITIONAL_REPRESENTATION('',(#7075),#7078);
#7075 = B_SPLINE_CURVE_WITH_KNOTS('',1,(#7076,#7077),.UNSPECIFIED.,.F.,
  .F.,(2,2),(-10.77897017171,-6.578970171711),.PIECEWISE_BEZIER_KNOTS.);
#7076 = CARTESIAN_POINT('',(-2.017940343422,-0.180767377927));
#7077 = CARTESIAN_POINT('',(2.182059656578,-0.180767377927));
#7078 = ( GEOMETRIC_REPRESENTATION_CONTEXT(2) 
PARAMETRIC_REPRESENTATION_CONTEXT() REPRESENTATION_CONTEXT('2D SPACE',''
  ) );
#7079 = ORIENTED_EDGE('',*,*,#7080,.T.);
#7080 = EDGE_CURVE('',#7055,#7081,#7083,.T.);
#7081 = VERTEX_POINT('',#7082);
#7082 = CARTESIAN_POINT('',(-26.2,-38.,18.34));
#7083 = SURFACE_CURVE('',#7084,(#7088,#7095),.PCURVE_S1.);
#7084 = LINE('',#7085,#7086);
#7085 = CARTESIAN_POINT('',(-26.2,26.,18.34));
#7086 = VECTOR('',#7087,1.);
#7087 = DIRECTION('',(0.,-1.,0.));
#7088 = PCURVE('',#4710,#7089);
#7089 = DEFINITIONAL_REPRESENTATION('',(#7090),#7094);
#7090 = LINE('',#7091,#7092);
#7091 = CARTESIAN_POINT('',(16.2,-15.34));
#7092 = VECTOR('',#7093,1.);
#7093 = DIRECTION('',(1.,0.));
#7094 = ( GEOMETRIC_REPRESENTATION_CONTEXT(2) 
PARAMETRIC_REPRESENTATION_CONTEXT() REPRESENTATION_CONTEXT('2D SPACE',''
  ) );
#7095 = PCURVE('',#7096,#7101);
#7096 = PLANE('',#7097);
#7097 = AXIS2_PLACEMENT_3D('',#7098,#7099,#7100);
#7098 = CARTESIAN_POINT('',(-26.2,26.,18.34));
#7099 = DIRECTION('',(-0.707106781187,0.,0.707106781187));
#7100 = DIRECTION('',(0.707106781187,0.,0.707106781187));
#7101 = DEFINITIONAL_REPRESENTATION('',(#7102),#7106);
#7102 = LINE('',#7103,#7104);
#7103 = CARTESIAN_POINT('',(0.,0.));
#7104 = VECTOR('',#7105,1.);
#7105 = DIRECTION('',(0.,-1.));
#7106 = ( GEOMETRIC_REPRESENTATION_CONTEXT(2) 
PARAMETRIC_REPRESENTATION_CONTEXT() REPRESENTATION_CONTEXT('2D SPACE',''
  ) );
#7107 = ORIENTED_EDGE('',*,*,#7108,.F.);
#7108 = EDGE_CURVE('',#7109,#7081,#7111,.T.);
#7109 = VERTEX_POINT('',#7110);
#7110 = CARTESIAN_POINT('',(-26.2,-38.,22.54));
#7111 = SURFACE_CURVE('',#7112,(#7116,#7122),.PCURVE_S1.);
#7112 = LINE('',#7113,#7114);
#7113 = CARTESIAN_POINT('',(-26.2,-38.,11.761029828289));
#7114 = VECTOR('',#7115,1.);
#7115 = DIRECTION('',(-0.,0.,-1.));
#7116 = PCURVE('',#4710,#7117);
#7117 = DEFINITIONAL_REPRESENTATION('',(#7118),#7121);
#7118 = B_SPLINE_CURVE_WITH_KNOTS('',1,(#7119,#7120),.UNSPECIFIED.,.F.,
  .F.,(2,2),(-10.77897017171,-6.578970171711),.PIECEWISE_BEZIER_KNOTS.);
#7119 = CARTESIAN_POINT('',(80.2,-19.54));
#7120 = CARTESIAN_POINT('',(80.2,-15.34));
#7121 = ( GEOMETRIC_REPRESENTATION_CONTEXT(2) 
PARAMETRIC_REPRESENTATION_CONTEXT() REPRESENTATION_CONTEXT('2D SPACE',''
  ) );
#7122 = PCURVE('',#7123,#7128);
#7123 = PLANE('',#7124);
#7124 = AXIS2_PLACEMENT_3D('',#7125,#7126,#7127);
#7125 = CARTESIAN_POINT('',(-26.01923262207,-38.,20.522059656578));
#7126 = DIRECTION('',(-0.,-1.,-0.));
#7127 = DIRECTION('',(0.,0.,-1.));
#7128 = DEFINITIONAL_REPRESENTATION('',(#7129),#7132);
#7129 = B_SPLINE_CURVE_WITH_KNOTS('',1,(#7130,#7131),.UNSPECIFIED.,.F.,
  .F.,(2,2),(-10.77897017171,-6.578970171711),.PIECEWISE_BEZIER_KNOTS.);
#7130 = CARTESIAN_POINT('',(-2.017940343422,-0.180767377927));
#7131 = CARTESIAN_POINT('',(2.182059656578,-0.180767377927));
#7132 = ( GEOMETRIC_REPRESENTATION_CONTEXT(2) 
PARAMETRIC_REPRESENTATION_CONTEXT() REPRESENTATION_CONTEXT('2D SPACE',''
  ) );
#7133 = ORIENTED_EDGE('',*,*,#7134,.T.);
#7134 = EDGE_CURVE('',#7109,#7053,#7135,.T.);
#7135 = SURFACE_CURVE('',#7136,(#7140,#7146),.PCURVE_S1.);
#7136 = LINE('',#7137,#7138);
#7137 = CARTESIAN_POINT('',(-26.2,34.1,22.54));
#7138 = VECTOR('',#7139,1.);
#7139 = DIRECTION('',(-0.,1.,0.));
#7140 = PCURVE('',#4710,#7141);
#7141 = DEFINITIONAL_REPRESENTATION('',(#7142),#7145);
#7142 = B_SPLINE_CURVE_WITH_KNOTS('',1,(#7143,#7144),.UNSPECIFIED.,.F.,
  .F.,(2,2),(-72.1,-8.1),.PIECEWISE_BEZIER_KNOTS.);
#7143 = CARTESIAN_POINT('',(80.2,-19.54));
#7144 = CARTESIAN_POINT('',(16.2,-19.54));
#7145 = ( GEOMETRIC_REPRESENTATION_CONTEXT(2) 
PARAMETRIC_REPRESENTATION_CONTEXT() REPRESENTATION_CONTEXT('2D SPACE',''
  ) );
#7146 = PCURVE('',#7147,#7152);
#7147 = PLANE('',#7148);
#7148 = AXIS2_PLACEMENT_3D('',#7149,#7150,#7151);
#7149 = CARTESIAN_POINT('',(-25.3,26.,22.54));
#7150 = DIRECTION('',(-0.,-0.,-1.));
#7151 = DIRECTION('',(-1.,0.,0.));
#7152 = DEFINITIONAL_REPRESENTATION('',(#7153),#7156);
#7153 = B_SPLINE_CURVE_WITH_KNOTS('',1,(#7154,#7155),.UNSPECIFIED.,.F.,
  .F.,(2,2),(-72.1,-8.1),.PIECEWISE_BEZIER_KNOTS.);
#7154 = CARTESIAN_POINT('',(0.9,-64.));
#7155 = CARTESIAN_POINT('',(0.9,0.));
#7156 = ( GEOMETRIC_REPRESENTATION_CONTEXT(2) 
PARAMETRIC_REPRESENTATION_CONTEXT() REPRESENTATION_CONTEXT('2D SPACE',''
  ) );
#7157 = FACE_BOUND('',#7158,.T.);
#7158 = EDGE_LOOP('',(#7159,#7187,#7213,#7239));
#7159 = ORIENTED_EDGE('',*,*,#7160,.T.);
#7160 = EDGE_CURVE('',#7161,#7163,#7165,.T.);
#7161 = VERTEX_POINT('',#7162);
#7162 = CARTESIAN_POINT('',(-26.2,34.,11.03625));
#7163 = VERTEX_POINT('',#7164);
#7164 = CARTESIAN_POINT('',(-26.2,34.,4.495));
#7165 = SURFACE_CURVE('',#7166,(#7170,#7176),.PCURVE_S1.);
#7166 = LINE('',#7167,#7168);
#7167 = CARTESIAN_POINT('',(-26.2,34.,5.366052318668));
#7168 = VECTOR('',#7169,1.);
#7169 = DIRECTION('',(-0.,0.,-1.));
#7170 = PCURVE('',#4710,#7171);
#7171 = DEFINITIONAL_REPRESENTATION('',(#7172),#7175);
#7172 = B_SPLINE_CURVE_WITH_KNOTS('',1,(#7173,#7174),.UNSPECIFIED.,.F.,
  .F.,(2,2),(-6.138947681332,0.871052318668),.PIECEWISE_BEZIER_KNOTS.);
#7173 = CARTESIAN_POINT('',(8.2,-8.505));
#7174 = CARTESIAN_POINT('',(8.2,-1.495));
#7175 = ( GEOMETRIC_REPRESENTATION_CONTEXT(2) 
PARAMETRIC_REPRESENTATION_CONTEXT() REPRESENTATION_CONTEXT('2D SPACE',''
  ) );
#7176 = PCURVE('',#7177,#7182);
#7177 = PLANE('',#7178);
#7178 = AXIS2_PLACEMENT_3D('',#7179,#7180,#7181);
#7179 = CARTESIAN_POINT('',(-26.65,34.,7.732104637337));
#7180 = DIRECTION('',(-0.,-1.,-0.));
#7181 = DIRECTION('',(0.,0.,-1.));
#7182 = DEFINITIONAL_REPRESENTATION('',(#7183),#7186);
#7183 = B_SPLINE_CURVE_WITH_KNOTS('',1,(#7184,#7185),.UNSPECIFIED.,.F.,
  .F.,(2,2),(-6.138947681332,0.871052318668),.PIECEWISE_BEZIER_KNOTS.);
#7184 = CARTESIAN_POINT('',(-3.772895362663,0.45));
#7185 = CARTESIAN_POINT('',(3.237104637337,0.45));
#7186 = ( GEOMETRIC_REPRESENTATION_CONTEXT(2) 
PARAMETRIC_REPRESENTATION_CONTEXT() REPRESENTATION_CONTEXT('2D SPACE',''
  ) );
#7187 = ORIENTED_EDGE('',*,*,#7188,.T.);
#7188 = EDGE_CURVE('',#7163,#7189,#7191,.T.);
#7189 = VERTEX_POINT('',#7190);
#7190 = CARTESIAN_POINT('',(-26.2,26.,4.495));
#7191 = SURFACE_CURVE('',#7192,(#7196,#7202),.PCURVE_S1.);
#7192 = LINE('',#7193,#7194);
#7193 = CARTESIAN_POINT('',(-26.2,38.1,4.495));
#7194 = VECTOR('',#7195,1.);
#7195 = DIRECTION('',(0.,-1.,0.));
#7196 = PCURVE('',#4710,#7197);
#7197 = DEFINITIONAL_REPRESENTATION('',(#7198),#7201);
#7198 = B_SPLINE_CURVE_WITH_KNOTS('',1,(#7199,#7200),.UNSPECIFIED.,.F.,
  .F.,(2,2),(4.1,12.1),.PIECEWISE_BEZIER_KNOTS.);
#7199 = CARTESIAN_POINT('',(8.2,-1.495));
#7200 = CARTESIAN_POINT('',(16.2,-1.495));
#7201 = ( GEOMETRIC_REPRESENTATION_CONTEXT(2) 
PARAMETRIC_REPRESENTATION_CONTEXT() REPRESENTATION_CONTEXT('2D SPACE',''
  ) );
#7202 = PCURVE('',#7203,#7208);
#7203 = PLANE('',#7204);
#7204 = AXIS2_PLACEMENT_3D('',#7205,#7206,#7207);
#7205 = CARTESIAN_POINT('',(-27.65,34.,4.495));
#7206 = DIRECTION('',(-0.,0.,1.));
#7207 = DIRECTION('',(1.,0.,0.));
#7208 = DEFINITIONAL_REPRESENTATION('',(#7209),#7212);
#7209 = B_SPLINE_CURVE_WITH_KNOTS('',1,(#7210,#7211),.UNSPECIFIED.,.F.,
  .F.,(2,2),(4.1,12.1),.PIECEWISE_BEZIER_KNOTS.);
#7210 = CARTESIAN_POINT('',(1.45,0.));
#7211 = CARTESIAN_POINT('',(1.45,-8.));
#7212 = ( GEOMETRIC_REPRESENTATION_CONTEXT(2) 
PARAMETRIC_REPRESENTATION_CONTEXT() REPRESENTATION_CONTEXT('2D SPACE',''
  ) );
#7213 = ORIENTED_EDGE('',*,*,#7214,.F.);
#7214 = EDGE_CURVE('',#7215,#7189,#7217,.T.);
#7215 = VERTEX_POINT('',#7216);
#7216 = CARTESIAN_POINT('',(-26.2,26.,11.03625));
#7217 = SURFACE_CURVE('',#7218,(#7222,#7228),.PCURVE_S1.);
#7218 = LINE('',#7219,#7220);
#7219 = CARTESIAN_POINT('',(-26.2,26.,5.366052318668));
#7220 = VECTOR('',#7221,1.);
#7221 = DIRECTION('',(-0.,0.,-1.));
#7222 = PCURVE('',#4710,#7223);
#7223 = DEFINITIONAL_REPRESENTATION('',(#7224),#7227);
#7224 = B_SPLINE_CURVE_WITH_KNOTS('',1,(#7225,#7226),.UNSPECIFIED.,.F.,
  .F.,(2,2),(-6.138947681332,0.871052318668),.PIECEWISE_BEZIER_KNOTS.);
#7225 = CARTESIAN_POINT('',(16.2,-8.505));
#7226 = CARTESIAN_POINT('',(16.2,-1.495));
#7227 = ( GEOMETRIC_REPRESENTATION_CONTEXT(2) 
PARAMETRIC_REPRESENTATION_CONTEXT() REPRESENTATION_CONTEXT('2D SPACE',''
  ) );
#7228 = PCURVE('',#7229,#7234);
#7229 = PLANE('',#7230);
#7230 = AXIS2_PLACEMENT_3D('',#7231,#7232,#7233);
#7231 = CARTESIAN_POINT('',(-26.65,26.,7.732104637337));
#7232 = DIRECTION('',(-0.,-1.,-0.));
#7233 = DIRECTION('',(0.,0.,-1.));
#7234 = DEFINITIONAL_REPRESENTATION('',(#7235),#7238);
#7235 = B_SPLINE_CURVE_WITH_KNOTS('',1,(#7236,#7237),.UNSPECIFIED.,.F.,
  .F.,(2,2),(-6.138947681332,0.871052318668),.PIECEWISE_BEZIER_KNOTS.);
#7236 = CARTESIAN_POINT('',(-3.772895362663,0.45));
#7237 = CARTESIAN_POINT('',(3.237104637337,0.45));
#7238 = ( GEOMETRIC_REPRESENTATION_CONTEXT(2) 
PARAMETRIC_REPRESENTATION_CONTEXT() REPRESENTATION_CONTEXT('2D SPACE',''
  ) );
#7239 = ORIENTED_EDGE('',*,*,#7240,.T.);
#7240 = EDGE_CURVE('',#7215,#7161,#7241,.T.);
#7241 = SURFACE_CURVE('',#7242,(#7246,#7252),.PCURVE_S1.);
#7242 = LINE('',#7243,#7244);
#7243 = CARTESIAN_POINT('',(-26.2,38.1,11.03625));
#7244 = VECTOR('',#7245,1.);
#7245 = DIRECTION('',(-0.,1.,0.));
#7246 = PCURVE('',#4710,#7247);
#7247 = DEFINITIONAL_REPRESENTATION('',(#7248),#7251);
#7248 = B_SPLINE_CURVE_WITH_KNOTS('',1,(#7249,#7250),.UNSPECIFIED.,.F.,
  .F.,(2,2),(-12.1,-4.1),.PIECEWISE_BEZIER_KNOTS.);
#7249 = CARTESIAN_POINT('',(16.2,-8.03625));
#7250 = CARTESIAN_POINT('',(8.2,-8.03625));
#7251 = ( GEOMETRIC_REPRESENTATION_CONTEXT(2) 
PARAMETRIC_REPRESENTATION_CONTEXT() REPRESENTATION_CONTEXT('2D SPACE',''
  ) );
#7252 = PCURVE('',#7253,#7258);
#7253 = PLANE('',#7254);
#7254 = AXIS2_PLACEMENT_3D('',#7255,#7256,#7257);
#7255 = CARTESIAN_POINT('',(-25.65,34.,10.005));
#7256 = DIRECTION('',(-0.882352941176,-0.,-0.470588235294));
#7257 = DIRECTION('',(-0.470588235294,0.,0.882352941176));
#7258 = DEFINITIONAL_REPRESENTATION('',(#7259),#7262);
#7259 = B_SPLINE_CURVE_WITH_KNOTS('',1,(#7260,#7261),.UNSPECIFIED.,.F.,
  .F.,(2,2),(-12.1,-4.1),.PIECEWISE_BEZIER_KNOTS.);
#7260 = CARTESIAN_POINT('',(1.16875,-8.));
#7261 = CARTESIAN_POINT('',(1.16875,0.));
#7262 = ( GEOMETRIC_REPRESENTATION_CONTEXT(2) 
PARAMETRIC_REPRESENTATION_CONTEXT() REPRESENTATION_CONTEXT('2D SPACE',''
  ) );
#7263 = FACE_BOUND('',#7264,.T.);
#7264 = EDGE_LOOP('',(#7265,#7293,#7319,#7345));
#7265 = ORIENTED_EDGE('',*,*,#7266,.T.);
#7266 = EDGE_CURVE('',#7267,#7269,#7271,.T.);
#7267 = VERTEX_POINT('',#7268);
#7268 = CARTESIAN_POINT('',(-26.2,4.,11.03625));
#7269 = VERTEX_POINT('',#7270);
#7270 = CARTESIAN_POINT('',(-26.2,4.,4.495));
#7271 = SURFACE_CURVE('',#7272,(#7276,#7282),.PCURVE_S1.);
#7272 = LINE('',#7273,#7274);
#7273 = CARTESIAN_POINT('',(-26.2,4.,5.366052318668));
#7274 = VECTOR('',#7275,1.);
#7275 = DIRECTION('',(-0.,0.,-1.));
#7276 = PCURVE('',#4710,#7277);
#7277 = DEFINITIONAL_REPRESENTATION('',(#7278),#7281);
#7278 = B_SPLINE_CURVE_WITH_KNOTS('',1,(#7279,#7280),.UNSPECIFIED.,.F.,
  .F.,(2,2),(-6.138947681332,0.871052318668),.PIECEWISE_BEZIER_KNOTS.);
#7279 = CARTESIAN_POINT('',(38.2,-8.505));
#7280 = CARTESIAN_POINT('',(38.2,-1.495));
#7281 = ( GEOMETRIC_REPRESENTATION_CONTEXT(2) 
PARAMETRIC_REPRESENTATION_CONTEXT() REPRESENTATION_CONTEXT('2D SPACE',''
  ) );
#7282 = PCURVE('',#7283,#7288);
#7283 = PLANE('',#7284);
#7284 = AXIS2_PLACEMENT_3D('',#7285,#7286,#7287);
#7285 = CARTESIAN_POINT('',(-26.65,4.,7.732104637337));
#7286 = DIRECTION('',(-0.,-1.,-0.));
#7287 = DIRECTION('',(0.,0.,-1.));
#7288 = DEFINITIONAL_REPRESENTATION('',(#7289),#7292);
#7289 = B_SPLINE_CURVE_WITH_KNOTS('',1,(#7290,#7291),.UNSPECIFIED.,.F.,
  .F.,(2,2),(-6.138947681332,0.871052318668),.PIECEWISE_BEZIER_KNOTS.);
#7290 = CARTESIAN_POINT('',(-3.772895362663,0.45));
#7291 = CARTESIAN_POINT('',(3.237104637337,0.45));
#7292 = ( GEOMETRIC_REPRESENTATION_CONTEXT(2) 
PARAMETRIC_REPRESENTATION_CONTEXT() REPRESENTATION_CONTEXT('2D SPACE',''
  ) );
#7293 = ORIENTED_EDGE('',*,*,#7294,.T.);
#7294 = EDGE_CURVE('',#7269,#7295,#7297,.T.);
#7295 = VERTEX_POINT('',#7296);
#7296 = CARTESIAN_POINT('',(-26.2,-4.,4.495));
#7297 = SURFACE_CURVE('',#7298,(#7302,#7308),.PCURVE_S1.);
#7298 = LINE('',#7299,#7300);
#7299 = CARTESIAN_POINT('',(-26.2,23.1,4.495));
#7300 = VECTOR('',#7301,1.);
#7301 = DIRECTION('',(0.,-1.,0.));
#7302 = PCURVE('',#4710,#7303);
#7303 = DEFINITIONAL_REPRESENTATION('',(#7304),#7307);
#7304 = B_SPLINE_CURVE_WITH_KNOTS('',1,(#7305,#7306),.UNSPECIFIED.,.F.,
  .F.,(2,2),(19.1,27.1),.PIECEWISE_BEZIER_KNOTS.);
#7305 = CARTESIAN_POINT('',(38.2,-1.495));
#7306 = CARTESIAN_POINT('',(46.2,-1.495));
#7307 = ( GEOMETRIC_REPRESENTATION_CONTEXT(2) 
PARAMETRIC_REPRESENTATION_CONTEXT() REPRESENTATION_CONTEXT('2D SPACE',''
  ) );
#7308 = PCURVE('',#7309,#7314);
#7309 = PLANE('',#7310);
#7310 = AXIS2_PLACEMENT_3D('',#7311,#7312,#7313);
#7311 = CARTESIAN_POINT('',(-27.65,4.,4.495));
#7312 = DIRECTION('',(-0.,0.,1.));
#7313 = DIRECTION('',(1.,0.,0.));
#7314 = DEFINITIONAL_REPRESENTATION('',(#7315),#7318);
#7315 = B_SPLINE_CURVE_WITH_KNOTS('',1,(#7316,#7317),.UNSPECIFIED.,.F.,
  .F.,(2,2),(19.1,27.1),.PIECEWISE_BEZIER_KNOTS.);
#7316 = CARTESIAN_POINT('',(1.45,0.));
#7317 = CARTESIAN_POINT('',(1.45,-8.));
#7318 = ( GEOMETRIC_REPRESENTATION_CONTEXT(2) 
PARAMETRIC_REPRESENTATION_CONTEXT() REPRESENTATION_CONTEXT('2D SPACE',''
  ) );
#7319 = ORIENTED_EDGE('',*,*,#7320,.F.);
#7320 = EDGE_CURVE('',#7321,#7295,#7323,.T.);
#7321 = VERTEX_POINT('',#7322);
#7322 = CARTESIAN_POINT('',(-26.2,-4.,11.03625));
#7323 = SURFACE_CURVE('',#7324,(#7328,#7334),.PCURVE_S1.);
#7324 = LINE('',#7325,#7326);
#7325 = CARTESIAN_POINT('',(-26.2,-4.,5.366052318668));
#7326 = VECTOR('',#7327,1.);
#7327 = DIRECTION('',(-0.,0.,-1.));
#7328 = PCURVE('',#4710,#7329);
#7329 = DEFINITIONAL_REPRESENTATION('',(#7330),#7333);
#7330 = B_SPLINE_CURVE_WITH_KNOTS('',1,(#7331,#7332),.UNSPECIFIED.,.F.,
  .F.,(2,2),(-6.138947681332,0.871052318668),.PIECEWISE_BEZIER_KNOTS.);
#7331 = CARTESIAN_POINT('',(46.2,-8.505));
#7332 = CARTESIAN_POINT('',(46.2,-1.495));
#7333 = ( GEOMETRIC_REPRESENTATION_CONTEXT(2) 
PARAMETRIC_REPRESENTATION_CONTEXT() REPRESENTATION_CONTEXT('2D SPACE',''
  ) );
#7334 = PCURVE('',#7335,#7340);
#7335 = PLANE('',#7336);
#7336 = AXIS2_PLACEMENT_3D('',#7337,#7338,#7339);
#7337 = CARTESIAN_POINT('',(-26.65,-4.,7.732104637337));
#7338 = DIRECTION('',(-0.,-1.,-0.));
#7339 = DIRECTION('',(0.,0.,-1.));
#7340 = DEFINITIONAL_REPRESENTATION('',(#7341),#7344);
#7341 = B_SPLINE_CURVE_WITH_KNOTS('',1,(#7342,#7343),.UNSPECIFIED.,.F.,
  .F.,(2,2),(-6.138947681332,0.871052318668),.PIECEWISE_BEZIER_KNOTS.);
#7342 = CARTESIAN_POINT('',(-3.772895362663,0.45));
#7343 = CARTESIAN_POINT('',(3.237104637337,0.45));
#7344 = ( GEOMETRIC_REPRESENTATION_CONTEXT(2) 
PARAMETRIC_REPRESENTATION_CONTEXT() REPRESENTATION_CONTEXT('2D SPACE',''
  ) );
#7345 = ORIENTED_EDGE('',*,*,#7346,.T.);
#7346 = EDGE_CURVE('',#7321,#7267,#7347,.T.);
#7347 = SURFACE_CURVE('',#7348,(#7352,#7358),.PCURVE_S1.);
#7348 = LINE('',#7349,#7350);
#7349 = CARTESIAN_POINT('',(-26.2,23.1,11.03625));
#7350 = VECTOR('',#7351,1.);
#7351 = DIRECTION('',(-0.,1.,0.));
#7352 = PCURVE('',#4710,#7353);
#7353 = DEFINITIONAL_REPRESENTATION('',(#7354),#7357);
#7354 = B_SPLINE_CURVE_WITH_KNOTS('',1,(#7355,#7356),.UNSPECIFIED.,.F.,
  .F.,(2,2),(-27.1,-19.1),.PIECEWISE_BEZIER_KNOTS.);
#7355 = CARTESIAN_POINT('',(46.2,-8.03625));
#7356 = CARTESIAN_POINT('',(38.2,-8.03625));
#7357 = ( GEOMETRIC_REPRESENTATION_CONTEXT(2) 
PARAMETRIC_REPRESENTATION_CONTEXT() REPRESENTATION_CONTEXT('2D SPACE',''
  ) );
#7358 = PCURVE('',#7359,#7364);
#7359 = PLANE('',#7360);
#7360 = AXIS2_PLACEMENT_3D('',#7361,#7362,#7363);
#7361 = CARTESIAN_POINT('',(-25.65,4.,10.005));
#7362 = DIRECTION('',(-0.882352941176,-0.,-0.470588235294));
#7363 = DIRECTION('',(-0.470588235294,0.,0.882352941176));
#7364 = DEFINITIONAL_REPRESENTATION('',(#7365),#7368);
#7365 = B_SPLINE_CURVE_WITH_KNOTS('',1,(#7366,#7367),.UNSPECIFIED.,.F.,
  .F.,(2,2),(-27.1,-19.1),.PIECEWISE_BEZIER_KNOTS.);
#7366 = CARTESIAN_POINT('',(1.16875,-8.));
#7367 = CARTESIAN_POINT('',(1.16875,0.));
#7368 = ( GEOMETRIC_REPRESENTATION_CONTEXT(2) 
PARAMETRIC_REPRESENTATION_CONTEXT() REPRESENTATION_CONTEXT('2D SPACE',''
  ) );
#7369 = FACE_BOUND('',#7370,.T.);
#7370 = EDGE_LOOP('',(#7371,#7399,#7425,#7451));
#7371 = ORIENTED_EDGE('',*,*,#7372,.T.);
#7372 = EDGE_CURVE('',#7373,#7375,#7377,.T.);
#7373 = VERTEX_POINT('',#7374);
#7374 = CARTESIAN_POINT('',(-26.2,-26.,11.03625));
#7375 = VERTEX_POINT('',#7376);
#7376 = CARTESIAN_POINT('',(-26.2,-26.,4.495));
#7377 = SURFACE_CURVE('',#7378,(#7382,#7388),.PCURVE_S1.);
#7378 = LINE('',#7379,#7380);
#7379 = CARTESIAN_POINT('',(-26.2,-26.,5.366052318668));
#7380 = VECTOR('',#7381,1.);
#7381 = DIRECTION('',(-0.,0.,-1.));
#7382 = PCURVE('',#4710,#7383);
#7383 = DEFINITIONAL_REPRESENTATION('',(#7384),#7387);
#7384 = B_SPLINE_CURVE_WITH_KNOTS('',1,(#7385,#7386),.UNSPECIFIED.,.F.,
  .F.,(2,2),(-6.138947681332,0.871052318668),.PIECEWISE_BEZIER_KNOTS.);
#7385 = CARTESIAN_POINT('',(68.2,-8.505));
#7386 = CARTESIAN_POINT('',(68.2,-1.495));
#7387 = ( GEOMETRIC_REPRESENTATION_CONTEXT(2) 
PARAMETRIC_REPRESENTATION_CONTEXT() REPRESENTATION_CONTEXT('2D SPACE',''
  ) );
#7388 = PCURVE('',#7389,#7394);
#7389 = PLANE('',#7390);
#7390 = AXIS2_PLACEMENT_3D('',#7391,#7392,#7393);
#7391 = CARTESIAN_POINT('',(-26.65,-26.,7.732104637337));
#7392 = DIRECTION('',(-0.,-1.,-0.));
#7393 = DIRECTION('',(0.,0.,-1.));
#7394 = DEFINITIONAL_REPRESENTATION('',(#7395),#7398);
#7395 = B_SPLINE_CURVE_WITH_KNOTS('',1,(#7396,#7397),.UNSPECIFIED.,.F.,
  .F.,(2,2),(-6.138947681332,0.871052318668),.PIECEWISE_BEZIER_KNOTS.);
#7396 = CARTESIAN_POINT('',(-3.772895362663,0.45));
#7397 = CARTESIAN_POINT('',(3.237104637337,0.45));
#7398 = ( GEOMETRIC_REPRESENTATION_CONTEXT(2) 
PARAMETRIC_REPRESENTATION_CONTEXT() REPRESENTATION_CONTEXT('2D SPACE',''
  ) );
#7399 = ORIENTED_EDGE('',*,*,#7400,.T.);
#7400 = EDGE_CURVE('',#7375,#7401,#7403,.T.);
#7401 = VERTEX_POINT('',#7402);
#7402 = CARTESIAN_POINT('',(-26.2,-34.,4.495));
#7403 = SURFACE_CURVE('',#7404,(#7408,#7414),.PCURVE_S1.);
#7404 = LINE('',#7405,#7406);
#7405 = CARTESIAN_POINT('',(-26.2,8.1,4.495));
#7406 = VECTOR('',#7407,1.);
#7407 = DIRECTION('',(0.,-1.,0.));
#7408 = PCURVE('',#4710,#7409);
#7409 = DEFINITIONAL_REPRESENTATION('',(#7410),#7413);
#7410 = B_SPLINE_CURVE_WITH_KNOTS('',1,(#7411,#7412),.UNSPECIFIED.,.F.,
  .F.,(2,2),(34.1,42.1),.PIECEWISE_BEZIER_KNOTS.);
#7411 = CARTESIAN_POINT('',(68.2,-1.495));
#7412 = CARTESIAN_POINT('',(76.2,-1.495));
#7413 = ( GEOMETRIC_REPRESENTATION_CONTEXT(2) 
PARAMETRIC_REPRESENTATION_CONTEXT() REPRESENTATION_CONTEXT('2D SPACE',''
  ) );
#7414 = PCURVE('',#7415,#7420);
#7415 = PLANE('',#7416);
#7416 = AXIS2_PLACEMENT_3D('',#7417,#7418,#7419);
#7417 = CARTESIAN_POINT('',(-27.65,-26.,4.495));
#7418 = DIRECTION('',(-0.,0.,1.));
#7419 = DIRECTION('',(1.,0.,0.));
#7420 = DEFINITIONAL_REPRESENTATION('',(#7421),#7424);
#7421 = B_SPLINE_CURVE_WITH_KNOTS('',1,(#7422,#7423),.UNSPECIFIED.,.F.,
  .F.,(2,2),(34.1,42.1),.PIECEWISE_BEZIER_KNOTS.);
#7422 = CARTESIAN_POINT('',(1.45,0.));
#7423 = CARTESIAN_POINT('',(1.45,-8.));
#7424 = ( GEOMETRIC_REPRESENTATION_CONTEXT(2) 
PARAMETRIC_REPRESENTATION_CONTEXT() REPRESENTATION_CONTEXT('2D SPACE',''
  ) );
#7425 = ORIENTED_EDGE('',*,*,#7426,.F.);
#7426 = EDGE_CURVE('',#7427,#7401,#7429,.T.);
#7427 = VERTEX_POINT('',#7428);
#7428 = CARTESIAN_POINT('',(-26.2,-34.,11.03625));
#7429 = SURFACE_CURVE('',#7430,(#7434,#7440),.PCURVE_S1.);
#7430 = LINE('',#7431,#7432);
#7431 = CARTESIAN_POINT('',(-26.2,-34.,5.366052318668));
#7432 = VECTOR('',#7433,1.);
#7433 = DIRECTION('',(-0.,0.,-1.));
#7434 = PCURVE('',#4710,#7435);
#7435 = DEFINITIONAL_REPRESENTATION('',(#7436),#7439);
#7436 = B_SPLINE_CURVE_WITH_KNOTS('',1,(#7437,#7438),.UNSPECIFIED.,.F.,
  .F.,(2,2),(-6.138947681332,0.871052318668),.PIECEWISE_BEZIER_KNOTS.);
#7437 = CARTESIAN_POINT('',(76.2,-8.505));
#7438 = CARTESIAN_POINT('',(76.2,-1.495));
#7439 = ( GEOMETRIC_REPRESENTATION_CONTEXT(2) 
PARAMETRIC_REPRESENTATION_CONTEXT() REPRESENTATION_CONTEXT('2D SPACE',''
  ) );
#7440 = PCURVE('',#7441,#7446);
#7441 = PLANE('',#7442);
#7442 = AXIS2_PLACEMENT_3D('',#7443,#7444,#7445);
#7443 = CARTESIAN_POINT('',(-26.65,-34.,7.732104637337));
#7444 = DIRECTION('',(-0.,-1.,-0.));
#7445 = DIRECTION('',(0.,0.,-1.));
#7446 = DEFINITIONAL_REPRESENTATION('',(#7447),#7450);
#7447 = B_SPLINE_CURVE_WITH_KNOTS('',1,(#7448,#7449),.UNSPECIFIED.,.F.,
  .F.,(2,2),(-6.138947681332,0.871052318668),.PIECEWISE_BEZIER_KNOTS.);
#7448 = CARTESIAN_POINT('',(-3.772895362663,0.45));
#7449 = CARTESIAN_POINT('',(3.237104637337,0.45));
#7450 = ( GEOMETRIC_REPRESENTATION_CONTEXT(2) 
PARAMETRIC_REPRESENTATION_CONTEXT() REPRESENTATION_CONTEXT('2D SPACE',''
  ) );
#7451 = ORIENTED_EDGE('',*,*,#7452,.T.);
#7452 = EDGE_CURVE('',#7427,#7373,#7453,.T.);
#7453 = SURFACE_CURVE('',#7454,(#7458,#7464),.PCURVE_S1.);
#7454 = LINE('',#7455,#7456);
#7455 = CARTESIAN_POINT('',(-26.2,8.1,11.03625));
#7456 = VECTOR('',#7457,1.);
#7457 = DIRECTION('',(-0.,1.,0.));
#7458 = PCURVE('',#4710,#7459);
#7459 = DEFINITIONAL_REPRESENTATION('',(#7460),#7463);
#7460 = B_SPLINE_CURVE_WITH_KNOTS('',1,(#7461,#7462),.UNSPECIFIED.,.F.,
  .F.,(2,2),(-42.1,-34.1),.PIECEWISE_BEZIER_KNOTS.);
#7461 = CARTESIAN_POINT('',(76.2,-8.03625));
#7462 = CARTESIAN_POINT('',(68.2,-8.03625));
#7463 = ( GEOMETRIC_REPRESENTATION_CONTEXT(2) 
PARAMETRIC_REPRESENTATION_CONTEXT() REPRESENTATION_CONTEXT('2D SPACE',''
  ) );
#7464 = PCURVE('',#7465,#7470);
#7465 = PLANE('',#7466);
#7466 = AXIS2_PLACEMENT_3D('',#7467,#7468,#7469);
#7467 = CARTESIAN_POINT('',(-25.65,-26.,10.005));
#7468 = DIRECTION('',(-0.882352941176,-0.,-0.470588235294));
#7469 = DIRECTION('',(-0.470588235294,0.,0.882352941176));
#7470 = DEFINITIONAL_REPRESENTATION('',(#7471),#7474);
#7471 = B_SPLINE_CURVE_WITH_KNOTS('',1,(#7472,#7473),.UNSPECIFIED.,.F.,
  .F.,(2,2),(-42.1,-34.1),.PIECEWISE_BEZIER_KNOTS.);
#7472 = CARTESIAN_POINT('',(1.16875,-8.));
#7473 = CARTESIAN_POINT('',(1.16875,0.));
#7474 = ( GEOMETRIC_REPRESENTATION_CONTEXT(2) 
PARAMETRIC_REPRESENTATION_CONTEXT() REPRESENTATION_CONTEXT('2D SPACE',''
  ) );
#7475 = ADVANCED_FACE('',(#7476,#7502),#4765,.T.);
#7476 = FACE_BOUND('',#7477,.T.);
#7477 = EDGE_LOOP('',(#7478,#7479,#7480,#7481));
#7478 = ORIENTED_EDGE('',*,*,#5530,.F.);
#7479 = ORIENTED_EDGE('',*,*,#6893,.T.);
#7480 = ORIENTED_EDGE('',*,*,#4750,.F.);
#7481 = ORIENTED_EDGE('',*,*,#7482,.F.);
#7482 = EDGE_CURVE('',#5531,#4722,#7483,.T.);
#7483 = SURFACE_CURVE('',#7484,(#7488,#7495),.PCURVE_S1.);
#7484 = LINE('',#7485,#7486);
#7485 = CARTESIAN_POINT('',(-24.6,42.2,3.));
#7486 = VECTOR('',#7487,1.);
#7487 = DIRECTION('',(0.,0.,1.));
#7488 = PCURVE('',#4765,#7489);
#7489 = DEFINITIONAL_REPRESENTATION('',(#7490),#7494);
#7490 = LINE('',#7491,#7492);
#7491 = CARTESIAN_POINT('',(50.8,0.));
#7492 = VECTOR('',#7493,1.);
#7493 = DIRECTION('',(0.,-1.));
#7494 = ( GEOMETRIC_REPRESENTATION_CONTEXT(2) 
PARAMETRIC_REPRESENTATION_CONTEXT() REPRESENTATION_CONTEXT('2D SPACE',''
  ) );
#7495 = PCURVE('',#4738,#7496);
#7496 = DEFINITIONAL_REPRESENTATION('',(#7497),#7501);
#7497 = LINE('',#7498,#7499);
#7498 = CARTESIAN_POINT('',(0.,0.));
#7499 = VECTOR('',#7500,1.);
#7500 = DIRECTION('',(0.,1.));
#7501 = ( GEOMETRIC_REPRESENTATION_CONTEXT(2) 
PARAMETRIC_REPRESENTATION_CONTEXT() REPRESENTATION_CONTEXT('2D SPACE',''
  ) );
#7502 = FACE_BOUND('',#7503,.T.);
#7503 = EDGE_LOOP('',(#7504,#7532,#7558,#7584,#7612,#7638,#7664,#7690,
    #7716,#7742,#7768,#7794));
#7504 = ORIENTED_EDGE('',*,*,#7505,.F.);
#7505 = EDGE_CURVE('',#7506,#7508,#7510,.T.);
#7506 = VERTEX_POINT('',#7507);
#7507 = CARTESIAN_POINT('',(18.,42.2,4.495));
#7508 = VERTEX_POINT('',#7509);
#7509 = CARTESIAN_POINT('',(18.,42.2,11.505));
#7510 = SURFACE_CURVE('',#7511,(#7515,#7521),.PCURVE_S1.);
#7511 = LINE('',#7512,#7513);
#7512 = CARTESIAN_POINT('',(18.,42.2,5.366052318668));
#7513 = VECTOR('',#7514,1.);
#7514 = DIRECTION('',(0.,0.,1.));
#7515 = PCURVE('',#4765,#7516);
#7516 = DEFINITIONAL_REPRESENTATION('',(#7517),#7520);
#7517 = B_SPLINE_CURVE_WITH_KNOTS('',1,(#7518,#7519),.UNSPECIFIED.,.F.,
  .F.,(2,2),(-0.871052318668,6.138947681332),.PIECEWISE_BEZIER_KNOTS.);
#7518 = CARTESIAN_POINT('',(8.2,-1.495));
#7519 = CARTESIAN_POINT('',(8.2,-8.505));
#7520 = ( GEOMETRIC_REPRESENTATION_CONTEXT(2) 
PARAMETRIC_REPRESENTATION_CONTEXT() REPRESENTATION_CONTEXT('2D SPACE',''
  ) );
#7521 = PCURVE('',#7522,#7527);
#7522 = PLANE('',#7523);
#7523 = AXIS2_PLACEMENT_3D('',#7524,#7525,#7526);
#7524 = CARTESIAN_POINT('',(18.,42.3,7.732104637337));
#7525 = DIRECTION('',(1.,-1.110223024625E-16,-0.));
#7526 = DIRECTION('',(0.,0.,-1.));
#7527 = DEFINITIONAL_REPRESENTATION('',(#7528),#7531);
#7528 = B_SPLINE_CURVE_WITH_KNOTS('',1,(#7529,#7530),.UNSPECIFIED.,.F.,
  .F.,(2,2),(-0.871052318668,6.138947681332),.PIECEWISE_BEZIER_KNOTS.);
#7529 = CARTESIAN_POINT('',(3.237104637337,-9.999999999999E-02));
#7530 = CARTESIAN_POINT('',(-3.772895362663,-9.999999999999E-02));
#7531 = ( GEOMETRIC_REPRESENTATION_CONTEXT(2) 
PARAMETRIC_REPRESENTATION_CONTEXT() REPRESENTATION_CONTEXT('2D SPACE',''
  ) );
#7532 = ORIENTED_EDGE('',*,*,#7533,.T.);
#7533 = EDGE_CURVE('',#7506,#7534,#7536,.T.);
#7534 = VERTEX_POINT('',#7535);
#7535 = CARTESIAN_POINT('',(10.,42.2,4.495));
#7536 = SURFACE_CURVE('',#7537,(#7541,#7547),.PCURVE_S1.);
#7537 = LINE('',#7538,#7539);
#7538 = CARTESIAN_POINT('',(18.1,42.2,4.495));
#7539 = VECTOR('',#7540,1.);
#7540 = DIRECTION('',(-1.,0.,0.));
#7541 = PCURVE('',#4765,#7542);
#7542 = DEFINITIONAL_REPRESENTATION('',(#7543),#7546);
#7543 = B_SPLINE_CURVE_WITH_KNOTS('',1,(#7544,#7545),.UNSPECIFIED.,.F.,
  .F.,(2,2),(0.1,8.1),.PIECEWISE_BEZIER_KNOTS.);
#7544 = CARTESIAN_POINT('',(8.2,-1.495));
#7545 = CARTESIAN_POINT('',(16.2,-1.495));
#7546 = ( GEOMETRIC_REPRESENTATION_CONTEXT(2) 
PARAMETRIC_REPRESENTATION_CONTEXT() REPRESENTATION_CONTEXT('2D SPACE',''
  ) );
#7547 = PCURVE('',#7548,#7553);
#7548 = PLANE('',#7549);
#7549 = AXIS2_PLACEMENT_3D('',#7550,#7551,#7552);
#7550 = CARTESIAN_POINT('',(10.,41.3,4.495));
#7551 = DIRECTION('',(0.,0.,1.));
#7552 = DIRECTION('',(1.110223024625E-16,1.,0.));
#7553 = DEFINITIONAL_REPRESENTATION('',(#7554),#7557);
#7554 = B_SPLINE_CURVE_WITH_KNOTS('',1,(#7555,#7556),.UNSPECIFIED.,.F.,
  .F.,(2,2),(0.1,8.1),.PIECEWISE_BEZIER_KNOTS.);
#7555 = CARTESIAN_POINT('',(0.9,-8.));
#7556 = CARTESIAN_POINT('',(0.9,0.));
#7557 = ( GEOMETRIC_REPRESENTATION_CONTEXT(2) 
PARAMETRIC_REPRESENTATION_CONTEXT() REPRESENTATION_CONTEXT('2D SPACE',''
  ) );
#7558 = ORIENTED_EDGE('',*,*,#7559,.T.);
#7559 = EDGE_CURVE('',#7534,#7560,#7562,.T.);
#7560 = VERTEX_POINT('',#7561);
#7561 = CARTESIAN_POINT('',(10.,42.2,9.745));
#7562 = SURFACE_CURVE('',#7563,(#7567,#7573),.PCURVE_S1.);
#7563 = LINE('',#7564,#7565);
#7564 = CARTESIAN_POINT('',(10.,42.2,5.366052318668));
#7565 = VECTOR('',#7566,1.);
#7566 = DIRECTION('',(0.,0.,1.));
#7567 = PCURVE('',#4765,#7568);
#7568 = DEFINITIONAL_REPRESENTATION('',(#7569),#7572);
#7569 = B_SPLINE_CURVE_WITH_KNOTS('',1,(#7570,#7571),.UNSPECIFIED.,.F.,
  .F.,(2,2),(-0.871052318668,6.138947681332),.PIECEWISE_BEZIER_KNOTS.);
#7570 = CARTESIAN_POINT('',(16.2,-1.495));
#7571 = CARTESIAN_POINT('',(16.2,-8.505));
#7572 = ( GEOMETRIC_REPRESENTATION_CONTEXT(2) 
PARAMETRIC_REPRESENTATION_CONTEXT() REPRESENTATION_CONTEXT('2D SPACE',''
  ) );
#7573 = PCURVE('',#7574,#7579);
#7574 = PLANE('',#7575);
#7575 = AXIS2_PLACEMENT_3D('',#7576,#7577,#7578);
#7576 = CARTESIAN_POINT('',(10.,42.3,7.732104637337));
#7577 = DIRECTION('',(1.,-1.110223024625E-16,-0.));
#7578 = DIRECTION('',(0.,0.,-1.));
#7579 = DEFINITIONAL_REPRESENTATION('',(#7580),#7583);
#7580 = B_SPLINE_CURVE_WITH_KNOTS('',1,(#7581,#7582),.UNSPECIFIED.,.F.,
  .F.,(2,2),(-0.871052318668,6.138947681332),.PIECEWISE_BEZIER_KNOTS.);
#7581 = CARTESIAN_POINT('',(3.237104637337,-9.999999999999E-02));
#7582 = CARTESIAN_POINT('',(-3.772895362663,-9.999999999999E-02));
#7583 = ( GEOMETRIC_REPRESENTATION_CONTEXT(2) 
PARAMETRIC_REPRESENTATION_CONTEXT() REPRESENTATION_CONTEXT('2D SPACE',''
  ) );
#7584 = ORIENTED_EDGE('',*,*,#7585,.F.);
#7585 = EDGE_CURVE('',#7586,#7560,#7588,.T.);
#7586 = VERTEX_POINT('',#7587);
#7587 = CARTESIAN_POINT('',(-10.,42.2,9.745));
#7588 = SURFACE_CURVE('',#7589,(#7593,#7600),.PCURVE_S1.);
#7589 = LINE('',#7590,#7591);
#7590 = CARTESIAN_POINT('',(-13.,42.2,9.745));
#7591 = VECTOR('',#7592,1.);
#7592 = DIRECTION('',(1.,0.,0.));
#7593 = PCURVE('',#4765,#7594);
#7594 = DEFINITIONAL_REPRESENTATION('',(#7595),#7599);
#7595 = LINE('',#7596,#7597);
#7596 = CARTESIAN_POINT('',(39.2,-6.745));
#7597 = VECTOR('',#7598,1.);
#7598 = DIRECTION('',(-1.,-0.));
#7599 = ( GEOMETRIC_REPRESENTATION_CONTEXT(2) 
PARAMETRIC_REPRESENTATION_CONTEXT() REPRESENTATION_CONTEXT('2D SPACE',''
  ) );
#7600 = PCURVE('',#7601,#7606);
#7601 = PLANE('',#7602);
#7602 = AXIS2_PLACEMENT_3D('',#7603,#7604,#7605);
#7603 = CARTESIAN_POINT('',(-13.,40.1,9.745));
#7604 = DIRECTION('',(0.,0.,1.));
#7605 = DIRECTION('',(0.,1.,0.));
#7606 = DEFINITIONAL_REPRESENTATION('',(#7607),#7611);
#7607 = LINE('',#7608,#7609);
#7608 = CARTESIAN_POINT('',(2.1,0.));
#7609 = VECTOR('',#7610,1.);
#7610 = DIRECTION('',(0.,-1.));
#7611 = ( GEOMETRIC_REPRESENTATION_CONTEXT(2) 
PARAMETRIC_REPRESENTATION_CONTEXT() REPRESENTATION_CONTEXT('2D SPACE',''
  ) );
#7612 = ORIENTED_EDGE('',*,*,#7613,.F.);
#7613 = EDGE_CURVE('',#7614,#7586,#7616,.T.);
#7614 = VERTEX_POINT('',#7615);
#7615 = CARTESIAN_POINT('',(-10.,42.2,4.495));
#7616 = SURFACE_CURVE('',#7617,(#7621,#7627),.PCURVE_S1.);
#7617 = LINE('',#7618,#7619);
#7618 = CARTESIAN_POINT('',(-10.,42.2,5.366052318668));
#7619 = VECTOR('',#7620,1.);
#7620 = DIRECTION('',(0.,0.,1.));
#7621 = PCURVE('',#4765,#7622);
#7622 = DEFINITIONAL_REPRESENTATION('',(#7623),#7626);
#7623 = B_SPLINE_CURVE_WITH_KNOTS('',1,(#7624,#7625),.UNSPECIFIED.,.F.,
  .F.,(2,2),(-0.871052318668,6.138947681332),.PIECEWISE_BEZIER_KNOTS.);
#7624 = CARTESIAN_POINT('',(36.2,-1.495));
#7625 = CARTESIAN_POINT('',(36.2,-8.505));
#7626 = ( GEOMETRIC_REPRESENTATION_CONTEXT(2) 
PARAMETRIC_REPRESENTATION_CONTEXT() REPRESENTATION_CONTEXT('2D SPACE',''
  ) );
#7627 = PCURVE('',#7628,#7633);
#7628 = PLANE('',#7629);
#7629 = AXIS2_PLACEMENT_3D('',#7630,#7631,#7632);
#7630 = CARTESIAN_POINT('',(-10.,42.3,7.732104637337));
#7631 = DIRECTION('',(1.,-1.110223024625E-16,-0.));
#7632 = DIRECTION('',(0.,0.,-1.));
#7633 = DEFINITIONAL_REPRESENTATION('',(#7634),#7637);
#7634 = B_SPLINE_CURVE_WITH_KNOTS('',1,(#7635,#7636),.UNSPECIFIED.,.F.,
  .F.,(2,2),(-0.871052318668,6.138947681332),.PIECEWISE_BEZIER_KNOTS.);
#7635 = CARTESIAN_POINT('',(3.237104637337,-9.999999999999E-02));
#7636 = CARTESIAN_POINT('',(-3.772895362663,-9.999999999999E-02));
#7637 = ( GEOMETRIC_REPRESENTATION_CONTEXT(2) 
PARAMETRIC_REPRESENTATION_CONTEXT() REPRESENTATION_CONTEXT('2D SPACE',''
  ) );
#7638 = ORIENTED_EDGE('',*,*,#7639,.T.);
#7639 = EDGE_CURVE('',#7614,#7640,#7642,.T.);
#7640 = VERTEX_POINT('',#7641);
#7641 = CARTESIAN_POINT('',(-18.,42.2,4.495));
#7642 = SURFACE_CURVE('',#7643,(#7647,#7653),.PCURVE_S1.);
#7643 = LINE('',#7644,#7645);
#7644 = CARTESIAN_POINT('',(4.1,42.2,4.495));
#7645 = VECTOR('',#7646,1.);
#7646 = DIRECTION('',(-1.,0.,0.));
#7647 = PCURVE('',#4765,#7648);
#7648 = DEFINITIONAL_REPRESENTATION('',(#7649),#7652);
#7649 = B_SPLINE_CURVE_WITH_KNOTS('',1,(#7650,#7651),.UNSPECIFIED.,.F.,
  .F.,(2,2),(14.1,22.1),.PIECEWISE_BEZIER_KNOTS.);
#7650 = CARTESIAN_POINT('',(36.2,-1.495));
#7651 = CARTESIAN_POINT('',(44.2,-1.495));
#7652 = ( GEOMETRIC_REPRESENTATION_CONTEXT(2) 
PARAMETRIC_REPRESENTATION_CONTEXT() REPRESENTATION_CONTEXT('2D SPACE',''
  ) );
#7653 = PCURVE('',#7654,#7659);
#7654 = PLANE('',#7655);
#7655 = AXIS2_PLACEMENT_3D('',#7656,#7657,#7658);
#7656 = CARTESIAN_POINT('',(-18.,41.3,4.495));
#7657 = DIRECTION('',(0.,0.,1.));
#7658 = DIRECTION('',(1.110223024625E-16,1.,0.));
#7659 = DEFINITIONAL_REPRESENTATION('',(#7660),#7663);
#7660 = B_SPLINE_CURVE_WITH_KNOTS('',1,(#7661,#7662),.UNSPECIFIED.,.F.,
  .F.,(2,2),(14.1,22.1),.PIECEWISE_BEZIER_KNOTS.);
#7661 = CARTESIAN_POINT('',(0.9,-8.));
#7662 = CARTESIAN_POINT('',(0.9,0.));
#7663 = ( GEOMETRIC_REPRESENTATION_CONTEXT(2) 
PARAMETRIC_REPRESENTATION_CONTEXT() REPRESENTATION_CONTEXT('2D SPACE',''
  ) );
#7664 = ORIENTED_EDGE('',*,*,#7665,.T.);
#7665 = EDGE_CURVE('',#7640,#7666,#7668,.T.);
#7666 = VERTEX_POINT('',#7667);
#7667 = CARTESIAN_POINT('',(-18.,42.2,11.505));
#7668 = SURFACE_CURVE('',#7669,(#7673,#7679),.PCURVE_S1.);
#7669 = LINE('',#7670,#7671);
#7670 = CARTESIAN_POINT('',(-18.,42.2,5.366052318668));
#7671 = VECTOR('',#7672,1.);
#7672 = DIRECTION('',(0.,0.,1.));
#7673 = PCURVE('',#4765,#7674);
#7674 = DEFINITIONAL_REPRESENTATION('',(#7675),#7678);
#7675 = B_SPLINE_CURVE_WITH_KNOTS('',1,(#7676,#7677),.UNSPECIFIED.,.F.,
  .F.,(2,2),(-0.871052318668,6.138947681332),.PIECEWISE_BEZIER_KNOTS.);
#7676 = CARTESIAN_POINT('',(44.2,-1.495));
#7677 = CARTESIAN_POINT('',(44.2,-8.505));
#7678 = ( GEOMETRIC_REPRESENTATION_CONTEXT(2) 
PARAMETRIC_REPRESENTATION_CONTEXT() REPRESENTATION_CONTEXT('2D SPACE',''
  ) );
#7679 = PCURVE('',#7680,#7685);
#7680 = PLANE('',#7681);
#7681 = AXIS2_PLACEMENT_3D('',#7682,#7683,#7684);
#7682 = CARTESIAN_POINT('',(-18.,42.3,7.732104637337));
#7683 = DIRECTION('',(1.,-1.110223024625E-16,-0.));
#7684 = DIRECTION('',(0.,0.,-1.));
#7685 = DEFINITIONAL_REPRESENTATION('',(#7686),#7689);
#7686 = B_SPLINE_CURVE_WITH_KNOTS('',1,(#7687,#7688),.UNSPECIFIED.,.F.,
  .F.,(2,2),(-0.871052318668,6.138947681332),.PIECEWISE_BEZIER_KNOTS.);
#7687 = CARTESIAN_POINT('',(3.237104637337,-9.999999999999E-02));
#7688 = CARTESIAN_POINT('',(-3.772895362663,-9.999999999999E-02));
#7689 = ( GEOMETRIC_REPRESENTATION_CONTEXT(2) 
PARAMETRIC_REPRESENTATION_CONTEXT() REPRESENTATION_CONTEXT('2D SPACE',''
  ) );
#7690 = ORIENTED_EDGE('',*,*,#7691,.T.);
#7691 = EDGE_CURVE('',#7666,#7692,#7694,.T.);
#7692 = VERTEX_POINT('',#7693);
#7693 = CARTESIAN_POINT('',(-13.,42.2,11.505));
#7694 = SURFACE_CURVE('',#7695,(#7699,#7705),.PCURVE_S1.);
#7695 = LINE('',#7696,#7697);
#7696 = CARTESIAN_POINT('',(4.1,42.2,11.505));
#7697 = VECTOR('',#7698,1.);
#7698 = DIRECTION('',(1.,0.,0.));
#7699 = PCURVE('',#4765,#7700);
#7700 = DEFINITIONAL_REPRESENTATION('',(#7701),#7704);
#7701 = B_SPLINE_CURVE_WITH_KNOTS('',1,(#7702,#7703),.UNSPECIFIED.,.F.,
  .F.,(2,2),(-22.1,-14.1),.PIECEWISE_BEZIER_KNOTS.);
#7702 = CARTESIAN_POINT('',(44.2,-8.505));
#7703 = CARTESIAN_POINT('',(36.2,-8.505));
#7704 = ( GEOMETRIC_REPRESENTATION_CONTEXT(2) 
PARAMETRIC_REPRESENTATION_CONTEXT() REPRESENTATION_CONTEXT('2D SPACE',''
  ) );
#7705 = PCURVE('',#7706,#7711);
#7706 = PLANE('',#7707);
#7707 = AXIS2_PLACEMENT_3D('',#7708,#7709,#7710);
#7708 = CARTESIAN_POINT('',(-18.,42.5,11.505));
#7709 = DIRECTION('',(0.,-0.,-1.));
#7710 = DIRECTION('',(-1.110223024625E-16,-1.,0.));
#7711 = DEFINITIONAL_REPRESENTATION('',(#7712),#7715);
#7712 = B_SPLINE_CURVE_WITH_KNOTS('',1,(#7713,#7714),.UNSPECIFIED.,.F.,
  .F.,(2,2),(-22.1,-14.1),.PIECEWISE_BEZIER_KNOTS.);
#7713 = CARTESIAN_POINT('',(0.3,0.));
#7714 = CARTESIAN_POINT('',(0.3,-8.));
#7715 = ( GEOMETRIC_REPRESENTATION_CONTEXT(2) 
PARAMETRIC_REPRESENTATION_CONTEXT() REPRESENTATION_CONTEXT('2D SPACE',''
  ) );
#7716 = ORIENTED_EDGE('',*,*,#7717,.T.);
#7717 = EDGE_CURVE('',#7692,#7718,#7720,.T.);
#7718 = VERTEX_POINT('',#7719);
#7719 = CARTESIAN_POINT('',(-13.,42.2,13.355));
#7720 = SURFACE_CURVE('',#7721,(#7725,#7731),.PCURVE_S1.);
#7721 = LINE('',#7722,#7723);
#7722 = CARTESIAN_POINT('',(-13.,42.2,7.122082937655));
#7723 = VECTOR('',#7724,1.);
#7724 = DIRECTION('',(-0.,0.,1.));
#7725 = PCURVE('',#4765,#7726);
#7726 = DEFINITIONAL_REPRESENTATION('',(#7727),#7730);
#7727 = B_SPLINE_CURVE_WITH_KNOTS('',1,(#7728,#7729),.UNSPECIFIED.,.F.,
  .F.,(2,2),(2.622917062345,6.232917062345),.PIECEWISE_BEZIER_KNOTS.);
#7728 = CARTESIAN_POINT('',(39.2,-6.745));
#7729 = CARTESIAN_POINT('',(39.2,-10.355));
#7730 = ( GEOMETRIC_REPRESENTATION_CONTEXT(2) 
PARAMETRIC_REPRESENTATION_CONTEXT() REPRESENTATION_CONTEXT('2D SPACE',''
  ) );
#7731 = PCURVE('',#7732,#7737);
#7732 = PLANE('',#7733);
#7733 = AXIS2_PLACEMENT_3D('',#7734,#7735,#7736);
#7734 = CARTESIAN_POINT('',(-13.,41.367444939677,11.244165875311));
#7735 = DIRECTION('',(1.,0.,0.));
#7736 = DIRECTION('',(-0.,0.,1.));
#7737 = DEFINITIONAL_REPRESENTATION('',(#7738),#7741);
#7738 = B_SPLINE_CURVE_WITH_KNOTS('',1,(#7739,#7740),.UNSPECIFIED.,.F.,
  .F.,(2,2),(2.622917062345,6.232917062345),.PIECEWISE_BEZIER_KNOTS.);
#7739 = CARTESIAN_POINT('',(-1.499165875311,-0.832555060323));
#7740 = CARTESIAN_POINT('',(2.110834124689,-0.832555060323));
#7741 = ( GEOMETRIC_REPRESENTATION_CONTEXT(2) 
PARAMETRIC_REPRESENTATION_CONTEXT() REPRESENTATION_CONTEXT('2D SPACE',''
  ) );
#7742 = ORIENTED_EDGE('',*,*,#7743,.T.);
#7743 = EDGE_CURVE('',#7718,#7744,#7746,.T.);
#7744 = VERTEX_POINT('',#7745);
#7745 = CARTESIAN_POINT('',(13.,42.2,13.355));
#7746 = SURFACE_CURVE('',#7747,(#7751,#7757),.PCURVE_S1.);
#7747 = LINE('',#7748,#7749);
#7748 = CARTESIAN_POINT('',(6.6,42.2,13.355));
#7749 = VECTOR('',#7750,1.);
#7750 = DIRECTION('',(1.,0.,0.));
#7751 = PCURVE('',#4765,#7752);
#7752 = DEFINITIONAL_REPRESENTATION('',(#7753),#7756);
#7753 = B_SPLINE_CURVE_WITH_KNOTS('',1,(#7754,#7755),.UNSPECIFIED.,.F.,
  .F.,(2,2),(-19.6,6.4),.PIECEWISE_BEZIER_KNOTS.);
#7754 = CARTESIAN_POINT('',(39.2,-10.355));
#7755 = CARTESIAN_POINT('',(13.2,-10.355));
#7756 = ( GEOMETRIC_REPRESENTATION_CONTEXT(2) 
PARAMETRIC_REPRESENTATION_CONTEXT() REPRESENTATION_CONTEXT('2D SPACE',''
  ) );
#7757 = PCURVE('',#7758,#7763);
#7758 = PLANE('',#7759);
#7759 = AXIS2_PLACEMENT_3D('',#7760,#7761,#7762);
#7760 = CARTESIAN_POINT('',(-13.,42.205,13.355));
#7761 = DIRECTION('',(0.,0.,-1.));
#7762 = DIRECTION('',(0.,-1.,0.));
#7763 = DEFINITIONAL_REPRESENTATION('',(#7764),#7767);
#7764 = B_SPLINE_CURVE_WITH_KNOTS('',1,(#7765,#7766),.UNSPECIFIED.,.F.,
  .F.,(2,2),(-19.6,6.4),.PIECEWISE_BEZIER_KNOTS.);
#7765 = CARTESIAN_POINT('',(4.999999999995E-03,0.));
#7766 = CARTESIAN_POINT('',(4.999999999995E-03,-26.));
#7767 = ( GEOMETRIC_REPRESENTATION_CONTEXT(2) 
PARAMETRIC_REPRESENTATION_CONTEXT() REPRESENTATION_CONTEXT('2D SPACE',''
  ) );
#7768 = ORIENTED_EDGE('',*,*,#7769,.F.);
#7769 = EDGE_CURVE('',#7770,#7744,#7772,.T.);
#7770 = VERTEX_POINT('',#7771);
#7771 = CARTESIAN_POINT('',(13.,42.2,11.505));
#7772 = SURFACE_CURVE('',#7773,(#7777,#7783),.PCURVE_S1.);
#7773 = LINE('',#7774,#7775);
#7774 = CARTESIAN_POINT('',(13.,42.2,7.122082937655));
#7775 = VECTOR('',#7776,1.);
#7776 = DIRECTION('',(-0.,0.,1.));
#7777 = PCURVE('',#4765,#7778);
#7778 = DEFINITIONAL_REPRESENTATION('',(#7779),#7782);
#7779 = B_SPLINE_CURVE_WITH_KNOTS('',1,(#7780,#7781),.UNSPECIFIED.,.F.,
  .F.,(2,2),(2.622917062345,6.232917062345),.PIECEWISE_BEZIER_KNOTS.);
#7780 = CARTESIAN_POINT('',(13.2,-6.745));
#7781 = CARTESIAN_POINT('',(13.2,-10.355));
#7782 = ( GEOMETRIC_REPRESENTATION_CONTEXT(2) 
PARAMETRIC_REPRESENTATION_CONTEXT() REPRESENTATION_CONTEXT('2D SPACE',''
  ) );
#7783 = PCURVE('',#7784,#7789);
#7784 = PLANE('',#7785);
#7785 = AXIS2_PLACEMENT_3D('',#7786,#7787,#7788);
#7786 = CARTESIAN_POINT('',(13.,41.367444939677,11.244165875311));
#7787 = DIRECTION('',(1.,0.,0.));
#7788 = DIRECTION('',(-0.,0.,1.));
#7789 = DEFINITIONAL_REPRESENTATION('',(#7790),#7793);
#7790 = B_SPLINE_CURVE_WITH_KNOTS('',1,(#7791,#7792),.UNSPECIFIED.,.F.,
  .F.,(2,2),(2.622917062345,6.232917062345),.PIECEWISE_BEZIER_KNOTS.);
#7791 = CARTESIAN_POINT('',(-1.499165875311,-0.832555060323));
#7792 = CARTESIAN_POINT('',(2.110834124689,-0.832555060323));
#7793 = ( GEOMETRIC_REPRESENTATION_CONTEXT(2) 
PARAMETRIC_REPRESENTATION_CONTEXT() REPRESENTATION_CONTEXT('2D SPACE',''
  ) );
#7794 = ORIENTED_EDGE('',*,*,#7795,.T.);
#7795 = EDGE_CURVE('',#7770,#7508,#7796,.T.);
#7796 = SURFACE_CURVE('',#7797,(#7801,#7807),.PCURVE_S1.);
#7797 = LINE('',#7798,#7799);
#7798 = CARTESIAN_POINT('',(18.1,42.2,11.505));
#7799 = VECTOR('',#7800,1.);
#7800 = DIRECTION('',(1.,0.,0.));
#7801 = PCURVE('',#4765,#7802);
#7802 = DEFINITIONAL_REPRESENTATION('',(#7803),#7806);
#7803 = B_SPLINE_CURVE_WITH_KNOTS('',1,(#7804,#7805),.UNSPECIFIED.,.F.,
  .F.,(2,2),(-8.1,-0.1),.PIECEWISE_BEZIER_KNOTS.);
#7804 = CARTESIAN_POINT('',(16.2,-8.505));
#7805 = CARTESIAN_POINT('',(8.2,-8.505));
#7806 = ( GEOMETRIC_REPRESENTATION_CONTEXT(2) 
PARAMETRIC_REPRESENTATION_CONTEXT() REPRESENTATION_CONTEXT('2D SPACE',''
  ) );
#7807 = PCURVE('',#7808,#7813);
#7808 = PLANE('',#7809);
#7809 = AXIS2_PLACEMENT_3D('',#7810,#7811,#7812);
#7810 = CARTESIAN_POINT('',(10.,42.5,11.505));
#7811 = DIRECTION('',(0.,-0.,-1.));
#7812 = DIRECTION('',(-1.110223024625E-16,-1.,0.));
#7813 = DEFINITIONAL_REPRESENTATION('',(#7814),#7817);
#7814 = B_SPLINE_CURVE_WITH_KNOTS('',1,(#7815,#7816),.UNSPECIFIED.,.F.,
  .F.,(2,2),(-8.1,-0.1),.PIECEWISE_BEZIER_KNOTS.);
#7815 = CARTESIAN_POINT('',(0.3,0.));
#7816 = CARTESIAN_POINT('',(0.3,-8.));
#7817 = ( GEOMETRIC_REPRESENTATION_CONTEXT(2) 
PARAMETRIC_REPRESENTATION_CONTEXT() REPRESENTATION_CONTEXT('2D SPACE',''
  ) );
#7818 = ADVANCED_FACE('',(#7819),#4738,.F.);
#7819 = FACE_BOUND('',#7820,.F.);
#7820 = EDGE_LOOP('',(#7821,#7822,#7823,#7824));
#7821 = ORIENTED_EDGE('',*,*,#7482,.F.);
#7822 = ORIENTED_EDGE('',*,*,#5553,.T.);
#7823 = ORIENTED_EDGE('',*,*,#6919,.T.);
#7824 = ORIENTED_EDGE('',*,*,#4721,.F.);
#7825 = ADVANCED_FACE('',(#7826),#4852,.F.);
#7826 = FACE_BOUND('',#7827,.T.);
#7827 = EDGE_LOOP('',(#7828,#7857,#7878,#7879));
#7828 = ORIENTED_EDGE('',*,*,#7829,.F.);
#7829 = EDGE_CURVE('',#7830,#7830,#7832,.T.);
#7830 = VERTEX_POINT('',#7831);
#7831 = CARTESIAN_POINT('',(30.25,0.,25.34));
#7832 = SURFACE_CURVE('',#7833,(#7838,#7845),.PCURVE_S1.);
#7833 = CIRCLE('',#7834,1.25);
#7834 = AXIS2_PLACEMENT_3D('',#7835,#7836,#7837);
#7835 = CARTESIAN_POINT('',(29.,0.,25.34));
#7836 = DIRECTION('',(0.,0.,1.));
#7837 = DIRECTION('',(1.,0.,0.));
#7838 = PCURVE('',#4852,#7839);
#7839 = DEFINITIONAL_REPRESENTATION('',(#7840),#7844);
#7840 = LINE('',#7841,#7842);
#7841 = CARTESIAN_POINT('',(-0.,0.));
#7842 = VECTOR('',#7843,1.);
#7843 = DIRECTION('',(-1.,0.));
#7844 = ( GEOMETRIC_REPRESENTATION_CONTEXT(2) 
PARAMETRIC_REPRESENTATION_CONTEXT() REPRESENTATION_CONTEXT('2D SPACE',''
  ) );
#7845 = PCURVE('',#7846,#7851);
#7846 = PLANE('',#7847);
#7847 = AXIS2_PLACEMENT_3D('',#7848,#7849,#7850);
#7848 = CARTESIAN_POINT('',(29.,1.73450566625E-17,25.34));
#7849 = DIRECTION('',(0.,0.,1.));
#7850 = DIRECTION('',(1.,0.,-0.));
#7851 = DEFINITIONAL_REPRESENTATION('',(#7852),#7856);
#7852 = CIRCLE('',#7853,1.25);
#7853 = AXIS2_PLACEMENT_2D('',#7854,#7855);
#7854 = CARTESIAN_POINT('',(0.,-1.73450566625E-17));
#7855 = DIRECTION('',(1.,0.));
#7856 = ( GEOMETRIC_REPRESENTATION_CONTEXT(2) 
PARAMETRIC_REPRESENTATION_CONTEXT() REPRESENTATION_CONTEXT('2D SPACE',''
  ) );
#7857 = ORIENTED_EDGE('',*,*,#7858,.T.);
#7858 = EDGE_CURVE('',#7830,#4832,#7859,.T.);
#7859 = SEAM_CURVE('',#7860,(#7864,#7871),.PCURVE_S1.);
#7860 = LINE('',#7861,#7862);
#7861 = CARTESIAN_POINT('',(30.25,0.,25.34));
#7862 = VECTOR('',#7863,1.);
#7863 = DIRECTION('',(0.,0.,1.));
#7864 = PCURVE('',#4852,#7865);
#7865 = DEFINITIONAL_REPRESENTATION('',(#7866),#7870);
#7866 = LINE('',#7867,#7868);
#7867 = CARTESIAN_POINT('',(-6.28318530718,0.));
#7868 = VECTOR('',#7869,1.);
#7869 = DIRECTION('',(-0.,-1.));
#7870 = ( GEOMETRIC_REPRESENTATION_CONTEXT(2) 
PARAMETRIC_REPRESENTATION_CONTEXT() REPRESENTATION_CONTEXT('2D SPACE',''
  ) );
#7871 = PCURVE('',#4852,#7872);
#7872 = DEFINITIONAL_REPRESENTATION('',(#7873),#7877);
#7873 = LINE('',#7874,#7875);
#7874 = CARTESIAN_POINT('',(-0.,0.));
#7875 = VECTOR('',#7876,1.);
#7876 = DIRECTION('',(-0.,-1.));
#7877 = ( GEOMETRIC_REPRESENTATION_CONTEXT(2) 
PARAMETRIC_REPRESENTATION_CONTEXT() REPRESENTATION_CONTEXT('2D SPACE',''
  ) );
#7878 = ORIENTED_EDGE('',*,*,#4831,.F.);
#7879 = ORIENTED_EDGE('',*,*,#7858,.F.);
#7880 = ADVANCED_FACE('',(#7881),#4887,.F.);
#7881 = FACE_BOUND('',#7882,.T.);
#7882 = EDGE_LOOP('',(#7883,#7912,#7933,#7934));
#7883 = ORIENTED_EDGE('',*,*,#7884,.F.);
#7884 = EDGE_CURVE('',#7885,#7885,#7887,.T.);
#7885 = VERTEX_POINT('',#7886);
#7886 = CARTESIAN_POINT('',(1.25,45.,25.34));
#7887 = SURFACE_CURVE('',#7888,(#7893,#7900),.PCURVE_S1.);
#7888 = CIRCLE('',#7889,1.25);
#7889 = AXIS2_PLACEMENT_3D('',#7890,#7891,#7892);
#7890 = CARTESIAN_POINT('',(0.,45.,25.34));
#7891 = DIRECTION('',(0.,0.,1.));
#7892 = DIRECTION('',(1.,0.,0.));
#7893 = PCURVE('',#4887,#7894);
#7894 = DEFINITIONAL_REPRESENTATION('',(#7895),#7899);
#7895 = LINE('',#7896,#7897);
#7896 = CARTESIAN_POINT('',(-0.,0.));
#7897 = VECTOR('',#7898,1.);
#7898 = DIRECTION('',(-1.,0.));
#7899 = ( GEOMETRIC_REPRESENTATION_CONTEXT(2) 
PARAMETRIC_REPRESENTATION_CONTEXT() REPRESENTATION_CONTEXT('2D SPACE',''
  ) );
#7900 = PCURVE('',#7901,#7906);
#7901 = PLANE('',#7902);
#7902 = AXIS2_PLACEMENT_3D('',#7903,#7904,#7905);
#7903 = CARTESIAN_POINT('',(-6.837200662697E-17,45.,25.34));
#7904 = DIRECTION('',(0.,0.,1.));
#7905 = DIRECTION('',(1.,0.,-0.));
#7906 = DEFINITIONAL_REPRESENTATION('',(#7907),#7911);
#7907 = CIRCLE('',#7908,1.25);
#7908 = AXIS2_PLACEMENT_2D('',#7909,#7910);
#7909 = CARTESIAN_POINT('',(6.837200662697E-17,0.));
#7910 = DIRECTION('',(1.,0.));
#7911 = ( GEOMETRIC_REPRESENTATION_CONTEXT(2) 
PARAMETRIC_REPRESENTATION_CONTEXT() REPRESENTATION_CONTEXT('2D SPACE',''
  ) );
#7912 = ORIENTED_EDGE('',*,*,#7913,.T.);
#7913 = EDGE_CURVE('',#7885,#4867,#7914,.T.);
#7914 = SEAM_CURVE('',#7915,(#7919,#7926),.PCURVE_S1.);
#7915 = LINE('',#7916,#7917);
#7916 = CARTESIAN_POINT('',(1.25,45.,25.34));
#7917 = VECTOR('',#7918,1.);
#7918 = DIRECTION('',(0.,0.,1.));
#7919 = PCURVE('',#4887,#7920);
#7920 = DEFINITIONAL_REPRESENTATION('',(#7921),#7925);
#7921 = LINE('',#7922,#7923);
#7922 = CARTESIAN_POINT('',(-6.28318530718,0.));
#7923 = VECTOR('',#7924,1.);
#7924 = DIRECTION('',(-0.,-1.));
#7925 = ( GEOMETRIC_REPRESENTATION_CONTEXT(2) 
PARAMETRIC_REPRESENTATION_CONTEXT() REPRESENTATION_CONTEXT('2D SPACE',''
  ) );
#7926 = PCURVE('',#4887,#7927);
#7927 = DEFINITIONAL_REPRESENTATION('',(#7928),#7932);
#7928 = LINE('',#7929,#7930);
#7929 = CARTESIAN_POINT('',(-0.,0.));
#7930 = VECTOR('',#7931,1.);
#7931 = DIRECTION('',(-0.,-1.));
#7932 = ( GEOMETRIC_REPRESENTATION_CONTEXT(2) 
PARAMETRIC_REPRESENTATION_CONTEXT() REPRESENTATION_CONTEXT('2D SPACE',''
  ) );
#7933 = ORIENTED_EDGE('',*,*,#4866,.F.);
#7934 = ORIENTED_EDGE('',*,*,#7913,.F.);
#7935 = ADVANCED_FACE('',(#7936),#4922,.F.);
#7936 = FACE_BOUND('',#7937,.T.);
#7937 = EDGE_LOOP('',(#7938,#7967,#7988,#7989));
#7938 = ORIENTED_EDGE('',*,*,#7939,.F.);
#7939 = EDGE_CURVE('',#7940,#7940,#7942,.T.);
#7940 = VERTEX_POINT('',#7941);
#7941 = CARTESIAN_POINT('',(30.25,42.5,25.34));
#7942 = SURFACE_CURVE('',#7943,(#7948,#7955),.PCURVE_S1.);
#7943 = CIRCLE('',#7944,1.25);
#7944 = AXIS2_PLACEMENT_3D('',#7945,#7946,#7947);
#7945 = CARTESIAN_POINT('',(29.,42.5,25.34));
#7946 = DIRECTION('',(0.,0.,1.));
#7947 = DIRECTION('',(1.,0.,0.));
#7948 = PCURVE('',#4922,#7949);
#7949 = DEFINITIONAL_REPRESENTATION('',(#7950),#7954);
#7950 = LINE('',#7951,#7952);
#7951 = CARTESIAN_POINT('',(-0.,0.));
#7952 = VECTOR('',#7953,1.);
#7953 = DIRECTION('',(-1.,0.));
#7954 = ( GEOMETRIC_REPRESENTATION_CONTEXT(2) 
PARAMETRIC_REPRESENTATION_CONTEXT() REPRESENTATION_CONTEXT('2D SPACE',''
  ) );
#7955 = PCURVE('',#7956,#7961);
#7956 = PLANE('',#7957);
#7957 = AXIS2_PLACEMENT_3D('',#7958,#7959,#7960);
#7958 = CARTESIAN_POINT('',(29.,42.5,25.34));
#7959 = DIRECTION('',(0.,0.,1.));
#7960 = DIRECTION('',(1.,0.,-0.));
#7961 = DEFINITIONAL_REPRESENTATION('',(#7962),#7966);
#7962 = CIRCLE('',#7963,1.25);
#7963 = AXIS2_PLACEMENT_2D('',#7964,#7965);
#7964 = CARTESIAN_POINT('',(0.,0.));
#7965 = DIRECTION('',(1.,0.));
#7966 = ( GEOMETRIC_REPRESENTATION_CONTEXT(2) 
PARAMETRIC_REPRESENTATION_CONTEXT() REPRESENTATION_CONTEXT('2D SPACE',''
  ) );
#7967 = ORIENTED_EDGE('',*,*,#7968,.T.);
#7968 = EDGE_CURVE('',#7940,#4902,#7969,.T.);
#7969 = SEAM_CURVE('',#7970,(#7974,#7981),.PCURVE_S1.);
#7970 = LINE('',#7971,#7972);
#7971 = CARTESIAN_POINT('',(30.25,42.5,25.34));
#7972 = VECTOR('',#7973,1.);
#7973 = DIRECTION('',(0.,0.,1.));
#7974 = PCURVE('',#4922,#7975);
#7975 = DEFINITIONAL_REPRESENTATION('',(#7976),#7980);
#7976 = LINE('',#7977,#7978);
#7977 = CARTESIAN_POINT('',(-6.28318530718,0.));
#7978 = VECTOR('',#7979,1.);
#7979 = DIRECTION('',(-0.,-1.));
#7980 = ( GEOMETRIC_REPRESENTATION_CONTEXT(2) 
PARAMETRIC_REPRESENTATION_CONTEXT() REPRESENTATION_CONTEXT('2D SPACE',''
  ) );
#7981 = PCURVE('',#4922,#7982);
#7982 = DEFINITIONAL_REPRESENTATION('',(#7983),#7987);
#7983 = LINE('',#7984,#7985);
#7984 = CARTESIAN_POINT('',(-0.,0.));
#7985 = VECTOR('',#7986,1.);
#7986 = DIRECTION('',(-0.,-1.));
#7987 = ( GEOMETRIC_REPRESENTATION_CONTEXT(2) 
PARAMETRIC_REPRESENTATION_CONTEXT() REPRESENTATION_CONTEXT('2D SPACE',''
  ) );
#7988 = ORIENTED_EDGE('',*,*,#4901,.F.);
#7989 = ORIENTED_EDGE('',*,*,#7968,.F.);
#7990 = ADVANCED_FACE('',(#7991,#8017),#4956,.T.);
#7991 = FACE_BOUND('',#7992,.T.);
#7992 = EDGE_LOOP('',(#7993));
#7993 = ORIENTED_EDGE('',*,*,#7994,.T.);
#7994 = EDGE_CURVE('',#7995,#7995,#7997,.T.);
#7995 = VERTEX_POINT('',#7996);
#7996 = CARTESIAN_POINT('',(4.,-48.2,17.));
#7997 = SURFACE_CURVE('',#7998,(#8003,#8010),.PCURVE_S1.);
#7998 = CIRCLE('',#7999,4.);
#7999 = AXIS2_PLACEMENT_3D('',#8000,#8001,#8002);
#8000 = CARTESIAN_POINT('',(4.,-48.2,13.));
#8001 = DIRECTION('',(0.,1.,0.));
#8002 = DIRECTION('',(0.,-0.,1.));
#8003 = PCURVE('',#4956,#8004);
#8004 = DEFINITIONAL_REPRESENTATION('',(#8005),#8009);
#8005 = CIRCLE('',#8006,4.);
#8006 = AXIS2_PLACEMENT_2D('',#8007,#8008);
#8007 = CARTESIAN_POINT('',(0.,0.));
#8008 = DIRECTION('',(1.,0.));
#8009 = ( GEOMETRIC_REPRESENTATION_CONTEXT(2) 
PARAMETRIC_REPRESENTATION_CONTEXT() REPRESENTATION_CONTEXT('2D SPACE',''
  ) );
#8010 = PCURVE('',#6004,#8011);
#8011 = DEFINITIONAL_REPRESENTATION('',(#8012),#8016);
#8012 = LINE('',#8013,#8014);
#8013 = CARTESIAN_POINT('',(0.,0.));
#8014 = VECTOR('',#8015,1.);
#8015 = DIRECTION('',(1.,0.));
#8016 = ( GEOMETRIC_REPRESENTATION_CONTEXT(2) 
PARAMETRIC_REPRESENTATION_CONTEXT() REPRESENTATION_CONTEXT('2D SPACE',''
  ) );
#8017 = FACE_BOUND('',#8018,.T.);
#8018 = EDGE_LOOP('',(#8019,#8020,#8021));
#8019 = ORIENTED_EDGE('',*,*,#4937,.F.);
#8020 = ORIENTED_EDGE('',*,*,#5061,.F.);
#8021 = ORIENTED_EDGE('',*,*,#5014,.F.);
#8022 = ADVANCED_FACE('',(#8023),#5151,.F.);
#8023 = FACE_BOUND('',#8024,.F.);
#8024 = EDGE_LOOP('',(#8025));
#8025 = ORIENTED_EDGE('',*,*,#5136,.T.);
#8026 = ADVANCED_FACE('',(#8027),#5263,.T.);
#8027 = FACE_BOUND('',#8028,.F.);
#8028 = EDGE_LOOP('',(#8029));
#8029 = ORIENTED_EDGE('',*,*,#5248,.F.);
#8030 = ADVANCED_FACE('',(#8031),#5299,.T.);
#8031 = FACE_BOUND('',#8032,.T.);
#8032 = EDGE_LOOP('',(#8033,#8034,#8055,#8056));
#8033 = ORIENTED_EDGE('',*,*,#6579,.F.);
#8034 = ORIENTED_EDGE('',*,*,#8035,.T.);
#8035 = EDGE_CURVE('',#6580,#5283,#8036,.T.);
#8036 = SURFACE_CURVE('',#8037,(#8041,#8048),.PCURVE_S1.);
#8037 = LINE('',#8038,#8039);
#8038 = CARTESIAN_POINT('',(25.2,18.,16.242640687119));
#8039 = VECTOR('',#8040,1.);
#8040 = DIRECTION('',(1.,0.,0.));
#8041 = PCURVE('',#5299,#8042);
#8042 = DEFINITIONAL_REPRESENTATION('',(#8043),#8047);
#8043 = LINE('',#8044,#8045);
#8044 = CARTESIAN_POINT('',(0.,0.));
#8045 = VECTOR('',#8046,1.);
#8046 = DIRECTION('',(0.,-1.));
#8047 = ( GEOMETRIC_REPRESENTATION_CONTEXT(2) 
PARAMETRIC_REPRESENTATION_CONTEXT() REPRESENTATION_CONTEXT('2D SPACE',''
  ) );
#8048 = PCURVE('',#5325,#8049);
#8049 = DEFINITIONAL_REPRESENTATION('',(#8050),#8054);
#8050 = LINE('',#8051,#8052);
#8051 = CARTESIAN_POINT('',(3.,0.));
#8052 = VECTOR('',#8053,1.);
#8053 = DIRECTION('',(0.,-1.));
#8054 = ( GEOMETRIC_REPRESENTATION_CONTEXT(2) 
PARAMETRIC_REPRESENTATION_CONTEXT() REPRESENTATION_CONTEXT('2D SPACE',''
  ) );
#8055 = ORIENTED_EDGE('',*,*,#5282,.T.);
#8056 = ORIENTED_EDGE('',*,*,#8057,.F.);
#8057 = EDGE_CURVE('',#6582,#5285,#8058,.T.);
#8058 = SURFACE_CURVE('',#8059,(#8063,#8070),.PCURVE_S1.);
#8059 = LINE('',#8060,#8061);
#8060 = CARTESIAN_POINT('',(25.2,15.87867965644,14.12132034356));
#8061 = VECTOR('',#8062,1.);
#8062 = DIRECTION('',(1.,0.,0.));
#8063 = PCURVE('',#5299,#8064);
#8064 = DEFINITIONAL_REPRESENTATION('',(#8065),#8069);
#8065 = LINE('',#8066,#8067);
#8066 = CARTESIAN_POINT('',(3.,0.));
#8067 = VECTOR('',#8068,1.);
#8068 = DIRECTION('',(0.,-1.));
#8069 = ( GEOMETRIC_REPRESENTATION_CONTEXT(2) 
PARAMETRIC_REPRESENTATION_CONTEXT() REPRESENTATION_CONTEXT('2D SPACE',''
  ) );
#8070 = PCURVE('',#5351,#8071);
#8071 = DEFINITIONAL_REPRESENTATION('',(#8072),#8076);
#8072 = LINE('',#8073,#8074);
#8073 = CARTESIAN_POINT('',(0.785398163397,0.));
#8074 = VECTOR('',#8075,1.);
#8075 = DIRECTION('',(0.,1.));
#8076 = ( GEOMETRIC_REPRESENTATION_CONTEXT(2) 
PARAMETRIC_REPRESENTATION_CONTEXT() REPRESENTATION_CONTEXT('2D SPACE',''
  ) );
#8077 = ADVANCED_FACE('',(#8078),#5351,.F.);
#8078 = FACE_BOUND('',#8079,.F.);
#8079 = EDGE_LOOP('',(#8080,#8081,#8082,#8083));
#8080 = ORIENTED_EDGE('',*,*,#5336,.F.);
#8081 = ORIENTED_EDGE('',*,*,#8057,.F.);
#8082 = ORIENTED_EDGE('',*,*,#6602,.T.);
#8083 = ORIENTED_EDGE('',*,*,#8084,.T.);
#8084 = EDGE_CURVE('',#6603,#5311,#8085,.T.);
#8085 = SURFACE_CURVE('',#8086,(#8090,#8097),.PCURVE_S1.);
#8086 = LINE('',#8087,#8088);
#8087 = CARTESIAN_POINT('',(25.2,20.12132034356,14.12132034356));
#8088 = VECTOR('',#8089,1.);
#8089 = DIRECTION('',(1.,0.,0.));
#8090 = PCURVE('',#5351,#8091);
#8091 = DEFINITIONAL_REPRESENTATION('',(#8092),#8096);
#8092 = LINE('',#8093,#8094);
#8093 = CARTESIAN_POINT('',(5.497787143782,0.));
#8094 = VECTOR('',#8095,1.);
#8095 = DIRECTION('',(0.,1.));
#8096 = ( GEOMETRIC_REPRESENTATION_CONTEXT(2) 
PARAMETRIC_REPRESENTATION_CONTEXT() REPRESENTATION_CONTEXT('2D SPACE',''
  ) );
#8097 = PCURVE('',#5325,#8098);
#8098 = DEFINITIONAL_REPRESENTATION('',(#8099),#8103);
#8099 = LINE('',#8100,#8101);
#8100 = CARTESIAN_POINT('',(0.,0.));
#8101 = VECTOR('',#8102,1.);
#8102 = DIRECTION('',(0.,-1.));
#8103 = ( GEOMETRIC_REPRESENTATION_CONTEXT(2) 
PARAMETRIC_REPRESENTATION_CONTEXT() REPRESENTATION_CONTEXT('2D SPACE',''
  ) );
#8104 = ADVANCED_FACE('',(#8105),#5325,.T.);
#8105 = FACE_BOUND('',#8106,.T.);
#8106 = EDGE_LOOP('',(#8107,#8108,#8109,#8110));
#8107 = ORIENTED_EDGE('',*,*,#6630,.F.);
#8108 = ORIENTED_EDGE('',*,*,#8084,.T.);
#8109 = ORIENTED_EDGE('',*,*,#5310,.T.);
#8110 = ORIENTED_EDGE('',*,*,#8035,.F.);
#8111 = ADVANCED_FACE('',(#8112),#5656,.T.);
#8112 = FACE_BOUND('',#8113,.T.);
#8113 = EDGE_LOOP('',(#8114));
#8114 = ORIENTED_EDGE('',*,*,#5639,.T.);
#8115 = ADVANCED_FACE('',(#8116),#5711,.T.);
#8116 = FACE_BOUND('',#8117,.T.);
#8117 = EDGE_LOOP('',(#8118));
#8118 = ORIENTED_EDGE('',*,*,#5694,.T.);
#8119 = ADVANCED_FACE('',(#8120),#5766,.T.);
#8120 = FACE_BOUND('',#8121,.T.);
#8121 = EDGE_LOOP('',(#8122));
#8122 = ORIENTED_EDGE('',*,*,#5749,.T.);
#8123 = ADVANCED_FACE('',(#8124),#5821,.T.);
#8124 = FACE_BOUND('',#8125,.T.);
#8125 = EDGE_LOOP('',(#8126));
#8126 = ORIENTED_EDGE('',*,*,#5804,.T.);
#8127 = ADVANCED_FACE('',(#8128),#5876,.T.);
#8128 = FACE_BOUND('',#8129,.T.);
#8129 = EDGE_LOOP('',(#8130));
#8130 = ORIENTED_EDGE('',*,*,#5859,.T.);
#8131 = ADVANCED_FACE('',(#8132),#6004,.F.);
#8132 = FACE_BOUND('',#8133,.F.);
#8133 = EDGE_LOOP('',(#8134,#8135,#8156,#8157));
#8134 = ORIENTED_EDGE('',*,*,#5987,.F.);
#8135 = ORIENTED_EDGE('',*,*,#8136,.F.);
#8136 = EDGE_CURVE('',#7995,#5988,#8137,.T.);
#8137 = SEAM_CURVE('',#8138,(#8142,#8149),.PCURVE_S1.);
#8138 = LINE('',#8139,#8140);
#8139 = CARTESIAN_POINT('',(4.,-48.2,17.));
#8140 = VECTOR('',#8141,1.);
#8141 = DIRECTION('',(0.,1.,0.));
#8142 = PCURVE('',#6004,#8143);
#8143 = DEFINITIONAL_REPRESENTATION('',(#8144),#8148);
#8144 = LINE('',#8145,#8146);
#8145 = CARTESIAN_POINT('',(6.28318530718,-0.));
#8146 = VECTOR('',#8147,1.);
#8147 = DIRECTION('',(0.,1.));
#8148 = ( GEOMETRIC_REPRESENTATION_CONTEXT(2) 
PARAMETRIC_REPRESENTATION_CONTEXT() REPRESENTATION_CONTEXT('2D SPACE',''
  ) );
#8149 = PCURVE('',#6004,#8150);
#8150 = DEFINITIONAL_REPRESENTATION('',(#8151),#8155);
#8151 = LINE('',#8152,#8153);
#8152 = CARTESIAN_POINT('',(0.,-0.));
#8153 = VECTOR('',#8154,1.);
#8154 = DIRECTION('',(0.,1.));
#8155 = ( GEOMETRIC_REPRESENTATION_CONTEXT(2) 
PARAMETRIC_REPRESENTATION_CONTEXT() REPRESENTATION_CONTEXT('2D SPACE',''
  ) );
#8156 = ORIENTED_EDGE('',*,*,#7994,.T.);
#8157 = ORIENTED_EDGE('',*,*,#8136,.T.);
#8158 = ADVANCED_FACE('',(#8159),#6035,.F.);
#8159 = FACE_BOUND('',#8160,.F.);
#8160 = EDGE_LOOP('',(#8161,#8162,#8185,#8213,#8241));
#8161 = ORIENTED_EDGE('',*,*,#6018,.T.);
#8162 = ORIENTED_EDGE('',*,*,#8163,.T.);
#8163 = EDGE_CURVE('',#6021,#8164,#8166,.T.);
#8164 = VERTEX_POINT('',#8165);
#8165 = CARTESIAN_POINT('',(-18.,-41.3,4.495));
#8166 = SURFACE_CURVE('',#8167,(#8171,#8178),.PCURVE_S1.);
#8167 = LINE('',#8168,#8169);
#8168 = CARTESIAN_POINT('',(-18.,-43.3,4.495));
#8169 = VECTOR('',#8170,1.);
#8170 = DIRECTION('',(1.110223024625E-16,1.,0.));
#8171 = PCURVE('',#6035,#8172);
#8172 = DEFINITIONAL_REPRESENTATION('',(#8173),#8177);
#8173 = LINE('',#8174,#8175);
#8174 = CARTESIAN_POINT('',(3.237104637337,-1.));
#8175 = VECTOR('',#8176,1.);
#8176 = DIRECTION('',(0.,1.));
#8177 = ( GEOMETRIC_REPRESENTATION_CONTEXT(2) 
PARAMETRIC_REPRESENTATION_CONTEXT() REPRESENTATION_CONTEXT('2D SPACE',''
  ) );
#8178 = PCURVE('',#6061,#8179);
#8179 = DEFINITIONAL_REPRESENTATION('',(#8180),#8184);
#8180 = LINE('',#8181,#8182);
#8181 = CARTESIAN_POINT('',(0.,0.));
#8182 = VECTOR('',#8183,1.);
#8183 = DIRECTION('',(1.,0.));
#8184 = ( GEOMETRIC_REPRESENTATION_CONTEXT(2) 
PARAMETRIC_REPRESENTATION_CONTEXT() REPRESENTATION_CONTEXT('2D SPACE',''
  ) );
#8185 = ORIENTED_EDGE('',*,*,#8186,.T.);
#8186 = EDGE_CURVE('',#8164,#8187,#8189,.T.);
#8187 = VERTEX_POINT('',#8188);
#8188 = CARTESIAN_POINT('',(-18.,-41.3,10.005));
#8189 = SURFACE_CURVE('',#8190,(#8194,#8201),.PCURVE_S1.);
#8190 = LINE('',#8191,#8192);
#8191 = CARTESIAN_POINT('',(-18.,-41.3,4.495));
#8192 = VECTOR('',#8193,1.);
#8193 = DIRECTION('',(0.,0.,1.));
#8194 = PCURVE('',#6035,#8195);
#8195 = DEFINITIONAL_REPRESENTATION('',(#8196),#8200);
#8196 = LINE('',#8197,#8198);
#8197 = CARTESIAN_POINT('',(3.237104637337,1.));
#8198 = VECTOR('',#8199,1.);
#8199 = DIRECTION('',(-1.,0.));
#8200 = ( GEOMETRIC_REPRESENTATION_CONTEXT(2) 
PARAMETRIC_REPRESENTATION_CONTEXT() REPRESENTATION_CONTEXT('2D SPACE',''
  ) );
#8201 = PCURVE('',#8202,#8207);
#8202 = PLANE('',#8203);
#8203 = AXIS2_PLACEMENT_3D('',#8204,#8205,#8206);
#8204 = CARTESIAN_POINT('',(-18.,-41.3,4.495));
#8205 = DIRECTION('',(-1.110223024625E-16,-1.,0.));
#8206 = DIRECTION('',(0.,0.,1.));
#8207 = DEFINITIONAL_REPRESENTATION('',(#8208),#8212);
#8208 = LINE('',#8209,#8210);
#8209 = CARTESIAN_POINT('',(0.,0.));
#8210 = VECTOR('',#8211,1.);
#8211 = DIRECTION('',(1.,0.));
#8212 = ( GEOMETRIC_REPRESENTATION_CONTEXT(2) 
PARAMETRIC_REPRESENTATION_CONTEXT() REPRESENTATION_CONTEXT('2D SPACE',''
  ) );
#8213 = ORIENTED_EDGE('',*,*,#8214,.T.);
#8214 = EDGE_CURVE('',#8187,#8215,#8217,.T.);
#8215 = VERTEX_POINT('',#8216);
#8216 = CARTESIAN_POINT('',(-18.,-42.1,11.505));
#8217 = SURFACE_CURVE('',#8218,(#8222,#8229),.PCURVE_S1.);
#8218 = LINE('',#8219,#8220);
#8219 = CARTESIAN_POINT('',(-18.,-41.3,10.005));
#8220 = VECTOR('',#8221,1.);
#8221 = DIRECTION('',(-5.224578939413E-17,-0.470588235294,0.882352941176
    ));
#8222 = PCURVE('',#6035,#8223);
#8223 = DEFINITIONAL_REPRESENTATION('',(#8224),#8228);
#8224 = LINE('',#8225,#8226);
#8225 = CARTESIAN_POINT('',(-2.272895362663,1.));
#8226 = VECTOR('',#8227,1.);
#8227 = DIRECTION('',(-0.882352941176,-0.470588235294));
#8228 = ( GEOMETRIC_REPRESENTATION_CONTEXT(2) 
PARAMETRIC_REPRESENTATION_CONTEXT() REPRESENTATION_CONTEXT('2D SPACE',''
  ) );
#8229 = PCURVE('',#8230,#8235);
#8230 = PLANE('',#8231);
#8231 = AXIS2_PLACEMENT_3D('',#8232,#8233,#8234);
#8232 = CARTESIAN_POINT('',(-18.,-41.3,10.005));
#8233 = DIRECTION('',(-9.796085511398E-17,-0.882352941176,
    -0.470588235294));
#8234 = DIRECTION('',(-5.224578939413E-17,-0.470588235294,0.882352941176
    ));
#8235 = DEFINITIONAL_REPRESENTATION('',(#8236),#8240);
#8236 = LINE('',#8237,#8238);
#8237 = CARTESIAN_POINT('',(0.,0.));
#8238 = VECTOR('',#8239,1.);
#8239 = DIRECTION('',(1.,0.));
#8240 = ( GEOMETRIC_REPRESENTATION_CONTEXT(2) 
PARAMETRIC_REPRESENTATION_CONTEXT() REPRESENTATION_CONTEXT('2D SPACE',''
  ) );
#8241 = ORIENTED_EDGE('',*,*,#8242,.T.);
#8242 = EDGE_CURVE('',#8215,#6019,#8243,.T.);
#8243 = SURFACE_CURVE('',#8244,(#8248,#8255),.PCURVE_S1.);
#8244 = LINE('',#8245,#8246);
#8245 = CARTESIAN_POINT('',(-18.,-42.1,11.505));
#8246 = VECTOR('',#8247,1.);
#8247 = DIRECTION('',(-1.110223024625E-16,-1.,0.));
#8248 = PCURVE('',#6035,#8249);
#8249 = DEFINITIONAL_REPRESENTATION('',(#8250),#8254);
#8250 = LINE('',#8251,#8252);
#8251 = CARTESIAN_POINT('',(-3.772895362663,0.2));
#8252 = VECTOR('',#8253,1.);
#8253 = DIRECTION('',(-0.,-1.));
#8254 = ( GEOMETRIC_REPRESENTATION_CONTEXT(2) 
PARAMETRIC_REPRESENTATION_CONTEXT() REPRESENTATION_CONTEXT('2D SPACE',''
  ) );
#8255 = PCURVE('',#6111,#8256);
#8256 = DEFINITIONAL_REPRESENTATION('',(#8257),#8261);
#8257 = LINE('',#8258,#8259);
#8258 = CARTESIAN_POINT('',(0.,0.));
#8259 = VECTOR('',#8260,1.);
#8260 = DIRECTION('',(1.,0.));
#8261 = ( GEOMETRIC_REPRESENTATION_CONTEXT(2) 
PARAMETRIC_REPRESENTATION_CONTEXT() REPRESENTATION_CONTEXT('2D SPACE',''
  ) );
#8262 = ADVANCED_FACE('',(#8263),#6111,.F.);
#8263 = FACE_BOUND('',#8264,.F.);
#8264 = EDGE_LOOP('',(#8265,#8266,#8289,#8310));
#8265 = ORIENTED_EDGE('',*,*,#8242,.F.);
#8266 = ORIENTED_EDGE('',*,*,#8267,.T.);
#8267 = EDGE_CURVE('',#8215,#8268,#8270,.T.);
#8268 = VERTEX_POINT('',#8269);
#8269 = CARTESIAN_POINT('',(-10.,-42.1,11.505));
#8270 = SURFACE_CURVE('',#8271,(#8275,#8282),.PCURVE_S1.);
#8271 = LINE('',#8272,#8273);
#8272 = CARTESIAN_POINT('',(-18.,-42.1,11.505));
#8273 = VECTOR('',#8274,1.);
#8274 = DIRECTION('',(1.,-1.110223024625E-16,0.));
#8275 = PCURVE('',#6111,#8276);
#8276 = DEFINITIONAL_REPRESENTATION('',(#8277),#8281);
#8277 = LINE('',#8278,#8279);
#8278 = CARTESIAN_POINT('',(0.,0.));
#8279 = VECTOR('',#8280,1.);
#8280 = DIRECTION('',(0.,-1.));
#8281 = ( GEOMETRIC_REPRESENTATION_CONTEXT(2) 
PARAMETRIC_REPRESENTATION_CONTEXT() REPRESENTATION_CONTEXT('2D SPACE',''
  ) );
#8282 = PCURVE('',#8230,#8283);
#8283 = DEFINITIONAL_REPRESENTATION('',(#8284),#8288);
#8284 = LINE('',#8285,#8286);
#8285 = CARTESIAN_POINT('',(1.7,-8.881784197001E-17));
#8286 = VECTOR('',#8287,1.);
#8287 = DIRECTION('',(0.,-1.));
#8288 = ( GEOMETRIC_REPRESENTATION_CONTEXT(2) 
PARAMETRIC_REPRESENTATION_CONTEXT() REPRESENTATION_CONTEXT('2D SPACE',''
  ) );
#8289 = ORIENTED_EDGE('',*,*,#8290,.T.);
#8290 = EDGE_CURVE('',#8268,#6073,#8291,.T.);
#8291 = SURFACE_CURVE('',#8292,(#8296,#8303),.PCURVE_S1.);
#8292 = LINE('',#8293,#8294);
#8293 = CARTESIAN_POINT('',(-10.,-42.1,11.505));
#8294 = VECTOR('',#8295,1.);
#8295 = DIRECTION('',(-1.110223024625E-16,-1.,0.));
#8296 = PCURVE('',#6111,#8297);
#8297 = DEFINITIONAL_REPRESENTATION('',(#8298),#8302);
#8298 = LINE('',#8299,#8300);
#8299 = CARTESIAN_POINT('',(-8.881784197001E-16,-8.));
#8300 = VECTOR('',#8301,1.);
#8301 = DIRECTION('',(1.,0.));
#8302 = ( GEOMETRIC_REPRESENTATION_CONTEXT(2) 
PARAMETRIC_REPRESENTATION_CONTEXT() REPRESENTATION_CONTEXT('2D SPACE',''
  ) );
#8303 = PCURVE('',#6087,#8304);
#8304 = DEFINITIONAL_REPRESENTATION('',(#8305),#8309);
#8305 = LINE('',#8306,#8307);
#8306 = CARTESIAN_POINT('',(-3.772895362663,0.2));
#8307 = VECTOR('',#8308,1.);
#8308 = DIRECTION('',(-0.,-1.));
#8309 = ( GEOMETRIC_REPRESENTATION_CONTEXT(2) 
PARAMETRIC_REPRESENTATION_CONTEXT() REPRESENTATION_CONTEXT('2D SPACE',''
  ) );
#8310 = ORIENTED_EDGE('',*,*,#6098,.T.);
#8311 = ADVANCED_FACE('',(#8312),#6061,.F.);
#8312 = FACE_BOUND('',#8313,.F.);
#8313 = EDGE_LOOP('',(#8314,#8315,#8316,#8339));
#8314 = ORIENTED_EDGE('',*,*,#8163,.F.);
#8315 = ORIENTED_EDGE('',*,*,#6046,.T.);
#8316 = ORIENTED_EDGE('',*,*,#8317,.T.);
#8317 = EDGE_CURVE('',#6047,#8318,#8320,.T.);
#8318 = VERTEX_POINT('',#8319);
#8319 = CARTESIAN_POINT('',(-10.,-41.3,4.495));
#8320 = SURFACE_CURVE('',#8321,(#8325,#8332),.PCURVE_S1.);
#8321 = LINE('',#8322,#8323);
#8322 = CARTESIAN_POINT('',(-10.,-43.3,4.495));
#8323 = VECTOR('',#8324,1.);
#8324 = DIRECTION('',(1.110223024625E-16,1.,0.));
#8325 = PCURVE('',#6061,#8326);
#8326 = DEFINITIONAL_REPRESENTATION('',(#8327),#8331);
#8327 = LINE('',#8328,#8329);
#8328 = CARTESIAN_POINT('',(8.881784197001E-16,-8.));
#8329 = VECTOR('',#8330,1.);
#8330 = DIRECTION('',(1.,0.));
#8331 = ( GEOMETRIC_REPRESENTATION_CONTEXT(2) 
PARAMETRIC_REPRESENTATION_CONTEXT() REPRESENTATION_CONTEXT('2D SPACE',''
  ) );
#8332 = PCURVE('',#6087,#8333);
#8333 = DEFINITIONAL_REPRESENTATION('',(#8334),#8338);
#8334 = LINE('',#8335,#8336);
#8335 = CARTESIAN_POINT('',(3.237104637337,-1.));
#8336 = VECTOR('',#8337,1.);
#8337 = DIRECTION('',(0.,1.));
#8338 = ( GEOMETRIC_REPRESENTATION_CONTEXT(2) 
PARAMETRIC_REPRESENTATION_CONTEXT() REPRESENTATION_CONTEXT('2D SPACE',''
  ) );
#8339 = ORIENTED_EDGE('',*,*,#8340,.F.);
#8340 = EDGE_CURVE('',#8164,#8318,#8341,.T.);
#8341 = SURFACE_CURVE('',#8342,(#8346,#8353),.PCURVE_S1.);
#8342 = LINE('',#8343,#8344);
#8343 = CARTESIAN_POINT('',(-18.,-41.3,4.495));
#8344 = VECTOR('',#8345,1.);
#8345 = DIRECTION('',(1.,-1.110223024625E-16,0.));
#8346 = PCURVE('',#6061,#8347);
#8347 = DEFINITIONAL_REPRESENTATION('',(#8348),#8352);
#8348 = LINE('',#8349,#8350);
#8349 = CARTESIAN_POINT('',(2.,2.22044604925E-16));
#8350 = VECTOR('',#8351,1.);
#8351 = DIRECTION('',(0.,-1.));
#8352 = ( GEOMETRIC_REPRESENTATION_CONTEXT(2) 
PARAMETRIC_REPRESENTATION_CONTEXT() REPRESENTATION_CONTEXT('2D SPACE',''
  ) );
#8353 = PCURVE('',#8202,#8354);
#8354 = DEFINITIONAL_REPRESENTATION('',(#8355),#8359);
#8355 = LINE('',#8356,#8357);
#8356 = CARTESIAN_POINT('',(0.,0.));
#8357 = VECTOR('',#8358,1.);
#8358 = DIRECTION('',(0.,-1.));
#8359 = ( GEOMETRIC_REPRESENTATION_CONTEXT(2) 
PARAMETRIC_REPRESENTATION_CONTEXT() REPRESENTATION_CONTEXT('2D SPACE',''
  ) );
#8360 = ADVANCED_FACE('',(#8361),#6087,.T.);
#8361 = FACE_BOUND('',#8362,.T.);
#8362 = EDGE_LOOP('',(#8363,#8364,#8365,#8388,#8409));
#8363 = ORIENTED_EDGE('',*,*,#6072,.T.);
#8364 = ORIENTED_EDGE('',*,*,#8317,.T.);
#8365 = ORIENTED_EDGE('',*,*,#8366,.T.);
#8366 = EDGE_CURVE('',#8318,#8367,#8369,.T.);
#8367 = VERTEX_POINT('',#8368);
#8368 = CARTESIAN_POINT('',(-10.,-41.3,10.005));
#8369 = SURFACE_CURVE('',#8370,(#8374,#8381),.PCURVE_S1.);
#8370 = LINE('',#8371,#8372);
#8371 = CARTESIAN_POINT('',(-10.,-41.3,4.495));
#8372 = VECTOR('',#8373,1.);
#8373 = DIRECTION('',(0.,0.,1.));
#8374 = PCURVE('',#6087,#8375);
#8375 = DEFINITIONAL_REPRESENTATION('',(#8376),#8380);
#8376 = LINE('',#8377,#8378);
#8377 = CARTESIAN_POINT('',(3.237104637337,1.));
#8378 = VECTOR('',#8379,1.);
#8379 = DIRECTION('',(-1.,0.));
#8380 = ( GEOMETRIC_REPRESENTATION_CONTEXT(2) 
PARAMETRIC_REPRESENTATION_CONTEXT() REPRESENTATION_CONTEXT('2D SPACE',''
  ) );
#8381 = PCURVE('',#8202,#8382);
#8382 = DEFINITIONAL_REPRESENTATION('',(#8383),#8387);
#8383 = LINE('',#8384,#8385);
#8384 = CARTESIAN_POINT('',(0.,-8.));
#8385 = VECTOR('',#8386,1.);
#8386 = DIRECTION('',(1.,0.));
#8387 = ( GEOMETRIC_REPRESENTATION_CONTEXT(2) 
PARAMETRIC_REPRESENTATION_CONTEXT() REPRESENTATION_CONTEXT('2D SPACE',''
  ) );
#8388 = ORIENTED_EDGE('',*,*,#8389,.T.);
#8389 = EDGE_CURVE('',#8367,#8268,#8390,.T.);
#8390 = SURFACE_CURVE('',#8391,(#8395,#8402),.PCURVE_S1.);
#8391 = LINE('',#8392,#8393);
#8392 = CARTESIAN_POINT('',(-10.,-41.3,10.005));
#8393 = VECTOR('',#8394,1.);
#8394 = DIRECTION('',(-5.224578939413E-17,-0.470588235294,0.882352941176
    ));
#8395 = PCURVE('',#6087,#8396);
#8396 = DEFINITIONAL_REPRESENTATION('',(#8397),#8401);
#8397 = LINE('',#8398,#8399);
#8398 = CARTESIAN_POINT('',(-2.272895362663,1.));
#8399 = VECTOR('',#8400,1.);
#8400 = DIRECTION('',(-0.882352941176,-0.470588235294));
#8401 = ( GEOMETRIC_REPRESENTATION_CONTEXT(2) 
PARAMETRIC_REPRESENTATION_CONTEXT() REPRESENTATION_CONTEXT('2D SPACE',''
  ) );
#8402 = PCURVE('',#8230,#8403);
#8403 = DEFINITIONAL_REPRESENTATION('',(#8404),#8408);
#8404 = LINE('',#8405,#8406);
#8405 = CARTESIAN_POINT('',(-4.17966315153E-16,-8.));
#8406 = VECTOR('',#8407,1.);
#8407 = DIRECTION('',(1.,0.));
#8408 = ( GEOMETRIC_REPRESENTATION_CONTEXT(2) 
PARAMETRIC_REPRESENTATION_CONTEXT() REPRESENTATION_CONTEXT('2D SPACE',''
  ) );
#8409 = ORIENTED_EDGE('',*,*,#8290,.T.);
#8410 = ADVANCED_FACE('',(#8411),#6141,.F.);
#8411 = FACE_BOUND('',#8412,.F.);
#8412 = EDGE_LOOP('',(#8413,#8414,#8437,#8465,#8493));
#8413 = ORIENTED_EDGE('',*,*,#6124,.T.);
#8414 = ORIENTED_EDGE('',*,*,#8415,.T.);
#8415 = EDGE_CURVE('',#6127,#8416,#8418,.T.);
#8416 = VERTEX_POINT('',#8417);
#8417 = CARTESIAN_POINT('',(10.,-41.3,4.495));
#8418 = SURFACE_CURVE('',#8419,(#8423,#8430),.PCURVE_S1.);
#8419 = LINE('',#8420,#8421);
#8420 = CARTESIAN_POINT('',(10.,-43.3,4.495));
#8421 = VECTOR('',#8422,1.);
#8422 = DIRECTION('',(1.110223024625E-16,1.,0.));
#8423 = PCURVE('',#6141,#8424);
#8424 = DEFINITIONAL_REPRESENTATION('',(#8425),#8429);
#8425 = LINE('',#8426,#8427);
#8426 = CARTESIAN_POINT('',(3.237104637337,-1.));
#8427 = VECTOR('',#8428,1.);
#8428 = DIRECTION('',(0.,1.));
#8429 = ( GEOMETRIC_REPRESENTATION_CONTEXT(2) 
PARAMETRIC_REPRESENTATION_CONTEXT() REPRESENTATION_CONTEXT('2D SPACE',''
  ) );
#8430 = PCURVE('',#6167,#8431);
#8431 = DEFINITIONAL_REPRESENTATION('',(#8432),#8436);
#8432 = LINE('',#8433,#8434);
#8433 = CARTESIAN_POINT('',(0.,0.));
#8434 = VECTOR('',#8435,1.);
#8435 = DIRECTION('',(1.,0.));
#8436 = ( GEOMETRIC_REPRESENTATION_CONTEXT(2) 
PARAMETRIC_REPRESENTATION_CONTEXT() REPRESENTATION_CONTEXT('2D SPACE',''
  ) );
#8437 = ORIENTED_EDGE('',*,*,#8438,.T.);
#8438 = EDGE_CURVE('',#8416,#8439,#8441,.T.);
#8439 = VERTEX_POINT('',#8440);
#8440 = CARTESIAN_POINT('',(10.,-41.3,10.005));
#8441 = SURFACE_CURVE('',#8442,(#8446,#8453),.PCURVE_S1.);
#8442 = LINE('',#8443,#8444);
#8443 = CARTESIAN_POINT('',(10.,-41.3,4.495));
#8444 = VECTOR('',#8445,1.);
#8445 = DIRECTION('',(0.,0.,1.));
#8446 = PCURVE('',#6141,#8447);
#8447 = DEFINITIONAL_REPRESENTATION('',(#8448),#8452);
#8448 = LINE('',#8449,#8450);
#8449 = CARTESIAN_POINT('',(3.237104637337,1.));
#8450 = VECTOR('',#8451,1.);
#8451 = DIRECTION('',(-1.,0.));
#8452 = ( GEOMETRIC_REPRESENTATION_CONTEXT(2) 
PARAMETRIC_REPRESENTATION_CONTEXT() REPRESENTATION_CONTEXT('2D SPACE',''
  ) );
#8453 = PCURVE('',#8454,#8459);
#8454 = PLANE('',#8455);
#8455 = AXIS2_PLACEMENT_3D('',#8456,#8457,#8458);
#8456 = CARTESIAN_POINT('',(10.,-41.3,4.495));
#8457 = DIRECTION('',(-1.110223024625E-16,-1.,0.));
#8458 = DIRECTION('',(0.,0.,1.));
#8459 = DEFINITIONAL_REPRESENTATION('',(#8460),#8464);
#8460 = LINE('',#8461,#8462);
#8461 = CARTESIAN_POINT('',(0.,0.));
#8462 = VECTOR('',#8463,1.);
#8463 = DIRECTION('',(1.,0.));
#8464 = ( GEOMETRIC_REPRESENTATION_CONTEXT(2) 
PARAMETRIC_REPRESENTATION_CONTEXT() REPRESENTATION_CONTEXT('2D SPACE',''
  ) );
#8465 = ORIENTED_EDGE('',*,*,#8466,.T.);
#8466 = EDGE_CURVE('',#8439,#8467,#8469,.T.);
#8467 = VERTEX_POINT('',#8468);
#8468 = CARTESIAN_POINT('',(10.,-42.1,11.505));
#8469 = SURFACE_CURVE('',#8470,(#8474,#8481),.PCURVE_S1.);
#8470 = LINE('',#8471,#8472);
#8471 = CARTESIAN_POINT('',(10.,-41.3,10.005));
#8472 = VECTOR('',#8473,1.);
#8473 = DIRECTION('',(-5.224578939413E-17,-0.470588235294,0.882352941176
    ));
#8474 = PCURVE('',#6141,#8475);
#8475 = DEFINITIONAL_REPRESENTATION('',(#8476),#8480);
#8476 = LINE('',#8477,#8478);
#8477 = CARTESIAN_POINT('',(-2.272895362663,1.));
#8478 = VECTOR('',#8479,1.);
#8479 = DIRECTION('',(-0.882352941176,-0.470588235294));
#8480 = ( GEOMETRIC_REPRESENTATION_CONTEXT(2) 
PARAMETRIC_REPRESENTATION_CONTEXT() REPRESENTATION_CONTEXT('2D SPACE',''
  ) );
#8481 = PCURVE('',#8482,#8487);
#8482 = PLANE('',#8483);
#8483 = AXIS2_PLACEMENT_3D('',#8484,#8485,#8486);
#8484 = CARTESIAN_POINT('',(10.,-41.3,10.005));
#8485 = DIRECTION('',(-9.796085511398E-17,-0.882352941176,
    -0.470588235294));
#8486 = DIRECTION('',(-5.224578939413E-17,-0.470588235294,0.882352941176
    ));
#8487 = DEFINITIONAL_REPRESENTATION('',(#8488),#8492);
#8488 = LINE('',#8489,#8490);
#8489 = CARTESIAN_POINT('',(0.,0.));
#8490 = VECTOR('',#8491,1.);
#8491 = DIRECTION('',(1.,0.));
#8492 = ( GEOMETRIC_REPRESENTATION_CONTEXT(2) 
PARAMETRIC_REPRESENTATION_CONTEXT() REPRESENTATION_CONTEXT('2D SPACE',''
  ) );
#8493 = ORIENTED_EDGE('',*,*,#8494,.T.);
#8494 = EDGE_CURVE('',#8467,#6125,#8495,.T.);
#8495 = SURFACE_CURVE('',#8496,(#8500,#8507),.PCURVE_S1.);
#8496 = LINE('',#8497,#8498);
#8497 = CARTESIAN_POINT('',(10.,-42.1,11.505));
#8498 = VECTOR('',#8499,1.);
#8499 = DIRECTION('',(-1.110223024625E-16,-1.,0.));
#8500 = PCURVE('',#6141,#8501);
#8501 = DEFINITIONAL_REPRESENTATION('',(#8502),#8506);
#8502 = LINE('',#8503,#8504);
#8503 = CARTESIAN_POINT('',(-3.772895362663,0.2));
#8504 = VECTOR('',#8505,1.);
#8505 = DIRECTION('',(-0.,-1.));
#8506 = ( GEOMETRIC_REPRESENTATION_CONTEXT(2) 
PARAMETRIC_REPRESENTATION_CONTEXT() REPRESENTATION_CONTEXT('2D SPACE',''
  ) );
#8507 = PCURVE('',#6217,#8508);
#8508 = DEFINITIONAL_REPRESENTATION('',(#8509),#8513);
#8509 = LINE('',#8510,#8511);
#8510 = CARTESIAN_POINT('',(0.,0.));
#8511 = VECTOR('',#8512,1.);
#8512 = DIRECTION('',(1.,0.));
#8513 = ( GEOMETRIC_REPRESENTATION_CONTEXT(2) 
PARAMETRIC_REPRESENTATION_CONTEXT() REPRESENTATION_CONTEXT('2D SPACE',''
  ) );
#8514 = ADVANCED_FACE('',(#8515),#6217,.F.);
#8515 = FACE_BOUND('',#8516,.F.);
#8516 = EDGE_LOOP('',(#8517,#8518,#8541,#8562));
#8517 = ORIENTED_EDGE('',*,*,#8494,.F.);
#8518 = ORIENTED_EDGE('',*,*,#8519,.T.);
#8519 = EDGE_CURVE('',#8467,#8520,#8522,.T.);
#8520 = VERTEX_POINT('',#8521);
#8521 = CARTESIAN_POINT('',(18.,-42.1,11.505));
#8522 = SURFACE_CURVE('',#8523,(#8527,#8534),.PCURVE_S1.);
#8523 = LINE('',#8524,#8525);
#8524 = CARTESIAN_POINT('',(10.,-42.1,11.505));
#8525 = VECTOR('',#8526,1.);
#8526 = DIRECTION('',(1.,-1.110223024625E-16,0.));
#8527 = PCURVE('',#6217,#8528);
#8528 = DEFINITIONAL_REPRESENTATION('',(#8529),#8533);
#8529 = LINE('',#8530,#8531);
#8530 = CARTESIAN_POINT('',(0.,0.));
#8531 = VECTOR('',#8532,1.);
#8532 = DIRECTION('',(0.,-1.));
#8533 = ( GEOMETRIC_REPRESENTATION_CONTEXT(2) 
PARAMETRIC_REPRESENTATION_CONTEXT() REPRESENTATION_CONTEXT('2D SPACE',''
  ) );
#8534 = PCURVE('',#8482,#8535);
#8535 = DEFINITIONAL_REPRESENTATION('',(#8536),#8540);
#8536 = LINE('',#8537,#8538);
#8537 = CARTESIAN_POINT('',(1.7,-8.881784197001E-17));
#8538 = VECTOR('',#8539,1.);
#8539 = DIRECTION('',(0.,-1.));
#8540 = ( GEOMETRIC_REPRESENTATION_CONTEXT(2) 
PARAMETRIC_REPRESENTATION_CONTEXT() REPRESENTATION_CONTEXT('2D SPACE',''
  ) );
#8541 = ORIENTED_EDGE('',*,*,#8542,.T.);
#8542 = EDGE_CURVE('',#8520,#6179,#8543,.T.);
#8543 = SURFACE_CURVE('',#8544,(#8548,#8555),.PCURVE_S1.);
#8544 = LINE('',#8545,#8546);
#8545 = CARTESIAN_POINT('',(18.,-42.1,11.505));
#8546 = VECTOR('',#8547,1.);
#8547 = DIRECTION('',(-1.110223024625E-16,-1.,0.));
#8548 = PCURVE('',#6217,#8549);
#8549 = DEFINITIONAL_REPRESENTATION('',(#8550),#8554);
#8550 = LINE('',#8551,#8552);
#8551 = CARTESIAN_POINT('',(-8.881784197001E-16,-8.));
#8552 = VECTOR('',#8553,1.);
#8553 = DIRECTION('',(1.,0.));
#8554 = ( GEOMETRIC_REPRESENTATION_CONTEXT(2) 
PARAMETRIC_REPRESENTATION_CONTEXT() REPRESENTATION_CONTEXT('2D SPACE',''
  ) );
#8555 = PCURVE('',#6193,#8556);
#8556 = DEFINITIONAL_REPRESENTATION('',(#8557),#8561);
#8557 = LINE('',#8558,#8559);
#8558 = CARTESIAN_POINT('',(-3.772895362663,0.2));
#8559 = VECTOR('',#8560,1.);
#8560 = DIRECTION('',(-0.,-1.));
#8561 = ( GEOMETRIC_REPRESENTATION_CONTEXT(2) 
PARAMETRIC_REPRESENTATION_CONTEXT() REPRESENTATION_CONTEXT('2D SPACE',''
  ) );
#8562 = ORIENTED_EDGE('',*,*,#6204,.T.);
#8563 = ADVANCED_FACE('',(#8564),#6193,.T.);
#8564 = FACE_BOUND('',#8565,.T.);
#8565 = EDGE_LOOP('',(#8566,#8567,#8590,#8613,#8634));
#8566 = ORIENTED_EDGE('',*,*,#6178,.T.);
#8567 = ORIENTED_EDGE('',*,*,#8568,.T.);
#8568 = EDGE_CURVE('',#6153,#8569,#8571,.T.);
#8569 = VERTEX_POINT('',#8570);
#8570 = CARTESIAN_POINT('',(18.,-41.3,4.495));
#8571 = SURFACE_CURVE('',#8572,(#8576,#8583),.PCURVE_S1.);
#8572 = LINE('',#8573,#8574);
#8573 = CARTESIAN_POINT('',(18.,-43.3,4.495));
#8574 = VECTOR('',#8575,1.);
#8575 = DIRECTION('',(1.110223024625E-16,1.,0.));
#8576 = PCURVE('',#6193,#8577);
#8577 = DEFINITIONAL_REPRESENTATION('',(#8578),#8582);
#8578 = LINE('',#8579,#8580);
#8579 = CARTESIAN_POINT('',(3.237104637337,-1.));
#8580 = VECTOR('',#8581,1.);
#8581 = DIRECTION('',(0.,1.));
#8582 = ( GEOMETRIC_REPRESENTATION_CONTEXT(2) 
PARAMETRIC_REPRESENTATION_CONTEXT() REPRESENTATION_CONTEXT('2D SPACE',''
  ) );
#8583 = PCURVE('',#6167,#8584);
#8584 = DEFINITIONAL_REPRESENTATION('',(#8585),#8589);
#8585 = LINE('',#8586,#8587);
#8586 = CARTESIAN_POINT('',(8.881784197001E-16,-8.));
#8587 = VECTOR('',#8588,1.);
#8588 = DIRECTION('',(1.,0.));
#8589 = ( GEOMETRIC_REPRESENTATION_CONTEXT(2) 
PARAMETRIC_REPRESENTATION_CONTEXT() REPRESENTATION_CONTEXT('2D SPACE',''
  ) );
#8590 = ORIENTED_EDGE('',*,*,#8591,.T.);
#8591 = EDGE_CURVE('',#8569,#8592,#8594,.T.);
#8592 = VERTEX_POINT('',#8593);
#8593 = CARTESIAN_POINT('',(18.,-41.3,10.005));
#8594 = SURFACE_CURVE('',#8595,(#8599,#8606),.PCURVE_S1.);
#8595 = LINE('',#8596,#8597);
#8596 = CARTESIAN_POINT('',(18.,-41.3,4.495));
#8597 = VECTOR('',#8598,1.);
#8598 = DIRECTION('',(0.,0.,1.));
#8599 = PCURVE('',#6193,#8600);
#8600 = DEFINITIONAL_REPRESENTATION('',(#8601),#8605);
#8601 = LINE('',#8602,#8603);
#8602 = CARTESIAN_POINT('',(3.237104637337,1.));
#8603 = VECTOR('',#8604,1.);
#8604 = DIRECTION('',(-1.,0.));
#8605 = ( GEOMETRIC_REPRESENTATION_CONTEXT(2) 
PARAMETRIC_REPRESENTATION_CONTEXT() REPRESENTATION_CONTEXT('2D SPACE',''
  ) );
#8606 = PCURVE('',#8454,#8607);
#8607 = DEFINITIONAL_REPRESENTATION('',(#8608),#8612);
#8608 = LINE('',#8609,#8610);
#8609 = CARTESIAN_POINT('',(0.,-8.));
#8610 = VECTOR('',#8611,1.);
#8611 = DIRECTION('',(1.,0.));
#8612 = ( GEOMETRIC_REPRESENTATION_CONTEXT(2) 
PARAMETRIC_REPRESENTATION_CONTEXT() REPRESENTATION_CONTEXT('2D SPACE',''
  ) );
#8613 = ORIENTED_EDGE('',*,*,#8614,.T.);
#8614 = EDGE_CURVE('',#8592,#8520,#8615,.T.);
#8615 = SURFACE_CURVE('',#8616,(#8620,#8627),.PCURVE_S1.);
#8616 = LINE('',#8617,#8618);
#8617 = CARTESIAN_POINT('',(18.,-41.3,10.005));
#8618 = VECTOR('',#8619,1.);
#8619 = DIRECTION('',(-5.224578939413E-17,-0.470588235294,0.882352941176
    ));
#8620 = PCURVE('',#6193,#8621);
#8621 = DEFINITIONAL_REPRESENTATION('',(#8622),#8626);
#8622 = LINE('',#8623,#8624);
#8623 = CARTESIAN_POINT('',(-2.272895362663,1.));
#8624 = VECTOR('',#8625,1.);
#8625 = DIRECTION('',(-0.882352941176,-0.470588235294));
#8626 = ( GEOMETRIC_REPRESENTATION_CONTEXT(2) 
PARAMETRIC_REPRESENTATION_CONTEXT() REPRESENTATION_CONTEXT('2D SPACE',''
  ) );
#8627 = PCURVE('',#8482,#8628);
#8628 = DEFINITIONAL_REPRESENTATION('',(#8629),#8633);
#8629 = LINE('',#8630,#8631);
#8630 = CARTESIAN_POINT('',(-4.17966315153E-16,-8.));
#8631 = VECTOR('',#8632,1.);
#8632 = DIRECTION('',(1.,0.));
#8633 = ( GEOMETRIC_REPRESENTATION_CONTEXT(2) 
PARAMETRIC_REPRESENTATION_CONTEXT() REPRESENTATION_CONTEXT('2D SPACE',''
  ) );
#8634 = ORIENTED_EDGE('',*,*,#8542,.T.);
#8635 = ADVANCED_FACE('',(#8636),#6167,.F.);
#8636 = FACE_BOUND('',#8637,.F.);
#8637 = EDGE_LOOP('',(#8638,#8639,#8640,#8641));
#8638 = ORIENTED_EDGE('',*,*,#8415,.F.);
#8639 = ORIENTED_EDGE('',*,*,#6152,.T.);
#8640 = ORIENTED_EDGE('',*,*,#8568,.T.);
#8641 = ORIENTED_EDGE('',*,*,#8642,.F.);
#8642 = EDGE_CURVE('',#8416,#8569,#8643,.T.);
#8643 = SURFACE_CURVE('',#8644,(#8648,#8655),.PCURVE_S1.);
#8644 = LINE('',#8645,#8646);
#8645 = CARTESIAN_POINT('',(10.,-41.3,4.495));
#8646 = VECTOR('',#8647,1.);
#8647 = DIRECTION('',(1.,-1.110223024625E-16,0.));
#8648 = PCURVE('',#6167,#8649);
#8649 = DEFINITIONAL_REPRESENTATION('',(#8650),#8654);
#8650 = LINE('',#8651,#8652);
#8651 = CARTESIAN_POINT('',(2.,2.22044604925E-16));
#8652 = VECTOR('',#8653,1.);
#8653 = DIRECTION('',(0.,-1.));
#8654 = ( GEOMETRIC_REPRESENTATION_CONTEXT(2) 
PARAMETRIC_REPRESENTATION_CONTEXT() REPRESENTATION_CONTEXT('2D SPACE',''
  ) );
#8655 = PCURVE('',#8454,#8656);
#8656 = DEFINITIONAL_REPRESENTATION('',(#8657),#8661);
#8657 = LINE('',#8658,#8659);
#8658 = CARTESIAN_POINT('',(0.,0.));
#8659 = VECTOR('',#8660,1.);
#8660 = DIRECTION('',(0.,-1.));
#8661 = ( GEOMETRIC_REPRESENTATION_CONTEXT(2) 
PARAMETRIC_REPRESENTATION_CONTEXT() REPRESENTATION_CONTEXT('2D SPACE',''
  ) );
#8662 = ADVANCED_FACE('',(#8663),#6275,.T.);
#8663 = FACE_BOUND('',#8664,.T.);
#8664 = EDGE_LOOP('',(#8665,#8666,#8689,#8717));
#8665 = ORIENTED_EDGE('',*,*,#6257,.T.);
#8666 = ORIENTED_EDGE('',*,*,#8667,.T.);
#8667 = EDGE_CURVE('',#6260,#8668,#8670,.T.);
#8668 = VERTEX_POINT('',#8669);
#8669 = CARTESIAN_POINT('',(24.,-38.,20.54));
#8670 = SURFACE_CURVE('',#8671,(#8675,#8682),.PCURVE_S1.);
#8671 = LINE('',#8672,#8673);
#8672 = CARTESIAN_POINT('',(26.2,-38.,18.34));
#8673 = VECTOR('',#8674,1.);
#8674 = DIRECTION('',(-0.707106781187,0.,0.707106781187));
#8675 = PCURVE('',#6275,#8676);
#8676 = DEFINITIONAL_REPRESENTATION('',(#8677),#8681);
#8677 = LINE('',#8678,#8679);
#8678 = CARTESIAN_POINT('',(0.,-64.));
#8679 = VECTOR('',#8680,1.);
#8680 = DIRECTION('',(1.,0.));
#8681 = ( GEOMETRIC_REPRESENTATION_CONTEXT(2) 
PARAMETRIC_REPRESENTATION_CONTEXT() REPRESENTATION_CONTEXT('2D SPACE',''
  ) );
#8682 = PCURVE('',#6352,#8683);
#8683 = DEFINITIONAL_REPRESENTATION('',(#8684),#8688);
#8684 = LINE('',#8685,#8686);
#8685 = CARTESIAN_POINT('',(-2.182059656578,0.180767377927));
#8686 = VECTOR('',#8687,1.);
#8687 = DIRECTION('',(0.707106781187,-0.707106781187));
#8688 = ( GEOMETRIC_REPRESENTATION_CONTEXT(2) 
PARAMETRIC_REPRESENTATION_CONTEXT() REPRESENTATION_CONTEXT('2D SPACE',''
  ) );
#8689 = ORIENTED_EDGE('',*,*,#8690,.F.);
#8690 = EDGE_CURVE('',#8691,#8668,#8693,.T.);
#8691 = VERTEX_POINT('',#8692);
#8692 = CARTESIAN_POINT('',(24.,26.,20.54));
#8693 = SURFACE_CURVE('',#8694,(#8698,#8705),.PCURVE_S1.);
#8694 = LINE('',#8695,#8696);
#8695 = CARTESIAN_POINT('',(24.,26.,20.54));
#8696 = VECTOR('',#8697,1.);
#8697 = DIRECTION('',(0.,-1.,0.));
#8698 = PCURVE('',#6275,#8699);
#8699 = DEFINITIONAL_REPRESENTATION('',(#8700),#8704);
#8700 = LINE('',#8701,#8702);
#8701 = CARTESIAN_POINT('',(3.111269837221,0.));
#8702 = VECTOR('',#8703,1.);
#8703 = DIRECTION('',(0.,-1.));
#8704 = ( GEOMETRIC_REPRESENTATION_CONTEXT(2) 
PARAMETRIC_REPRESENTATION_CONTEXT() REPRESENTATION_CONTEXT('2D SPACE',''
  ) );
#8705 = PCURVE('',#8706,#8711);
#8706 = PLANE('',#8707);
#8707 = AXIS2_PLACEMENT_3D('',#8708,#8709,#8710);
#8708 = CARTESIAN_POINT('',(24.,26.,20.54));
#8709 = DIRECTION('',(-0.,0.,1.));
#8710 = DIRECTION('',(1.,0.,0.));
#8711 = DEFINITIONAL_REPRESENTATION('',(#8712),#8716);
#8712 = LINE('',#8713,#8714);
#8713 = CARTESIAN_POINT('',(0.,0.));
#8714 = VECTOR('',#8715,1.);
#8715 = DIRECTION('',(0.,-1.));
#8716 = ( GEOMETRIC_REPRESENTATION_CONTEXT(2) 
PARAMETRIC_REPRESENTATION_CONTEXT() REPRESENTATION_CONTEXT('2D SPACE',''
  ) );
#8717 = ORIENTED_EDGE('',*,*,#8718,.F.);
#8718 = EDGE_CURVE('',#6258,#8691,#8719,.T.);
#8719 = SURFACE_CURVE('',#8720,(#8724,#8731),.PCURVE_S1.);
#8720 = LINE('',#8721,#8722);
#8721 = CARTESIAN_POINT('',(26.2,26.,18.34));
#8722 = VECTOR('',#8723,1.);
#8723 = DIRECTION('',(-0.707106781187,0.,0.707106781187));
#8724 = PCURVE('',#6275,#8725);
#8725 = DEFINITIONAL_REPRESENTATION('',(#8726),#8730);
#8726 = LINE('',#8727,#8728);
#8727 = CARTESIAN_POINT('',(0.,0.));
#8728 = VECTOR('',#8729,1.);
#8729 = DIRECTION('',(1.,0.));
#8730 = ( GEOMETRIC_REPRESENTATION_CONTEXT(2) 
PARAMETRIC_REPRESENTATION_CONTEXT() REPRESENTATION_CONTEXT('2D SPACE',''
  ) );
#8731 = PCURVE('',#6302,#8732);
#8732 = DEFINITIONAL_REPRESENTATION('',(#8733),#8737);
#8733 = LINE('',#8734,#8735);
#8734 = CARTESIAN_POINT('',(-2.182059656578,0.180767377927));
#8735 = VECTOR('',#8736,1.);
#8736 = DIRECTION('',(0.707106781187,-0.707106781187));
#8737 = ( GEOMETRIC_REPRESENTATION_CONTEXT(2) 
PARAMETRIC_REPRESENTATION_CONTEXT() REPRESENTATION_CONTEXT('2D SPACE',''
  ) );
#8738 = ADVANCED_FACE('',(#8739),#6302,.T.);
#8739 = FACE_BOUND('',#8740,.T.);
#8740 = EDGE_LOOP('',(#8741,#8742,#8743,#8766,#8794));
#8741 = ORIENTED_EDGE('',*,*,#6287,.T.);
#8742 = ORIENTED_EDGE('',*,*,#8718,.T.);
#8743 = ORIENTED_EDGE('',*,*,#8744,.T.);
#8744 = EDGE_CURVE('',#8691,#8745,#8747,.T.);
#8745 = VERTEX_POINT('',#8746);
#8746 = CARTESIAN_POINT('',(25.3,26.,20.54));
#8747 = SURFACE_CURVE('',#8748,(#8752,#8759),.PCURVE_S1.);
#8748 = LINE('',#8749,#8750);
#8749 = CARTESIAN_POINT('',(24.,26.,20.54));
#8750 = VECTOR('',#8751,1.);
#8751 = DIRECTION('',(1.,0.,0.));
#8752 = PCURVE('',#6302,#8753);
#8753 = DEFINITIONAL_REPRESENTATION('',(#8754),#8758);
#8754 = LINE('',#8755,#8756);
#8755 = CARTESIAN_POINT('',(1.794034342169E-02,-2.019232622073));
#8756 = VECTOR('',#8757,1.);
#8757 = DIRECTION('',(0.,1.));
#8758 = ( GEOMETRIC_REPRESENTATION_CONTEXT(2) 
PARAMETRIC_REPRESENTATION_CONTEXT() REPRESENTATION_CONTEXT('2D SPACE',''
  ) );
#8759 = PCURVE('',#8706,#8760);
#8760 = DEFINITIONAL_REPRESENTATION('',(#8761),#8765);
#8761 = LINE('',#8762,#8763);
#8762 = CARTESIAN_POINT('',(0.,0.));
#8763 = VECTOR('',#8764,1.);
#8764 = DIRECTION('',(1.,0.));
#8765 = ( GEOMETRIC_REPRESENTATION_CONTEXT(2) 
PARAMETRIC_REPRESENTATION_CONTEXT() REPRESENTATION_CONTEXT('2D SPACE',''
  ) );
#8766 = ORIENTED_EDGE('',*,*,#8767,.T.);
#8767 = EDGE_CURVE('',#8745,#8768,#8770,.T.);
#8768 = VERTEX_POINT('',#8769);
#8769 = CARTESIAN_POINT('',(25.3,26.,22.54));
#8770 = SURFACE_CURVE('',#8771,(#8775,#8782),.PCURVE_S1.);
#8771 = LINE('',#8772,#8773);
#8772 = CARTESIAN_POINT('',(25.3,26.,20.54));
#8773 = VECTOR('',#8774,1.);
#8774 = DIRECTION('',(0.,0.,1.));
#8775 = PCURVE('',#6302,#8776);
#8776 = DEFINITIONAL_REPRESENTATION('',(#8777),#8781);
#8777 = LINE('',#8778,#8779);
#8778 = CARTESIAN_POINT('',(1.794034342169E-02,-0.719232622073));
#8779 = VECTOR('',#8780,1.);
#8780 = DIRECTION('',(1.,0.));
#8781 = ( GEOMETRIC_REPRESENTATION_CONTEXT(2) 
PARAMETRIC_REPRESENTATION_CONTEXT() REPRESENTATION_CONTEXT('2D SPACE',''
  ) );
#8782 = PCURVE('',#8783,#8788);
#8783 = PLANE('',#8784);
#8784 = AXIS2_PLACEMENT_3D('',#8785,#8786,#8787);
#8785 = CARTESIAN_POINT('',(25.3,26.,20.54));
#8786 = DIRECTION('',(-1.,0.,0.));
#8787 = DIRECTION('',(0.,0.,1.));
#8788 = DEFINITIONAL_REPRESENTATION('',(#8789),#8793);
#8789 = LINE('',#8790,#8791);
#8790 = CARTESIAN_POINT('',(0.,0.));
#8791 = VECTOR('',#8792,1.);
#8792 = DIRECTION('',(1.,0.));
#8793 = ( GEOMETRIC_REPRESENTATION_CONTEXT(2) 
PARAMETRIC_REPRESENTATION_CONTEXT() REPRESENTATION_CONTEXT('2D SPACE',''
  ) );
#8794 = ORIENTED_EDGE('',*,*,#8795,.T.);
#8795 = EDGE_CURVE('',#8768,#6288,#8796,.T.);
#8796 = SURFACE_CURVE('',#8797,(#8801,#8808),.PCURVE_S1.);
#8797 = LINE('',#8798,#8799);
#8798 = CARTESIAN_POINT('',(25.3,26.,22.54));
#8799 = VECTOR('',#8800,1.);
#8800 = DIRECTION('',(1.,0.,0.));
#8801 = PCURVE('',#6302,#8802);
#8802 = DEFINITIONAL_REPRESENTATION('',(#8803),#8807);
#8803 = LINE('',#8804,#8805);
#8804 = CARTESIAN_POINT('',(2.017940343422,-0.719232622073));
#8805 = VECTOR('',#8806,1.);
#8806 = DIRECTION('',(0.,1.));
#8807 = ( GEOMETRIC_REPRESENTATION_CONTEXT(2) 
PARAMETRIC_REPRESENTATION_CONTEXT() REPRESENTATION_CONTEXT('2D SPACE',''
  ) );
#8808 = PCURVE('',#6328,#8809);
#8809 = DEFINITIONAL_REPRESENTATION('',(#8810),#8814);
#8810 = LINE('',#8811,#8812);
#8811 = CARTESIAN_POINT('',(0.,0.));
#8812 = VECTOR('',#8813,1.);
#8813 = DIRECTION('',(1.,0.));
#8814 = ( GEOMETRIC_REPRESENTATION_CONTEXT(2) 
PARAMETRIC_REPRESENTATION_CONTEXT() REPRESENTATION_CONTEXT('2D SPACE',''
  ) );
#8815 = ADVANCED_FACE('',(#8816),#6352,.F.);
#8816 = FACE_BOUND('',#8817,.F.);
#8817 = EDGE_LOOP('',(#8818,#8819,#8820,#8843,#8866));
#8818 = ORIENTED_EDGE('',*,*,#6339,.T.);
#8819 = ORIENTED_EDGE('',*,*,#8667,.T.);
#8820 = ORIENTED_EDGE('',*,*,#8821,.T.);
#8821 = EDGE_CURVE('',#8668,#8822,#8824,.T.);
#8822 = VERTEX_POINT('',#8823);
#8823 = CARTESIAN_POINT('',(25.3,-38.,20.54));
#8824 = SURFACE_CURVE('',#8825,(#8829,#8836),.PCURVE_S1.);
#8825 = LINE('',#8826,#8827);
#8826 = CARTESIAN_POINT('',(24.,-38.,20.54));
#8827 = VECTOR('',#8828,1.);
#8828 = DIRECTION('',(1.,0.,0.));
#8829 = PCURVE('',#6352,#8830);
#8830 = DEFINITIONAL_REPRESENTATION('',(#8831),#8835);
#8831 = LINE('',#8832,#8833);
#8832 = CARTESIAN_POINT('',(1.794034342169E-02,-2.019232622073));
#8833 = VECTOR('',#8834,1.);
#8834 = DIRECTION('',(0.,1.));
#8835 = ( GEOMETRIC_REPRESENTATION_CONTEXT(2) 
PARAMETRIC_REPRESENTATION_CONTEXT() REPRESENTATION_CONTEXT('2D SPACE',''
  ) );
#8836 = PCURVE('',#8706,#8837);
#8837 = DEFINITIONAL_REPRESENTATION('',(#8838),#8842);
#8838 = LINE('',#8839,#8840);
#8839 = CARTESIAN_POINT('',(0.,-64.));
#8840 = VECTOR('',#8841,1.);
#8841 = DIRECTION('',(1.,0.));
#8842 = ( GEOMETRIC_REPRESENTATION_CONTEXT(2) 
PARAMETRIC_REPRESENTATION_CONTEXT() REPRESENTATION_CONTEXT('2D SPACE',''
  ) );
#8843 = ORIENTED_EDGE('',*,*,#8844,.T.);
#8844 = EDGE_CURVE('',#8822,#8845,#8847,.T.);
#8845 = VERTEX_POINT('',#8846);
#8846 = CARTESIAN_POINT('',(25.3,-38.,22.54));
#8847 = SURFACE_CURVE('',#8848,(#8852,#8859),.PCURVE_S1.);
#8848 = LINE('',#8849,#8850);
#8849 = CARTESIAN_POINT('',(25.3,-38.,20.54));
#8850 = VECTOR('',#8851,1.);
#8851 = DIRECTION('',(0.,0.,1.));
#8852 = PCURVE('',#6352,#8853);
#8853 = DEFINITIONAL_REPRESENTATION('',(#8854),#8858);
#8854 = LINE('',#8855,#8856);
#8855 = CARTESIAN_POINT('',(1.794034342169E-02,-0.719232622073));
#8856 = VECTOR('',#8857,1.);
#8857 = DIRECTION('',(1.,0.));
#8858 = ( GEOMETRIC_REPRESENTATION_CONTEXT(2) 
PARAMETRIC_REPRESENTATION_CONTEXT() REPRESENTATION_CONTEXT('2D SPACE',''
  ) );
#8859 = PCURVE('',#8783,#8860);
#8860 = DEFINITIONAL_REPRESENTATION('',(#8861),#8865);
#8861 = LINE('',#8862,#8863);
#8862 = CARTESIAN_POINT('',(0.,-64.));
#8863 = VECTOR('',#8864,1.);
#8864 = DIRECTION('',(1.,0.));
#8865 = ( GEOMETRIC_REPRESENTATION_CONTEXT(2) 
PARAMETRIC_REPRESENTATION_CONTEXT() REPRESENTATION_CONTEXT('2D SPACE',''
  ) );
#8866 = ORIENTED_EDGE('',*,*,#8867,.T.);
#8867 = EDGE_CURVE('',#8845,#6314,#8868,.T.);
#8868 = SURFACE_CURVE('',#8869,(#8873,#8880),.PCURVE_S1.);
#8869 = LINE('',#8870,#8871);
#8870 = CARTESIAN_POINT('',(25.3,-38.,22.54));
#8871 = VECTOR('',#8872,1.);
#8872 = DIRECTION('',(1.,0.,0.));
#8873 = PCURVE('',#6352,#8874);
#8874 = DEFINITIONAL_REPRESENTATION('',(#8875),#8879);
#8875 = LINE('',#8876,#8877);
#8876 = CARTESIAN_POINT('',(2.017940343422,-0.719232622073));
#8877 = VECTOR('',#8878,1.);
#8878 = DIRECTION('',(0.,1.));
#8879 = ( GEOMETRIC_REPRESENTATION_CONTEXT(2) 
PARAMETRIC_REPRESENTATION_CONTEXT() REPRESENTATION_CONTEXT('2D SPACE',''
  ) );
#8880 = PCURVE('',#6328,#8881);
#8881 = DEFINITIONAL_REPRESENTATION('',(#8882),#8886);
#8882 = LINE('',#8883,#8884);
#8883 = CARTESIAN_POINT('',(0.,-64.));
#8884 = VECTOR('',#8885,1.);
#8885 = DIRECTION('',(1.,0.));
#8886 = ( GEOMETRIC_REPRESENTATION_CONTEXT(2) 
PARAMETRIC_REPRESENTATION_CONTEXT() REPRESENTATION_CONTEXT('2D SPACE',''
  ) );
#8887 = ADVANCED_FACE('',(#8888),#6328,.T.);
#8888 = FACE_BOUND('',#8889,.T.);
#8889 = EDGE_LOOP('',(#8890,#8891,#8912,#8913));
#8890 = ORIENTED_EDGE('',*,*,#8795,.F.);
#8891 = ORIENTED_EDGE('',*,*,#8892,.T.);
#8892 = EDGE_CURVE('',#8768,#8845,#8893,.T.);
#8893 = SURFACE_CURVE('',#8894,(#8898,#8905),.PCURVE_S1.);
#8894 = LINE('',#8895,#8896);
#8895 = CARTESIAN_POINT('',(25.3,26.,22.54));
#8896 = VECTOR('',#8897,1.);
#8897 = DIRECTION('',(0.,-1.,0.));
#8898 = PCURVE('',#6328,#8899);
#8899 = DEFINITIONAL_REPRESENTATION('',(#8900),#8904);
#8900 = LINE('',#8901,#8902);
#8901 = CARTESIAN_POINT('',(0.,0.));
#8902 = VECTOR('',#8903,1.);
#8903 = DIRECTION('',(0.,-1.));
#8904 = ( GEOMETRIC_REPRESENTATION_CONTEXT(2) 
PARAMETRIC_REPRESENTATION_CONTEXT() REPRESENTATION_CONTEXT('2D SPACE',''
  ) );
#8905 = PCURVE('',#8783,#8906);
#8906 = DEFINITIONAL_REPRESENTATION('',(#8907),#8911);
#8907 = LINE('',#8908,#8909);
#8908 = CARTESIAN_POINT('',(2.,0.));
#8909 = VECTOR('',#8910,1.);
#8910 = DIRECTION('',(0.,-1.));
#8911 = ( GEOMETRIC_REPRESENTATION_CONTEXT(2) 
PARAMETRIC_REPRESENTATION_CONTEXT() REPRESENTATION_CONTEXT('2D SPACE',''
  ) );
#8912 = ORIENTED_EDGE('',*,*,#8867,.T.);
#8913 = ORIENTED_EDGE('',*,*,#6313,.T.);
#8914 = ADVANCED_FACE('',(#8915),#6383,.T.);
#8915 = FACE_BOUND('',#8916,.T.);
#8916 = EDGE_LOOP('',(#8917,#8918,#8941,#8969));
#8917 = ORIENTED_EDGE('',*,*,#6365,.T.);
#8918 = ORIENTED_EDGE('',*,*,#8919,.T.);
#8919 = EDGE_CURVE('',#6368,#8920,#8922,.T.);
#8920 = VERTEX_POINT('',#8921);
#8921 = CARTESIAN_POINT('',(24.,28.5,20.54));
#8922 = SURFACE_CURVE('',#8923,(#8927,#8934),.PCURVE_S1.);
#8923 = LINE('',#8924,#8925);
#8924 = CARTESIAN_POINT('',(26.2,28.5,18.34));
#8925 = VECTOR('',#8926,1.);
#8926 = DIRECTION('',(-0.707106781187,0.,0.707106781187));
#8927 = PCURVE('',#6383,#8928);
#8928 = DEFINITIONAL_REPRESENTATION('',(#8929),#8933);
#8929 = LINE('',#8930,#8931);
#8930 = CARTESIAN_POINT('',(0.,-3.));
#8931 = VECTOR('',#8932,1.);
#8932 = DIRECTION('',(1.,0.));
#8933 = ( GEOMETRIC_REPRESENTATION_CONTEXT(2) 
PARAMETRIC_REPRESENTATION_CONTEXT() REPRESENTATION_CONTEXT('2D SPACE',''
  ) );
#8934 = PCURVE('',#6460,#8935);
#8935 = DEFINITIONAL_REPRESENTATION('',(#8936),#8940);
#8936 = LINE('',#8937,#8938);
#8937 = CARTESIAN_POINT('',(-2.374491606449,0.373199327798));
#8938 = VECTOR('',#8939,1.);
#8939 = DIRECTION('',(0.707106781187,-0.707106781187));
#8940 = ( GEOMETRIC_REPRESENTATION_CONTEXT(2) 
PARAMETRIC_REPRESENTATION_CONTEXT() REPRESENTATION_CONTEXT('2D SPACE',''
  ) );
#8941 = ORIENTED_EDGE('',*,*,#8942,.F.);
#8942 = EDGE_CURVE('',#8943,#8920,#8945,.T.);
#8943 = VERTEX_POINT('',#8944);
#8944 = CARTESIAN_POINT('',(24.,31.5,20.54));
#8945 = SURFACE_CURVE('',#8946,(#8950,#8957),.PCURVE_S1.);
#8946 = LINE('',#8947,#8948);
#8947 = CARTESIAN_POINT('',(24.,31.5,20.54));
#8948 = VECTOR('',#8949,1.);
#8949 = DIRECTION('',(0.,-1.,0.));
#8950 = PCURVE('',#6383,#8951);
#8951 = DEFINITIONAL_REPRESENTATION('',(#8952),#8956);
#8952 = LINE('',#8953,#8954);
#8953 = CARTESIAN_POINT('',(3.111269837221,0.));
#8954 = VECTOR('',#8955,1.);
#8955 = DIRECTION('',(0.,-1.));
#8956 = ( GEOMETRIC_REPRESENTATION_CONTEXT(2) 
PARAMETRIC_REPRESENTATION_CONTEXT() REPRESENTATION_CONTEXT('2D SPACE',''
  ) );
#8957 = PCURVE('',#8958,#8963);
#8958 = PLANE('',#8959);
#8959 = AXIS2_PLACEMENT_3D('',#8960,#8961,#8962);
#8960 = CARTESIAN_POINT('',(24.,31.5,20.54));
#8961 = DIRECTION('',(-1.,0.,0.));
#8962 = DIRECTION('',(0.,0.,1.));
#8963 = DEFINITIONAL_REPRESENTATION('',(#8964),#8968);
#8964 = LINE('',#8965,#8966);
#8965 = CARTESIAN_POINT('',(0.,0.));
#8966 = VECTOR('',#8967,1.);
#8967 = DIRECTION('',(0.,-1.));
#8968 = ( GEOMETRIC_REPRESENTATION_CONTEXT(2) 
PARAMETRIC_REPRESENTATION_CONTEXT() REPRESENTATION_CONTEXT('2D SPACE',''
  ) );
#8969 = ORIENTED_EDGE('',*,*,#8970,.F.);
#8970 = EDGE_CURVE('',#6366,#8943,#8971,.T.);
#8971 = SURFACE_CURVE('',#8972,(#8976,#8983),.PCURVE_S1.);
#8972 = LINE('',#8973,#8974);
#8973 = CARTESIAN_POINT('',(26.2,31.5,18.34));
#8974 = VECTOR('',#8975,1.);
#8975 = DIRECTION('',(-0.707106781187,0.,0.707106781187));
#8976 = PCURVE('',#6383,#8977);
#8977 = DEFINITIONAL_REPRESENTATION('',(#8978),#8982);
#8978 = LINE('',#8979,#8980);
#8979 = CARTESIAN_POINT('',(0.,0.));
#8980 = VECTOR('',#8981,1.);
#8981 = DIRECTION('',(1.,0.));
#8982 = ( GEOMETRIC_REPRESENTATION_CONTEXT(2) 
PARAMETRIC_REPRESENTATION_CONTEXT() REPRESENTATION_CONTEXT('2D SPACE',''
  ) );
#8983 = PCURVE('',#6410,#8984);
#8984 = DEFINITIONAL_REPRESENTATION('',(#8985),#8989);
#8985 = LINE('',#8986,#8987);
#8986 = CARTESIAN_POINT('',(-2.374491606449,0.373199327798));
#8987 = VECTOR('',#8988,1.);
#8988 = DIRECTION('',(0.707106781187,-0.707106781187));
#8989 = ( GEOMETRIC_REPRESENTATION_CONTEXT(2) 
PARAMETRIC_REPRESENTATION_CONTEXT() REPRESENTATION_CONTEXT('2D SPACE',''
  ) );
#8990 = ADVANCED_FACE('',(#8991),#6460,.F.);
#8991 = FACE_BOUND('',#8992,.F.);
#8992 = EDGE_LOOP('',(#8993,#8994,#8995,#9018));
#8993 = ORIENTED_EDGE('',*,*,#6447,.T.);
#8994 = ORIENTED_EDGE('',*,*,#8919,.T.);
#8995 = ORIENTED_EDGE('',*,*,#8996,.T.);
#8996 = EDGE_CURVE('',#8920,#8997,#8999,.T.);
#8997 = VERTEX_POINT('',#8998);
#8998 = CARTESIAN_POINT('',(24.,28.5,22.54));
#8999 = SURFACE_CURVE('',#9000,(#9004,#9011),.PCURVE_S1.);
#9000 = LINE('',#9001,#9002);
#9001 = CARTESIAN_POINT('',(24.,28.5,20.54));
#9002 = VECTOR('',#9003,1.);
#9003 = DIRECTION('',(0.,0.,1.));
#9004 = PCURVE('',#6460,#9005);
#9005 = DEFINITIONAL_REPRESENTATION('',(#9006),#9010);
#9006 = LINE('',#9007,#9008);
#9007 = CARTESIAN_POINT('',(-0.174491606449,-1.826800672202));
#9008 = VECTOR('',#9009,1.);
#9009 = DIRECTION('',(1.,0.));
#9010 = ( GEOMETRIC_REPRESENTATION_CONTEXT(2) 
PARAMETRIC_REPRESENTATION_CONTEXT() REPRESENTATION_CONTEXT('2D SPACE',''
  ) );
#9011 = PCURVE('',#8958,#9012);
#9012 = DEFINITIONAL_REPRESENTATION('',(#9013),#9017);
#9013 = LINE('',#9014,#9015);
#9014 = CARTESIAN_POINT('',(0.,-3.));
#9015 = VECTOR('',#9016,1.);
#9016 = DIRECTION('',(1.,0.));
#9017 = ( GEOMETRIC_REPRESENTATION_CONTEXT(2) 
PARAMETRIC_REPRESENTATION_CONTEXT() REPRESENTATION_CONTEXT('2D SPACE',''
  ) );
#9018 = ORIENTED_EDGE('',*,*,#9019,.T.);
#9019 = EDGE_CURVE('',#8997,#6422,#9020,.T.);
#9020 = SURFACE_CURVE('',#9021,(#9025,#9032),.PCURVE_S1.);
#9021 = LINE('',#9022,#9023);
#9022 = CARTESIAN_POINT('',(24.,28.5,22.54));
#9023 = VECTOR('',#9024,1.);
#9024 = DIRECTION('',(1.,0.,0.));
#9025 = PCURVE('',#6460,#9026);
#9026 = DEFINITIONAL_REPRESENTATION('',(#9027),#9031);
#9027 = LINE('',#9028,#9029);
#9028 = CARTESIAN_POINT('',(1.825508393551,-1.826800672202));
#9029 = VECTOR('',#9030,1.);
#9030 = DIRECTION('',(0.,1.));
#9031 = ( GEOMETRIC_REPRESENTATION_CONTEXT(2) 
PARAMETRIC_REPRESENTATION_CONTEXT() REPRESENTATION_CONTEXT('2D SPACE',''
  ) );
#9032 = PCURVE('',#6436,#9033);
#9033 = DEFINITIONAL_REPRESENTATION('',(#9034),#9038);
#9034 = LINE('',#9035,#9036);
#9035 = CARTESIAN_POINT('',(0.,-3.));
#9036 = VECTOR('',#9037,1.);
#9037 = DIRECTION('',(1.,0.));
#9038 = ( GEOMETRIC_REPRESENTATION_CONTEXT(2) 
PARAMETRIC_REPRESENTATION_CONTEXT() REPRESENTATION_CONTEXT('2D SPACE',''
  ) );
#9039 = ADVANCED_FACE('',(#9040),#6436,.T.);
#9040 = FACE_BOUND('',#9041,.T.);
#9041 = EDGE_LOOP('',(#9042,#9065,#9086,#9087));
#9042 = ORIENTED_EDGE('',*,*,#9043,.F.);
#9043 = EDGE_CURVE('',#9044,#6396,#9046,.T.);
#9044 = VERTEX_POINT('',#9045);
#9045 = CARTESIAN_POINT('',(24.,31.5,22.54));
#9046 = SURFACE_CURVE('',#9047,(#9051,#9058),.PCURVE_S1.);
#9047 = LINE('',#9048,#9049);
#9048 = CARTESIAN_POINT('',(24.,31.5,22.54));
#9049 = VECTOR('',#9050,1.);
#9050 = DIRECTION('',(1.,0.,0.));
#9051 = PCURVE('',#6436,#9052);
#9052 = DEFINITIONAL_REPRESENTATION('',(#9053),#9057);
#9053 = LINE('',#9054,#9055);
#9054 = CARTESIAN_POINT('',(0.,0.));
#9055 = VECTOR('',#9056,1.);
#9056 = DIRECTION('',(1.,0.));
#9057 = ( GEOMETRIC_REPRESENTATION_CONTEXT(2) 
PARAMETRIC_REPRESENTATION_CONTEXT() REPRESENTATION_CONTEXT('2D SPACE',''
  ) );
#9058 = PCURVE('',#6410,#9059);
#9059 = DEFINITIONAL_REPRESENTATION('',(#9060),#9064);
#9060 = LINE('',#9061,#9062);
#9061 = CARTESIAN_POINT('',(1.825508393551,-1.826800672202));
#9062 = VECTOR('',#9063,1.);
#9063 = DIRECTION('',(0.,1.));
#9064 = ( GEOMETRIC_REPRESENTATION_CONTEXT(2) 
PARAMETRIC_REPRESENTATION_CONTEXT() REPRESENTATION_CONTEXT('2D SPACE',''
  ) );
#9065 = ORIENTED_EDGE('',*,*,#9066,.T.);
#9066 = EDGE_CURVE('',#9044,#8997,#9067,.T.);
#9067 = SURFACE_CURVE('',#9068,(#9072,#9079),.PCURVE_S1.);
#9068 = LINE('',#9069,#9070);
#9069 = CARTESIAN_POINT('',(24.,31.5,22.54));
#9070 = VECTOR('',#9071,1.);
#9071 = DIRECTION('',(0.,-1.,0.));
#9072 = PCURVE('',#6436,#9073);
#9073 = DEFINITIONAL_REPRESENTATION('',(#9074),#9078);
#9074 = LINE('',#9075,#9076);
#9075 = CARTESIAN_POINT('',(0.,0.));
#9076 = VECTOR('',#9077,1.);
#9077 = DIRECTION('',(0.,-1.));
#9078 = ( GEOMETRIC_REPRESENTATION_CONTEXT(2) 
PARAMETRIC_REPRESENTATION_CONTEXT() REPRESENTATION_CONTEXT('2D SPACE',''
  ) );
#9079 = PCURVE('',#8958,#9080);
#9080 = DEFINITIONAL_REPRESENTATION('',(#9081),#9085);
#9081 = LINE('',#9082,#9083);
#9082 = CARTESIAN_POINT('',(2.,0.));
#9083 = VECTOR('',#9084,1.);
#9084 = DIRECTION('',(0.,-1.));
#9085 = ( GEOMETRIC_REPRESENTATION_CONTEXT(2) 
PARAMETRIC_REPRESENTATION_CONTEXT() REPRESENTATION_CONTEXT('2D SPACE',''
  ) );
#9086 = ORIENTED_EDGE('',*,*,#9019,.T.);
#9087 = ORIENTED_EDGE('',*,*,#6421,.T.);
#9088 = ADVANCED_FACE('',(#9089),#6410,.T.);
#9089 = FACE_BOUND('',#9090,.T.);
#9090 = EDGE_LOOP('',(#9091,#9092,#9093,#9114));
#9091 = ORIENTED_EDGE('',*,*,#6395,.T.);
#9092 = ORIENTED_EDGE('',*,*,#8970,.T.);
#9093 = ORIENTED_EDGE('',*,*,#9094,.T.);
#9094 = EDGE_CURVE('',#8943,#9044,#9095,.T.);
#9095 = SURFACE_CURVE('',#9096,(#9100,#9107),.PCURVE_S1.);
#9096 = LINE('',#9097,#9098);
#9097 = CARTESIAN_POINT('',(24.,31.5,20.54));
#9098 = VECTOR('',#9099,1.);
#9099 = DIRECTION('',(0.,0.,1.));
#9100 = PCURVE('',#6410,#9101);
#9101 = DEFINITIONAL_REPRESENTATION('',(#9102),#9106);
#9102 = LINE('',#9103,#9104);
#9103 = CARTESIAN_POINT('',(-0.174491606449,-1.826800672202));
#9104 = VECTOR('',#9105,1.);
#9105 = DIRECTION('',(1.,0.));
#9106 = ( GEOMETRIC_REPRESENTATION_CONTEXT(2) 
PARAMETRIC_REPRESENTATION_CONTEXT() REPRESENTATION_CONTEXT('2D SPACE',''
  ) );
#9107 = PCURVE('',#8958,#9108);
#9108 = DEFINITIONAL_REPRESENTATION('',(#9109),#9113);
#9109 = LINE('',#9110,#9111);
#9110 = CARTESIAN_POINT('',(0.,0.));
#9111 = VECTOR('',#9112,1.);
#9112 = DIRECTION('',(1.,0.));
#9113 = ( GEOMETRIC_REPRESENTATION_CONTEXT(2) 
PARAMETRIC_REPRESENTATION_CONTEXT() REPRESENTATION_CONTEXT('2D SPACE',''
  ) );
#9114 = ORIENTED_EDGE('',*,*,#9043,.T.);
#9115 = ADVANCED_FACE('',(#9116),#6490,.T.);
#9116 = FACE_BOUND('',#9117,.T.);
#9117 = EDGE_LOOP('',(#9118,#9148,#9169,#9170));
#9118 = ORIENTED_EDGE('',*,*,#9119,.T.);
#9119 = EDGE_CURVE('',#9120,#9122,#9124,.T.);
#9120 = VERTEX_POINT('',#9121);
#9121 = CARTESIAN_POINT('',(25.65,-34.,10.005));
#9122 = VERTEX_POINT('',#9123);
#9123 = CARTESIAN_POINT('',(25.65,-34.,4.495));
#9124 = SURFACE_CURVE('',#9125,(#9129,#9136),.PCURVE_S1.);
#9125 = LINE('',#9126,#9127);
#9126 = CARTESIAN_POINT('',(25.65,-34.,10.005));
#9127 = VECTOR('',#9128,1.);
#9128 = DIRECTION('',(0.,0.,-1.));
#9129 = PCURVE('',#6490,#9130);
#9130 = DEFINITIONAL_REPRESENTATION('',(#9131),#9135);
#9131 = LINE('',#9132,#9133);
#9132 = CARTESIAN_POINT('',(-2.272895362663,-1.));
#9133 = VECTOR('',#9134,1.);
#9134 = DIRECTION('',(1.,0.));
#9135 = ( GEOMETRIC_REPRESENTATION_CONTEXT(2) 
PARAMETRIC_REPRESENTATION_CONTEXT() REPRESENTATION_CONTEXT('2D SPACE',''
  ) );
#9136 = PCURVE('',#9137,#9142);
#9137 = PLANE('',#9138);
#9138 = AXIS2_PLACEMENT_3D('',#9139,#9140,#9141);
#9139 = CARTESIAN_POINT('',(25.65,-26.,10.005));
#9140 = DIRECTION('',(1.,0.,0.));
#9141 = DIRECTION('',(0.,0.,-1.));
#9142 = DEFINITIONAL_REPRESENTATION('',(#9143),#9147);
#9143 = LINE('',#9144,#9145);
#9144 = CARTESIAN_POINT('',(0.,-8.));
#9145 = VECTOR('',#9146,1.);
#9146 = DIRECTION('',(1.,0.));
#9147 = ( GEOMETRIC_REPRESENTATION_CONTEXT(2) 
PARAMETRIC_REPRESENTATION_CONTEXT() REPRESENTATION_CONTEXT('2D SPACE',''
  ) );
#9148 = ORIENTED_EDGE('',*,*,#9149,.T.);
#9149 = EDGE_CURVE('',#9122,#6474,#9150,.T.);
#9150 = SURFACE_CURVE('',#9151,(#9155,#9162),.PCURVE_S1.);
#9151 = LINE('',#9152,#9153);
#9152 = CARTESIAN_POINT('',(25.65,-34.,4.495));
#9153 = VECTOR('',#9154,1.);
#9154 = DIRECTION('',(1.,0.,0.));
#9155 = PCURVE('',#6490,#9156);
#9156 = DEFINITIONAL_REPRESENTATION('',(#9157),#9161);
#9157 = LINE('',#9158,#9159);
#9158 = CARTESIAN_POINT('',(3.237104637337,-1.));
#9159 = VECTOR('',#9160,1.);
#9160 = DIRECTION('',(0.,1.));
#9161 = ( GEOMETRIC_REPRESENTATION_CONTEXT(2) 
PARAMETRIC_REPRESENTATION_CONTEXT() REPRESENTATION_CONTEXT('2D SPACE',''
  ) );
#9162 = PCURVE('',#6516,#9163);
#9163 = DEFINITIONAL_REPRESENTATION('',(#9164),#9168);
#9164 = LINE('',#9165,#9166);
#9165 = CARTESIAN_POINT('',(0.,-8.));
#9166 = VECTOR('',#9167,1.);
#9167 = DIRECTION('',(1.,0.));
#9168 = ( GEOMETRIC_REPRESENTATION_CONTEXT(2) 
PARAMETRIC_REPRESENTATION_CONTEXT() REPRESENTATION_CONTEXT('2D SPACE',''
  ) );
#9169 = ORIENTED_EDGE('',*,*,#6473,.T.);
#9170 = ORIENTED_EDGE('',*,*,#9171,.T.);
#9171 = EDGE_CURVE('',#6476,#9120,#9172,.T.);
#9172 = SURFACE_CURVE('',#9173,(#9177,#9184),.PCURVE_S1.);
#9173 = LINE('',#9174,#9175);
#9174 = CARTESIAN_POINT('',(26.45,-34.,11.505));
#9175 = VECTOR('',#9176,1.);
#9176 = DIRECTION('',(-0.470588235294,0.,-0.882352941176));
#9177 = PCURVE('',#6490,#9178);
#9178 = DEFINITIONAL_REPRESENTATION('',(#9179),#9183);
#9179 = LINE('',#9180,#9181);
#9180 = CARTESIAN_POINT('',(-3.772895362663,-0.2));
#9181 = VECTOR('',#9182,1.);
#9182 = DIRECTION('',(0.882352941176,-0.470588235294));
#9183 = ( GEOMETRIC_REPRESENTATION_CONTEXT(2) 
PARAMETRIC_REPRESENTATION_CONTEXT() REPRESENTATION_CONTEXT('2D SPACE',''
  ) );
#9184 = PCURVE('',#6566,#9185);
#9185 = DEFINITIONAL_REPRESENTATION('',(#9186),#9190);
#9186 = LINE('',#9187,#9188);
#9187 = CARTESIAN_POINT('',(-0.,-8.));
#9188 = VECTOR('',#9189,1.);
#9189 = DIRECTION('',(1.,0.));
#9190 = ( GEOMETRIC_REPRESENTATION_CONTEXT(2) 
PARAMETRIC_REPRESENTATION_CONTEXT() REPRESENTATION_CONTEXT('2D SPACE',''
  ) );
#9191 = ADVANCED_FACE('',(#9192),#6516,.F.);
#9192 = FACE_BOUND('',#9193,.F.);
#9193 = EDGE_LOOP('',(#9194,#9217,#9238,#9239));
#9194 = ORIENTED_EDGE('',*,*,#9195,.F.);
#9195 = EDGE_CURVE('',#9196,#6502,#9198,.T.);
#9196 = VERTEX_POINT('',#9197);
#9197 = CARTESIAN_POINT('',(25.65,-26.,4.495));
#9198 = SURFACE_CURVE('',#9199,(#9203,#9210),.PCURVE_S1.);
#9199 = LINE('',#9200,#9201);
#9200 = CARTESIAN_POINT('',(25.65,-26.,4.495));
#9201 = VECTOR('',#9202,1.);
#9202 = DIRECTION('',(1.,0.,0.));
#9203 = PCURVE('',#6516,#9204);
#9204 = DEFINITIONAL_REPRESENTATION('',(#9205),#9209);
#9205 = LINE('',#9206,#9207);
#9206 = CARTESIAN_POINT('',(0.,0.));
#9207 = VECTOR('',#9208,1.);
#9208 = DIRECTION('',(1.,0.));
#9209 = ( GEOMETRIC_REPRESENTATION_CONTEXT(2) 
PARAMETRIC_REPRESENTATION_CONTEXT() REPRESENTATION_CONTEXT('2D SPACE',''
  ) );
#9210 = PCURVE('',#6542,#9211);
#9211 = DEFINITIONAL_REPRESENTATION('',(#9212),#9216);
#9212 = LINE('',#9213,#9214);
#9213 = CARTESIAN_POINT('',(3.237104637337,-1.));
#9214 = VECTOR('',#9215,1.);
#9215 = DIRECTION('',(0.,1.));
#9216 = ( GEOMETRIC_REPRESENTATION_CONTEXT(2) 
PARAMETRIC_REPRESENTATION_CONTEXT() REPRESENTATION_CONTEXT('2D SPACE',''
  ) );
#9217 = ORIENTED_EDGE('',*,*,#9218,.T.);
#9218 = EDGE_CURVE('',#9196,#9122,#9219,.T.);
#9219 = SURFACE_CURVE('',#9220,(#9224,#9231),.PCURVE_S1.);
#9220 = LINE('',#9221,#9222);
#9221 = CARTESIAN_POINT('',(25.65,-26.,4.495));
#9222 = VECTOR('',#9223,1.);
#9223 = DIRECTION('',(0.,-1.,0.));
#9224 = PCURVE('',#6516,#9225);
#9225 = DEFINITIONAL_REPRESENTATION('',(#9226),#9230);
#9226 = LINE('',#9227,#9228);
#9227 = CARTESIAN_POINT('',(0.,0.));
#9228 = VECTOR('',#9229,1.);
#9229 = DIRECTION('',(0.,-1.));
#9230 = ( GEOMETRIC_REPRESENTATION_CONTEXT(2) 
PARAMETRIC_REPRESENTATION_CONTEXT() REPRESENTATION_CONTEXT('2D SPACE',''
  ) );
#9231 = PCURVE('',#9137,#9232);
#9232 = DEFINITIONAL_REPRESENTATION('',(#9233),#9237);
#9233 = LINE('',#9234,#9235);
#9234 = CARTESIAN_POINT('',(5.51,0.));
#9235 = VECTOR('',#9236,1.);
#9236 = DIRECTION('',(0.,-1.));
#9237 = ( GEOMETRIC_REPRESENTATION_CONTEXT(2) 
PARAMETRIC_REPRESENTATION_CONTEXT() REPRESENTATION_CONTEXT('2D SPACE',''
  ) );
#9238 = ORIENTED_EDGE('',*,*,#9149,.T.);
#9239 = ORIENTED_EDGE('',*,*,#6501,.T.);
#9240 = ADVANCED_FACE('',(#9241),#6566,.F.);
#9241 = FACE_BOUND('',#9242,.F.);
#9242 = EDGE_LOOP('',(#9243,#9266,#9267,#9268));
#9243 = ORIENTED_EDGE('',*,*,#9244,.F.);
#9244 = EDGE_CURVE('',#6528,#9245,#9247,.T.);
#9245 = VERTEX_POINT('',#9246);
#9246 = CARTESIAN_POINT('',(25.65,-26.,10.005));
#9247 = SURFACE_CURVE('',#9248,(#9252,#9259),.PCURVE_S1.);
#9248 = LINE('',#9249,#9250);
#9249 = CARTESIAN_POINT('',(26.45,-26.,11.505));
#9250 = VECTOR('',#9251,1.);
#9251 = DIRECTION('',(-0.470588235294,0.,-0.882352941176));
#9252 = PCURVE('',#6566,#9253);
#9253 = DEFINITIONAL_REPRESENTATION('',(#9254),#9258);
#9254 = LINE('',#9255,#9256);
#9255 = CARTESIAN_POINT('',(0.,0.));
#9256 = VECTOR('',#9257,1.);
#9257 = DIRECTION('',(1.,0.));
#9258 = ( GEOMETRIC_REPRESENTATION_CONTEXT(2) 
PARAMETRIC_REPRESENTATION_CONTEXT() REPRESENTATION_CONTEXT('2D SPACE',''
  ) );
#9259 = PCURVE('',#6542,#9260);
#9260 = DEFINITIONAL_REPRESENTATION('',(#9261),#9265);
#9261 = LINE('',#9262,#9263);
#9262 = CARTESIAN_POINT('',(-3.772895362663,-0.2));
#9263 = VECTOR('',#9264,1.);
#9264 = DIRECTION('',(0.882352941176,-0.470588235294));
#9265 = ( GEOMETRIC_REPRESENTATION_CONTEXT(2) 
PARAMETRIC_REPRESENTATION_CONTEXT() REPRESENTATION_CONTEXT('2D SPACE',''
  ) );
#9266 = ORIENTED_EDGE('',*,*,#6553,.T.);
#9267 = ORIENTED_EDGE('',*,*,#9171,.T.);
#9268 = ORIENTED_EDGE('',*,*,#9269,.F.);
#9269 = EDGE_CURVE('',#9245,#9120,#9270,.T.);
#9270 = SURFACE_CURVE('',#9271,(#9275,#9282),.PCURVE_S1.);
#9271 = LINE('',#9272,#9273);
#9272 = CARTESIAN_POINT('',(25.65,-26.,10.005));
#9273 = VECTOR('',#9274,1.);
#9274 = DIRECTION('',(0.,-1.,0.));
#9275 = PCURVE('',#6566,#9276);
#9276 = DEFINITIONAL_REPRESENTATION('',(#9277),#9281);
#9277 = LINE('',#9278,#9279);
#9278 = CARTESIAN_POINT('',(1.7,0.));
#9279 = VECTOR('',#9280,1.);
#9280 = DIRECTION('',(-0.,-1.));
#9281 = ( GEOMETRIC_REPRESENTATION_CONTEXT(2) 
PARAMETRIC_REPRESENTATION_CONTEXT() REPRESENTATION_CONTEXT('2D SPACE',''
  ) );
#9282 = PCURVE('',#9137,#9283);
#9283 = DEFINITIONAL_REPRESENTATION('',(#9284),#9288);
#9284 = LINE('',#9285,#9286);
#9285 = CARTESIAN_POINT('',(0.,0.));
#9286 = VECTOR('',#9287,1.);
#9287 = DIRECTION('',(0.,-1.));
#9288 = ( GEOMETRIC_REPRESENTATION_CONTEXT(2) 
PARAMETRIC_REPRESENTATION_CONTEXT() REPRESENTATION_CONTEXT('2D SPACE',''
  ) );
#9289 = ADVANCED_FACE('',(#9290),#6542,.F.);
#9290 = FACE_BOUND('',#9291,.F.);
#9291 = EDGE_LOOP('',(#9292,#9313,#9314,#9315));
#9292 = ORIENTED_EDGE('',*,*,#9293,.T.);
#9293 = EDGE_CURVE('',#9245,#9196,#9294,.T.);
#9294 = SURFACE_CURVE('',#9295,(#9299,#9306),.PCURVE_S1.);
#9295 = LINE('',#9296,#9297);
#9296 = CARTESIAN_POINT('',(25.65,-26.,10.005));
#9297 = VECTOR('',#9298,1.);
#9298 = DIRECTION('',(0.,0.,-1.));
#9299 = PCURVE('',#6542,#9300);
#9300 = DEFINITIONAL_REPRESENTATION('',(#9301),#9305);
#9301 = LINE('',#9302,#9303);
#9302 = CARTESIAN_POINT('',(-2.272895362663,-1.));
#9303 = VECTOR('',#9304,1.);
#9304 = DIRECTION('',(1.,0.));
#9305 = ( GEOMETRIC_REPRESENTATION_CONTEXT(2) 
PARAMETRIC_REPRESENTATION_CONTEXT() REPRESENTATION_CONTEXT('2D SPACE',''
  ) );
#9306 = PCURVE('',#9137,#9307);
#9307 = DEFINITIONAL_REPRESENTATION('',(#9308),#9312);
#9308 = LINE('',#9309,#9310);
#9309 = CARTESIAN_POINT('',(0.,0.));
#9310 = VECTOR('',#9311,1.);
#9311 = DIRECTION('',(1.,0.));
#9312 = ( GEOMETRIC_REPRESENTATION_CONTEXT(2) 
PARAMETRIC_REPRESENTATION_CONTEXT() REPRESENTATION_CONTEXT('2D SPACE',''
  ) );
#9313 = ORIENTED_EDGE('',*,*,#9195,.T.);
#9314 = ORIENTED_EDGE('',*,*,#6527,.T.);
#9315 = ORIENTED_EDGE('',*,*,#9244,.T.);
#9316 = ADVANCED_FACE('',(#9317),#6668,.T.);
#9317 = FACE_BOUND('',#9318,.T.);
#9318 = EDGE_LOOP('',(#9319,#9349,#9370,#9371));
#9319 = ORIENTED_EDGE('',*,*,#9320,.T.);
#9320 = EDGE_CURVE('',#9321,#9323,#9325,.T.);
#9321 = VERTEX_POINT('',#9322);
#9322 = CARTESIAN_POINT('',(25.65,-4.,10.005));
#9323 = VERTEX_POINT('',#9324);
#9324 = CARTESIAN_POINT('',(25.65,-4.,4.495));
#9325 = SURFACE_CURVE('',#9326,(#9330,#9337),.PCURVE_S1.);
#9326 = LINE('',#9327,#9328);
#9327 = CARTESIAN_POINT('',(25.65,-4.,10.005));
#9328 = VECTOR('',#9329,1.);
#9329 = DIRECTION('',(0.,0.,-1.));
#9330 = PCURVE('',#6668,#9331);
#9331 = DEFINITIONAL_REPRESENTATION('',(#9332),#9336);
#9332 = LINE('',#9333,#9334);
#9333 = CARTESIAN_POINT('',(-2.272895362663,-1.));
#9334 = VECTOR('',#9335,1.);
#9335 = DIRECTION('',(1.,0.));
#9336 = ( GEOMETRIC_REPRESENTATION_CONTEXT(2) 
PARAMETRIC_REPRESENTATION_CONTEXT() REPRESENTATION_CONTEXT('2D SPACE',''
  ) );
#9337 = PCURVE('',#9338,#9343);
#9338 = PLANE('',#9339);
#9339 = AXIS2_PLACEMENT_3D('',#9340,#9341,#9342);
#9340 = CARTESIAN_POINT('',(25.65,4.,10.005));
#9341 = DIRECTION('',(1.,0.,0.));
#9342 = DIRECTION('',(0.,0.,-1.));
#9343 = DEFINITIONAL_REPRESENTATION('',(#9344),#9348);
#9344 = LINE('',#9345,#9346);
#9345 = CARTESIAN_POINT('',(0.,-8.));
#9346 = VECTOR('',#9347,1.);
#9347 = DIRECTION('',(1.,0.));
#9348 = ( GEOMETRIC_REPRESENTATION_CONTEXT(2) 
PARAMETRIC_REPRESENTATION_CONTEXT() REPRESENTATION_CONTEXT('2D SPACE',''
  ) );
#9349 = ORIENTED_EDGE('',*,*,#9350,.T.);
#9350 = EDGE_CURVE('',#9323,#6652,#9351,.T.);
#9351 = SURFACE_CURVE('',#9352,(#9356,#9363),.PCURVE_S1.);
#9352 = LINE('',#9353,#9354);
#9353 = CARTESIAN_POINT('',(25.65,-4.,4.495));
#9354 = VECTOR('',#9355,1.);
#9355 = DIRECTION('',(1.,0.,0.));
#9356 = PCURVE('',#6668,#9357);
#9357 = DEFINITIONAL_REPRESENTATION('',(#9358),#9362);
#9358 = LINE('',#9359,#9360);
#9359 = CARTESIAN_POINT('',(3.237104637337,-1.));
#9360 = VECTOR('',#9361,1.);
#9361 = DIRECTION('',(0.,1.));
#9362 = ( GEOMETRIC_REPRESENTATION_CONTEXT(2) 
PARAMETRIC_REPRESENTATION_CONTEXT() REPRESENTATION_CONTEXT('2D SPACE',''
  ) );
#9363 = PCURVE('',#6694,#9364);
#9364 = DEFINITIONAL_REPRESENTATION('',(#9365),#9369);
#9365 = LINE('',#9366,#9367);
#9366 = CARTESIAN_POINT('',(0.,-8.));
#9367 = VECTOR('',#9368,1.);
#9368 = DIRECTION('',(1.,0.));
#9369 = ( GEOMETRIC_REPRESENTATION_CONTEXT(2) 
PARAMETRIC_REPRESENTATION_CONTEXT() REPRESENTATION_CONTEXT('2D SPACE',''
  ) );
#9370 = ORIENTED_EDGE('',*,*,#6651,.T.);
#9371 = ORIENTED_EDGE('',*,*,#9372,.T.);
#9372 = EDGE_CURVE('',#6654,#9321,#9373,.T.);
#9373 = SURFACE_CURVE('',#9374,(#9378,#9385),.PCURVE_S1.);
#9374 = LINE('',#9375,#9376);
#9375 = CARTESIAN_POINT('',(26.45,-4.,11.505));
#9376 = VECTOR('',#9377,1.);
#9377 = DIRECTION('',(-0.470588235294,0.,-0.882352941176));
#9378 = PCURVE('',#6668,#9379);
#9379 = DEFINITIONAL_REPRESENTATION('',(#9380),#9384);
#9380 = LINE('',#9381,#9382);
#9381 = CARTESIAN_POINT('',(-3.772895362663,-0.2));
#9382 = VECTOR('',#9383,1.);
#9383 = DIRECTION('',(0.882352941176,-0.470588235294));
#9384 = ( GEOMETRIC_REPRESENTATION_CONTEXT(2) 
PARAMETRIC_REPRESENTATION_CONTEXT() REPRESENTATION_CONTEXT('2D SPACE',''
  ) );
#9385 = PCURVE('',#6744,#9386);
#9386 = DEFINITIONAL_REPRESENTATION('',(#9387),#9391);
#9387 = LINE('',#9388,#9389);
#9388 = CARTESIAN_POINT('',(-0.,-8.));
#9389 = VECTOR('',#9390,1.);
#9390 = DIRECTION('',(1.,0.));
#9391 = ( GEOMETRIC_REPRESENTATION_CONTEXT(2) 
PARAMETRIC_REPRESENTATION_CONTEXT() REPRESENTATION_CONTEXT('2D SPACE',''
  ) );
#9392 = ADVANCED_FACE('',(#9393),#6694,.F.);
#9393 = FACE_BOUND('',#9394,.F.);
#9394 = EDGE_LOOP('',(#9395,#9418,#9439,#9440));
#9395 = ORIENTED_EDGE('',*,*,#9396,.F.);
#9396 = EDGE_CURVE('',#9397,#6680,#9399,.T.);
#9397 = VERTEX_POINT('',#9398);
#9398 = CARTESIAN_POINT('',(25.65,4.,4.495));
#9399 = SURFACE_CURVE('',#9400,(#9404,#9411),.PCURVE_S1.);
#9400 = LINE('',#9401,#9402);
#9401 = CARTESIAN_POINT('',(25.65,4.,4.495));
#9402 = VECTOR('',#9403,1.);
#9403 = DIRECTION('',(1.,0.,0.));
#9404 = PCURVE('',#6694,#9405);
#9405 = DEFINITIONAL_REPRESENTATION('',(#9406),#9410);
#9406 = LINE('',#9407,#9408);
#9407 = CARTESIAN_POINT('',(0.,0.));
#9408 = VECTOR('',#9409,1.);
#9409 = DIRECTION('',(1.,0.));
#9410 = ( GEOMETRIC_REPRESENTATION_CONTEXT(2) 
PARAMETRIC_REPRESENTATION_CONTEXT() REPRESENTATION_CONTEXT('2D SPACE',''
  ) );
#9411 = PCURVE('',#6720,#9412);
#9412 = DEFINITIONAL_REPRESENTATION('',(#9413),#9417);
#9413 = LINE('',#9414,#9415);
#9414 = CARTESIAN_POINT('',(3.237104637337,-1.));
#9415 = VECTOR('',#9416,1.);
#9416 = DIRECTION('',(0.,1.));
#9417 = ( GEOMETRIC_REPRESENTATION_CONTEXT(2) 
PARAMETRIC_REPRESENTATION_CONTEXT() REPRESENTATION_CONTEXT('2D SPACE',''
  ) );
#9418 = ORIENTED_EDGE('',*,*,#9419,.T.);
#9419 = EDGE_CURVE('',#9397,#9323,#9420,.T.);
#9420 = SURFACE_CURVE('',#9421,(#9425,#9432),.PCURVE_S1.);
#9421 = LINE('',#9422,#9423);
#9422 = CARTESIAN_POINT('',(25.65,4.,4.495));
#9423 = VECTOR('',#9424,1.);
#9424 = DIRECTION('',(0.,-1.,0.));
#9425 = PCURVE('',#6694,#9426);
#9426 = DEFINITIONAL_REPRESENTATION('',(#9427),#9431);
#9427 = LINE('',#9428,#9429);
#9428 = CARTESIAN_POINT('',(0.,0.));
#9429 = VECTOR('',#9430,1.);
#9430 = DIRECTION('',(0.,-1.));
#9431 = ( GEOMETRIC_REPRESENTATION_CONTEXT(2) 
PARAMETRIC_REPRESENTATION_CONTEXT() REPRESENTATION_CONTEXT('2D SPACE',''
  ) );
#9432 = PCURVE('',#9338,#9433);
#9433 = DEFINITIONAL_REPRESENTATION('',(#9434),#9438);
#9434 = LINE('',#9435,#9436);
#9435 = CARTESIAN_POINT('',(5.51,0.));
#9436 = VECTOR('',#9437,1.);
#9437 = DIRECTION('',(0.,-1.));
#9438 = ( GEOMETRIC_REPRESENTATION_CONTEXT(2) 
PARAMETRIC_REPRESENTATION_CONTEXT() REPRESENTATION_CONTEXT('2D SPACE',''
  ) );
#9439 = ORIENTED_EDGE('',*,*,#9350,.T.);
#9440 = ORIENTED_EDGE('',*,*,#6679,.T.);
#9441 = ADVANCED_FACE('',(#9442),#6744,.F.);
#9442 = FACE_BOUND('',#9443,.F.);
#9443 = EDGE_LOOP('',(#9444,#9467,#9468,#9469));
#9444 = ORIENTED_EDGE('',*,*,#9445,.F.);
#9445 = EDGE_CURVE('',#6706,#9446,#9448,.T.);
#9446 = VERTEX_POINT('',#9447);
#9447 = CARTESIAN_POINT('',(25.65,4.,10.005));
#9448 = SURFACE_CURVE('',#9449,(#9453,#9460),.PCURVE_S1.);
#9449 = LINE('',#9450,#9451);
#9450 = CARTESIAN_POINT('',(26.45,4.,11.505));
#9451 = VECTOR('',#9452,1.);
#9452 = DIRECTION('',(-0.470588235294,0.,-0.882352941176));
#9453 = PCURVE('',#6744,#9454);
#9454 = DEFINITIONAL_REPRESENTATION('',(#9455),#9459);
#9455 = LINE('',#9456,#9457);
#9456 = CARTESIAN_POINT('',(0.,0.));
#9457 = VECTOR('',#9458,1.);
#9458 = DIRECTION('',(1.,0.));
#9459 = ( GEOMETRIC_REPRESENTATION_CONTEXT(2) 
PARAMETRIC_REPRESENTATION_CONTEXT() REPRESENTATION_CONTEXT('2D SPACE',''
  ) );
#9460 = PCURVE('',#6720,#9461);
#9461 = DEFINITIONAL_REPRESENTATION('',(#9462),#9466);
#9462 = LINE('',#9463,#9464);
#9463 = CARTESIAN_POINT('',(-3.772895362663,-0.2));
#9464 = VECTOR('',#9465,1.);
#9465 = DIRECTION('',(0.882352941176,-0.470588235294));
#9466 = ( GEOMETRIC_REPRESENTATION_CONTEXT(2) 
PARAMETRIC_REPRESENTATION_CONTEXT() REPRESENTATION_CONTEXT('2D SPACE',''
  ) );
#9467 = ORIENTED_EDGE('',*,*,#6731,.T.);
#9468 = ORIENTED_EDGE('',*,*,#9372,.T.);
#9469 = ORIENTED_EDGE('',*,*,#9470,.F.);
#9470 = EDGE_CURVE('',#9446,#9321,#9471,.T.);
#9471 = SURFACE_CURVE('',#9472,(#9476,#9483),.PCURVE_S1.);
#9472 = LINE('',#9473,#9474);
#9473 = CARTESIAN_POINT('',(25.65,4.,10.005));
#9474 = VECTOR('',#9475,1.);
#9475 = DIRECTION('',(0.,-1.,0.));
#9476 = PCURVE('',#6744,#9477);
#9477 = DEFINITIONAL_REPRESENTATION('',(#9478),#9482);
#9478 = LINE('',#9479,#9480);
#9479 = CARTESIAN_POINT('',(1.7,0.));
#9480 = VECTOR('',#9481,1.);
#9481 = DIRECTION('',(-0.,-1.));
#9482 = ( GEOMETRIC_REPRESENTATION_CONTEXT(2) 
PARAMETRIC_REPRESENTATION_CONTEXT() REPRESENTATION_CONTEXT('2D SPACE',''
  ) );
#9483 = PCURVE('',#9338,#9484);
#9484 = DEFINITIONAL_REPRESENTATION('',(#9485),#9489);
#9485 = LINE('',#9486,#9487);
#9486 = CARTESIAN_POINT('',(0.,0.));
#9487 = VECTOR('',#9488,1.);
#9488 = DIRECTION('',(0.,-1.));
#9489 = ( GEOMETRIC_REPRESENTATION_CONTEXT(2) 
PARAMETRIC_REPRESENTATION_CONTEXT() REPRESENTATION_CONTEXT('2D SPACE',''
  ) );
#9490 = ADVANCED_FACE('',(#9491),#6720,.F.);
#9491 = FACE_BOUND('',#9492,.F.);
#9492 = EDGE_LOOP('',(#9493,#9514,#9515,#9516));
#9493 = ORIENTED_EDGE('',*,*,#9494,.T.);
#9494 = EDGE_CURVE('',#9446,#9397,#9495,.T.);
#9495 = SURFACE_CURVE('',#9496,(#9500,#9507),.PCURVE_S1.);
#9496 = LINE('',#9497,#9498);
#9497 = CARTESIAN_POINT('',(25.65,4.,10.005));
#9498 = VECTOR('',#9499,1.);
#9499 = DIRECTION('',(0.,0.,-1.));
#9500 = PCURVE('',#6720,#9501);
#9501 = DEFINITIONAL_REPRESENTATION('',(#9502),#9506);
#9502 = LINE('',#9503,#9504);
#9503 = CARTESIAN_POINT('',(-2.272895362663,-1.));
#9504 = VECTOR('',#9505,1.);
#9505 = DIRECTION('',(1.,0.));
#9506 = ( GEOMETRIC_REPRESENTATION_CONTEXT(2) 
PARAMETRIC_REPRESENTATION_CONTEXT() REPRESENTATION_CONTEXT('2D SPACE',''
  ) );
#9507 = PCURVE('',#9338,#9508);
#9508 = DEFINITIONAL_REPRESENTATION('',(#9509),#9513);
#9509 = LINE('',#9510,#9511);
#9510 = CARTESIAN_POINT('',(0.,0.));
#9511 = VECTOR('',#9512,1.);
#9512 = DIRECTION('',(1.,0.));
#9513 = ( GEOMETRIC_REPRESENTATION_CONTEXT(2) 
PARAMETRIC_REPRESENTATION_CONTEXT() REPRESENTATION_CONTEXT('2D SPACE',''
  ) );
#9514 = ORIENTED_EDGE('',*,*,#9396,.T.);
#9515 = ORIENTED_EDGE('',*,*,#6705,.T.);
#9516 = ORIENTED_EDGE('',*,*,#9445,.T.);
#9517 = ADVANCED_FACE('',(#9518),#6774,.T.);
#9518 = FACE_BOUND('',#9519,.T.);
#9519 = EDGE_LOOP('',(#9520,#9550,#9571,#9572));
#9520 = ORIENTED_EDGE('',*,*,#9521,.T.);
#9521 = EDGE_CURVE('',#9522,#9524,#9526,.T.);
#9522 = VERTEX_POINT('',#9523);
#9523 = CARTESIAN_POINT('',(25.65,26.,10.005));
#9524 = VERTEX_POINT('',#9525);
#9525 = CARTESIAN_POINT('',(25.65,26.,4.495));
#9526 = SURFACE_CURVE('',#9527,(#9531,#9538),.PCURVE_S1.);
#9527 = LINE('',#9528,#9529);
#9528 = CARTESIAN_POINT('',(25.65,26.,10.005));
#9529 = VECTOR('',#9530,1.);
#9530 = DIRECTION('',(0.,0.,-1.));
#9531 = PCURVE('',#6774,#9532);
#9532 = DEFINITIONAL_REPRESENTATION('',(#9533),#9537);
#9533 = LINE('',#9534,#9535);
#9534 = CARTESIAN_POINT('',(-2.272895362663,-1.));
#9535 = VECTOR('',#9536,1.);
#9536 = DIRECTION('',(1.,0.));
#9537 = ( GEOMETRIC_REPRESENTATION_CONTEXT(2) 
PARAMETRIC_REPRESENTATION_CONTEXT() REPRESENTATION_CONTEXT('2D SPACE',''
  ) );
#9538 = PCURVE('',#9539,#9544);
#9539 = PLANE('',#9540);
#9540 = AXIS2_PLACEMENT_3D('',#9541,#9542,#9543);
#9541 = CARTESIAN_POINT('',(25.65,34.,10.005));
#9542 = DIRECTION('',(1.,0.,0.));
#9543 = DIRECTION('',(0.,0.,-1.));
#9544 = DEFINITIONAL_REPRESENTATION('',(#9545),#9549);
#9545 = LINE('',#9546,#9547);
#9546 = CARTESIAN_POINT('',(0.,-8.));
#9547 = VECTOR('',#9548,1.);
#9548 = DIRECTION('',(1.,0.));
#9549 = ( GEOMETRIC_REPRESENTATION_CONTEXT(2) 
PARAMETRIC_REPRESENTATION_CONTEXT() REPRESENTATION_CONTEXT('2D SPACE',''
  ) );
#9550 = ORIENTED_EDGE('',*,*,#9551,.T.);
#9551 = EDGE_CURVE('',#9524,#6758,#9552,.T.);
#9552 = SURFACE_CURVE('',#9553,(#9557,#9564),.PCURVE_S1.);
#9553 = LINE('',#9554,#9555);
#9554 = CARTESIAN_POINT('',(25.65,26.,4.495));
#9555 = VECTOR('',#9556,1.);
#9556 = DIRECTION('',(1.,0.,0.));
#9557 = PCURVE('',#6774,#9558);
#9558 = DEFINITIONAL_REPRESENTATION('',(#9559),#9563);
#9559 = LINE('',#9560,#9561);
#9560 = CARTESIAN_POINT('',(3.237104637337,-1.));
#9561 = VECTOR('',#9562,1.);
#9562 = DIRECTION('',(0.,1.));
#9563 = ( GEOMETRIC_REPRESENTATION_CONTEXT(2) 
PARAMETRIC_REPRESENTATION_CONTEXT() REPRESENTATION_CONTEXT('2D SPACE',''
  ) );
#9564 = PCURVE('',#6800,#9565);
#9565 = DEFINITIONAL_REPRESENTATION('',(#9566),#9570);
#9566 = LINE('',#9567,#9568);
#9567 = CARTESIAN_POINT('',(0.,-8.));
#9568 = VECTOR('',#9569,1.);
#9569 = DIRECTION('',(1.,0.));
#9570 = ( GEOMETRIC_REPRESENTATION_CONTEXT(2) 
PARAMETRIC_REPRESENTATION_CONTEXT() REPRESENTATION_CONTEXT('2D SPACE',''
  ) );
#9571 = ORIENTED_EDGE('',*,*,#6757,.T.);
#9572 = ORIENTED_EDGE('',*,*,#9573,.T.);
#9573 = EDGE_CURVE('',#6760,#9522,#9574,.T.);
#9574 = SURFACE_CURVE('',#9575,(#9579,#9586),.PCURVE_S1.);
#9575 = LINE('',#9576,#9577);
#9576 = CARTESIAN_POINT('',(26.45,26.,11.505));
#9577 = VECTOR('',#9578,1.);
#9578 = DIRECTION('',(-0.470588235294,0.,-0.882352941176));
#9579 = PCURVE('',#6774,#9580);
#9580 = DEFINITIONAL_REPRESENTATION('',(#9581),#9585);
#9581 = LINE('',#9582,#9583);
#9582 = CARTESIAN_POINT('',(-3.772895362663,-0.2));
#9583 = VECTOR('',#9584,1.);
#9584 = DIRECTION('',(0.882352941176,-0.470588235294));
#9585 = ( GEOMETRIC_REPRESENTATION_CONTEXT(2) 
PARAMETRIC_REPRESENTATION_CONTEXT() REPRESENTATION_CONTEXT('2D SPACE',''
  ) );
#9586 = PCURVE('',#6850,#9587);
#9587 = DEFINITIONAL_REPRESENTATION('',(#9588),#9592);
#9588 = LINE('',#9589,#9590);
#9589 = CARTESIAN_POINT('',(-0.,-8.));
#9590 = VECTOR('',#9591,1.);
#9591 = DIRECTION('',(1.,0.));
#9592 = ( GEOMETRIC_REPRESENTATION_CONTEXT(2) 
PARAMETRIC_REPRESENTATION_CONTEXT() REPRESENTATION_CONTEXT('2D SPACE',''
  ) );
#9593 = ADVANCED_FACE('',(#9594),#6800,.F.);
#9594 = FACE_BOUND('',#9595,.F.);
#9595 = EDGE_LOOP('',(#9596,#9619,#9640,#9641));
#9596 = ORIENTED_EDGE('',*,*,#9597,.F.);
#9597 = EDGE_CURVE('',#9598,#6786,#9600,.T.);
#9598 = VERTEX_POINT('',#9599);
#9599 = CARTESIAN_POINT('',(25.65,34.,4.495));
#9600 = SURFACE_CURVE('',#9601,(#9605,#9612),.PCURVE_S1.);
#9601 = LINE('',#9602,#9603);
#9602 = CARTESIAN_POINT('',(25.65,34.,4.495));
#9603 = VECTOR('',#9604,1.);
#9604 = DIRECTION('',(1.,0.,0.));
#9605 = PCURVE('',#6800,#9606);
#9606 = DEFINITIONAL_REPRESENTATION('',(#9607),#9611);
#9607 = LINE('',#9608,#9609);
#9608 = CARTESIAN_POINT('',(0.,0.));
#9609 = VECTOR('',#9610,1.);
#9610 = DIRECTION('',(1.,0.));
#9611 = ( GEOMETRIC_REPRESENTATION_CONTEXT(2) 
PARAMETRIC_REPRESENTATION_CONTEXT() REPRESENTATION_CONTEXT('2D SPACE',''
  ) );
#9612 = PCURVE('',#6826,#9613);
#9613 = DEFINITIONAL_REPRESENTATION('',(#9614),#9618);
#9614 = LINE('',#9615,#9616);
#9615 = CARTESIAN_POINT('',(3.237104637337,-1.));
#9616 = VECTOR('',#9617,1.);
#9617 = DIRECTION('',(0.,1.));
#9618 = ( GEOMETRIC_REPRESENTATION_CONTEXT(2) 
PARAMETRIC_REPRESENTATION_CONTEXT() REPRESENTATION_CONTEXT('2D SPACE',''
  ) );
#9619 = ORIENTED_EDGE('',*,*,#9620,.T.);
#9620 = EDGE_CURVE('',#9598,#9524,#9621,.T.);
#9621 = SURFACE_CURVE('',#9622,(#9626,#9633),.PCURVE_S1.);
#9622 = LINE('',#9623,#9624);
#9623 = CARTESIAN_POINT('',(25.65,34.,4.495));
#9624 = VECTOR('',#9625,1.);
#9625 = DIRECTION('',(0.,-1.,0.));
#9626 = PCURVE('',#6800,#9627);
#9627 = DEFINITIONAL_REPRESENTATION('',(#9628),#9632);
#9628 = LINE('',#9629,#9630);
#9629 = CARTESIAN_POINT('',(0.,0.));
#9630 = VECTOR('',#9631,1.);
#9631 = DIRECTION('',(0.,-1.));
#9632 = ( GEOMETRIC_REPRESENTATION_CONTEXT(2) 
PARAMETRIC_REPRESENTATION_CONTEXT() REPRESENTATION_CONTEXT('2D SPACE',''
  ) );
#9633 = PCURVE('',#9539,#9634);
#9634 = DEFINITIONAL_REPRESENTATION('',(#9635),#9639);
#9635 = LINE('',#9636,#9637);
#9636 = CARTESIAN_POINT('',(5.51,0.));
#9637 = VECTOR('',#9638,1.);
#9638 = DIRECTION('',(0.,-1.));
#9639 = ( GEOMETRIC_REPRESENTATION_CONTEXT(2) 
PARAMETRIC_REPRESENTATION_CONTEXT() REPRESENTATION_CONTEXT('2D SPACE',''
  ) );
#9640 = ORIENTED_EDGE('',*,*,#9551,.T.);
#9641 = ORIENTED_EDGE('',*,*,#6785,.T.);
#9642 = ADVANCED_FACE('',(#9643),#6850,.F.);
#9643 = FACE_BOUND('',#9644,.F.);
#9644 = EDGE_LOOP('',(#9645,#9668,#9669,#9670));
#9645 = ORIENTED_EDGE('',*,*,#9646,.F.);
#9646 = EDGE_CURVE('',#6812,#9647,#9649,.T.);
#9647 = VERTEX_POINT('',#9648);
#9648 = CARTESIAN_POINT('',(25.65,34.,10.005));
#9649 = SURFACE_CURVE('',#9650,(#9654,#9661),.PCURVE_S1.);
#9650 = LINE('',#9651,#9652);
#9651 = CARTESIAN_POINT('',(26.45,34.,11.505));
#9652 = VECTOR('',#9653,1.);
#9653 = DIRECTION('',(-0.470588235294,0.,-0.882352941176));
#9654 = PCURVE('',#6850,#9655);
#9655 = DEFINITIONAL_REPRESENTATION('',(#9656),#9660);
#9656 = LINE('',#9657,#9658);
#9657 = CARTESIAN_POINT('',(0.,0.));
#9658 = VECTOR('',#9659,1.);
#9659 = DIRECTION('',(1.,0.));
#9660 = ( GEOMETRIC_REPRESENTATION_CONTEXT(2) 
PARAMETRIC_REPRESENTATION_CONTEXT() REPRESENTATION_CONTEXT('2D SPACE',''
  ) );
#9661 = PCURVE('',#6826,#9662);
#9662 = DEFINITIONAL_REPRESENTATION('',(#9663),#9667);
#9663 = LINE('',#9664,#9665);
#9664 = CARTESIAN_POINT('',(-3.772895362663,-0.2));
#9665 = VECTOR('',#9666,1.);
#9666 = DIRECTION('',(0.882352941176,-0.470588235294));
#9667 = ( GEOMETRIC_REPRESENTATION_CONTEXT(2) 
PARAMETRIC_REPRESENTATION_CONTEXT() REPRESENTATION_CONTEXT('2D SPACE',''
  ) );
#9668 = ORIENTED_EDGE('',*,*,#6837,.T.);
#9669 = ORIENTED_EDGE('',*,*,#9573,.T.);
#9670 = ORIENTED_EDGE('',*,*,#9671,.F.);
#9671 = EDGE_CURVE('',#9647,#9522,#9672,.T.);
#9672 = SURFACE_CURVE('',#9673,(#9677,#9684),.PCURVE_S1.);
#9673 = LINE('',#9674,#9675);
#9674 = CARTESIAN_POINT('',(25.65,34.,10.005));
#9675 = VECTOR('',#9676,1.);
#9676 = DIRECTION('',(0.,-1.,0.));
#9677 = PCURVE('',#6850,#9678);
#9678 = DEFINITIONAL_REPRESENTATION('',(#9679),#9683);
#9679 = LINE('',#9680,#9681);
#9680 = CARTESIAN_POINT('',(1.7,0.));
#9681 = VECTOR('',#9682,1.);
#9682 = DIRECTION('',(-0.,-1.));
#9683 = ( GEOMETRIC_REPRESENTATION_CONTEXT(2) 
PARAMETRIC_REPRESENTATION_CONTEXT() REPRESENTATION_CONTEXT('2D SPACE',''
  ) );
#9684 = PCURVE('',#9539,#9685);
#9685 = DEFINITIONAL_REPRESENTATION('',(#9686),#9690);
#9686 = LINE('',#9687,#9688);
#9687 = CARTESIAN_POINT('',(0.,0.));
#9688 = VECTOR('',#9689,1.);
#9689 = DIRECTION('',(0.,-1.));
#9690 = ( GEOMETRIC_REPRESENTATION_CONTEXT(2) 
PARAMETRIC_REPRESENTATION_CONTEXT() REPRESENTATION_CONTEXT('2D SPACE',''
  ) );
#9691 = ADVANCED_FACE('',(#9692),#6826,.F.);
#9692 = FACE_BOUND('',#9693,.F.);
#9693 = EDGE_LOOP('',(#9694,#9715,#9716,#9717));
#9694 = ORIENTED_EDGE('',*,*,#9695,.T.);
#9695 = EDGE_CURVE('',#9647,#9598,#9696,.T.);
#9696 = SURFACE_CURVE('',#9697,(#9701,#9708),.PCURVE_S1.);
#9697 = LINE('',#9698,#9699);
#9698 = CARTESIAN_POINT('',(25.65,34.,10.005));
#9699 = VECTOR('',#9700,1.);
#9700 = DIRECTION('',(0.,0.,-1.));
#9701 = PCURVE('',#6826,#9702);
#9702 = DEFINITIONAL_REPRESENTATION('',(#9703),#9707);
#9703 = LINE('',#9704,#9705);
#9704 = CARTESIAN_POINT('',(-2.272895362663,-1.));
#9705 = VECTOR('',#9706,1.);
#9706 = DIRECTION('',(1.,0.));
#9707 = ( GEOMETRIC_REPRESENTATION_CONTEXT(2) 
PARAMETRIC_REPRESENTATION_CONTEXT() REPRESENTATION_CONTEXT('2D SPACE',''
  ) );
#9708 = PCURVE('',#9539,#9709);
#9709 = DEFINITIONAL_REPRESENTATION('',(#9710),#9714);
#9710 = LINE('',#9711,#9712);
#9711 = CARTESIAN_POINT('',(0.,0.));
#9712 = VECTOR('',#9713,1.);
#9713 = DIRECTION('',(1.,0.));
#9714 = ( GEOMETRIC_REPRESENTATION_CONTEXT(2) 
PARAMETRIC_REPRESENTATION_CONTEXT() REPRESENTATION_CONTEXT('2D SPACE',''
  ) );
#9715 = ORIENTED_EDGE('',*,*,#9597,.T.);
#9716 = ORIENTED_EDGE('',*,*,#6811,.T.);
#9717 = ORIENTED_EDGE('',*,*,#9646,.T.);
#9718 = ADVANCED_FACE('',(#9719),#6961,.F.);
#9719 = FACE_BOUND('',#9720,.F.);
#9720 = EDGE_LOOP('',(#9721,#9722,#9745,#9773));
#9721 = ORIENTED_EDGE('',*,*,#6944,.T.);
#9722 = ORIENTED_EDGE('',*,*,#9723,.T.);
#9723 = EDGE_CURVE('',#6947,#9724,#9726,.T.);
#9724 = VERTEX_POINT('',#9725);
#9725 = CARTESIAN_POINT('',(-24.,31.5,20.54));
#9726 = SURFACE_CURVE('',#9727,(#9731,#9738),.PCURVE_S1.);
#9727 = LINE('',#9728,#9729);
#9728 = CARTESIAN_POINT('',(-26.2,31.5,18.34));
#9729 = VECTOR('',#9730,1.);
#9730 = DIRECTION('',(0.707106781187,0.,0.707106781187));
#9731 = PCURVE('',#6961,#9732);
#9732 = DEFINITIONAL_REPRESENTATION('',(#9733),#9737);
#9733 = LINE('',#9734,#9735);
#9734 = CARTESIAN_POINT('',(2.374491606449,-0.373199327798));
#9735 = VECTOR('',#9736,1.);
#9736 = DIRECTION('',(-0.707106781187,0.707106781187));
#9737 = ( GEOMETRIC_REPRESENTATION_CONTEXT(2) 
PARAMETRIC_REPRESENTATION_CONTEXT() REPRESENTATION_CONTEXT('2D SPACE',''
  ) );
#9738 = PCURVE('',#6988,#9739);
#9739 = DEFINITIONAL_REPRESENTATION('',(#9740),#9744);
#9740 = LINE('',#9741,#9742);
#9741 = CARTESIAN_POINT('',(0.,0.));
#9742 = VECTOR('',#9743,1.);
#9743 = DIRECTION('',(1.,0.));
#9744 = ( GEOMETRIC_REPRESENTATION_CONTEXT(2) 
PARAMETRIC_REPRESENTATION_CONTEXT() REPRESENTATION_CONTEXT('2D SPACE',''
  ) );
#9745 = ORIENTED_EDGE('',*,*,#9746,.T.);
#9746 = EDGE_CURVE('',#9724,#9747,#9749,.T.);
#9747 = VERTEX_POINT('',#9748);
#9748 = CARTESIAN_POINT('',(-24.,31.5,22.54));
#9749 = SURFACE_CURVE('',#9750,(#9754,#9761),.PCURVE_S1.);
#9750 = LINE('',#9751,#9752);
#9751 = CARTESIAN_POINT('',(-24.,31.5,20.54));
#9752 = VECTOR('',#9753,1.);
#9753 = DIRECTION('',(0.,0.,1.));
#9754 = PCURVE('',#6961,#9755);
#9755 = DEFINITIONAL_REPRESENTATION('',(#9756),#9760);
#9756 = LINE('',#9757,#9758);
#9757 = CARTESIAN_POINT('',(0.174491606449,1.826800672202));
#9758 = VECTOR('',#9759,1.);
#9759 = DIRECTION('',(-1.,0.));
#9760 = ( GEOMETRIC_REPRESENTATION_CONTEXT(2) 
PARAMETRIC_REPRESENTATION_CONTEXT() REPRESENTATION_CONTEXT('2D SPACE',''
  ) );
#9761 = PCURVE('',#9762,#9767);
#9762 = PLANE('',#9763);
#9763 = AXIS2_PLACEMENT_3D('',#9764,#9765,#9766);
#9764 = CARTESIAN_POINT('',(-24.,31.5,20.54));
#9765 = DIRECTION('',(-1.,0.,0.));
#9766 = DIRECTION('',(0.,0.,1.));
#9767 = DEFINITIONAL_REPRESENTATION('',(#9768),#9772);
#9768 = LINE('',#9769,#9770);
#9769 = CARTESIAN_POINT('',(0.,0.));
#9770 = VECTOR('',#9771,1.);
#9771 = DIRECTION('',(1.,0.));
#9772 = ( GEOMETRIC_REPRESENTATION_CONTEXT(2) 
PARAMETRIC_REPRESENTATION_CONTEXT() REPRESENTATION_CONTEXT('2D SPACE',''
  ) );
#9773 = ORIENTED_EDGE('',*,*,#9774,.T.);
#9774 = EDGE_CURVE('',#9747,#6945,#9775,.T.);
#9775 = SURFACE_CURVE('',#9776,(#9780,#9787),.PCURVE_S1.);
#9776 = LINE('',#9777,#9778);
#9777 = CARTESIAN_POINT('',(-24.,31.5,22.54));
#9778 = VECTOR('',#9779,1.);
#9779 = DIRECTION('',(-1.,0.,0.));
#9780 = PCURVE('',#6961,#9781);
#9781 = DEFINITIONAL_REPRESENTATION('',(#9782),#9786);
#9782 = LINE('',#9783,#9784);
#9783 = CARTESIAN_POINT('',(-1.825508393551,1.826800672202));
#9784 = VECTOR('',#9785,1.);
#9785 = DIRECTION('',(0.,-1.));
#9786 = ( GEOMETRIC_REPRESENTATION_CONTEXT(2) 
PARAMETRIC_REPRESENTATION_CONTEXT() REPRESENTATION_CONTEXT('2D SPACE',''
  ) );
#9787 = PCURVE('',#7039,#9788);
#9788 = DEFINITIONAL_REPRESENTATION('',(#9789),#9793);
#9789 = LINE('',#9790,#9791);
#9790 = CARTESIAN_POINT('',(0.,0.));
#9791 = VECTOR('',#9792,1.);
#9792 = DIRECTION('',(1.,0.));
#9793 = ( GEOMETRIC_REPRESENTATION_CONTEXT(2) 
PARAMETRIC_REPRESENTATION_CONTEXT() REPRESENTATION_CONTEXT('2D SPACE',''
  ) );
#9794 = ADVANCED_FACE('',(#9795),#7039,.F.);
#9795 = FACE_BOUND('',#9796,.F.);
#9796 = EDGE_LOOP('',(#9797,#9798,#9821,#9842));
#9797 = ORIENTED_EDGE('',*,*,#9774,.F.);
#9798 = ORIENTED_EDGE('',*,*,#9799,.T.);
#9799 = EDGE_CURVE('',#9747,#9800,#9802,.T.);
#9800 = VERTEX_POINT('',#9801);
#9801 = CARTESIAN_POINT('',(-24.,28.5,22.54));
#9802 = SURFACE_CURVE('',#9803,(#9807,#9814),.PCURVE_S1.);
#9803 = LINE('',#9804,#9805);
#9804 = CARTESIAN_POINT('',(-24.,31.5,22.54));
#9805 = VECTOR('',#9806,1.);
#9806 = DIRECTION('',(0.,-1.,0.));
#9807 = PCURVE('',#7039,#9808);
#9808 = DEFINITIONAL_REPRESENTATION('',(#9809),#9813);
#9809 = LINE('',#9810,#9811);
#9810 = CARTESIAN_POINT('',(0.,0.));
#9811 = VECTOR('',#9812,1.);
#9812 = DIRECTION('',(0.,-1.));
#9813 = ( GEOMETRIC_REPRESENTATION_CONTEXT(2) 
PARAMETRIC_REPRESENTATION_CONTEXT() REPRESENTATION_CONTEXT('2D SPACE',''
  ) );
#9814 = PCURVE('',#9762,#9815);
#9815 = DEFINITIONAL_REPRESENTATION('',(#9816),#9820);
#9816 = LINE('',#9817,#9818);
#9817 = CARTESIAN_POINT('',(2.,0.));
#9818 = VECTOR('',#9819,1.);
#9819 = DIRECTION('',(0.,-1.));
#9820 = ( GEOMETRIC_REPRESENTATION_CONTEXT(2) 
PARAMETRIC_REPRESENTATION_CONTEXT() REPRESENTATION_CONTEXT('2D SPACE',''
  ) );
#9821 = ORIENTED_EDGE('',*,*,#9822,.T.);
#9822 = EDGE_CURVE('',#9800,#7001,#9823,.T.);
#9823 = SURFACE_CURVE('',#9824,(#9828,#9835),.PCURVE_S1.);
#9824 = LINE('',#9825,#9826);
#9825 = CARTESIAN_POINT('',(-24.,28.5,22.54));
#9826 = VECTOR('',#9827,1.);
#9827 = DIRECTION('',(-1.,0.,0.));
#9828 = PCURVE('',#7039,#9829);
#9829 = DEFINITIONAL_REPRESENTATION('',(#9830),#9834);
#9830 = LINE('',#9831,#9832);
#9831 = CARTESIAN_POINT('',(0.,-3.));
#9832 = VECTOR('',#9833,1.);
#9833 = DIRECTION('',(1.,0.));
#9834 = ( GEOMETRIC_REPRESENTATION_CONTEXT(2) 
PARAMETRIC_REPRESENTATION_CONTEXT() REPRESENTATION_CONTEXT('2D SPACE',''
  ) );
#9835 = PCURVE('',#7015,#9836);
#9836 = DEFINITIONAL_REPRESENTATION('',(#9837),#9841);
#9837 = LINE('',#9838,#9839);
#9838 = CARTESIAN_POINT('',(-1.825508393551,1.826800672202));
#9839 = VECTOR('',#9840,1.);
#9840 = DIRECTION('',(0.,-1.));
#9841 = ( GEOMETRIC_REPRESENTATION_CONTEXT(2) 
PARAMETRIC_REPRESENTATION_CONTEXT() REPRESENTATION_CONTEXT('2D SPACE',''
  ) );
#9842 = ORIENTED_EDGE('',*,*,#7026,.T.);
#9843 = ADVANCED_FACE('',(#9844),#7015,.T.);
#9844 = FACE_BOUND('',#9845,.T.);
#9845 = EDGE_LOOP('',(#9846,#9847,#9870,#9891));
#9846 = ORIENTED_EDGE('',*,*,#7000,.T.);
#9847 = ORIENTED_EDGE('',*,*,#9848,.T.);
#9848 = EDGE_CURVE('',#6973,#9849,#9851,.T.);
#9849 = VERTEX_POINT('',#9850);
#9850 = CARTESIAN_POINT('',(-24.,28.5,20.54));
#9851 = SURFACE_CURVE('',#9852,(#9856,#9863),.PCURVE_S1.);
#9852 = LINE('',#9853,#9854);
#9853 = CARTESIAN_POINT('',(-26.2,28.5,18.34));
#9854 = VECTOR('',#9855,1.);
#9855 = DIRECTION('',(0.707106781187,0.,0.707106781187));
#9856 = PCURVE('',#7015,#9857);
#9857 = DEFINITIONAL_REPRESENTATION('',(#9858),#9862);
#9858 = LINE('',#9859,#9860);
#9859 = CARTESIAN_POINT('',(2.374491606449,-0.373199327798));
#9860 = VECTOR('',#9861,1.);
#9861 = DIRECTION('',(-0.707106781187,0.707106781187));
#9862 = ( GEOMETRIC_REPRESENTATION_CONTEXT(2) 
PARAMETRIC_REPRESENTATION_CONTEXT() REPRESENTATION_CONTEXT('2D SPACE',''
  ) );
#9863 = PCURVE('',#6988,#9864);
#9864 = DEFINITIONAL_REPRESENTATION('',(#9865),#9869);
#9865 = LINE('',#9866,#9867);
#9866 = CARTESIAN_POINT('',(0.,-3.));
#9867 = VECTOR('',#9868,1.);
#9868 = DIRECTION('',(1.,0.));
#9869 = ( GEOMETRIC_REPRESENTATION_CONTEXT(2) 
PARAMETRIC_REPRESENTATION_CONTEXT() REPRESENTATION_CONTEXT('2D SPACE',''
  ) );
#9870 = ORIENTED_EDGE('',*,*,#9871,.T.);
#9871 = EDGE_CURVE('',#9849,#9800,#9872,.T.);
#9872 = SURFACE_CURVE('',#9873,(#9877,#9884),.PCURVE_S1.);
#9873 = LINE('',#9874,#9875);
#9874 = CARTESIAN_POINT('',(-24.,28.5,20.54));
#9875 = VECTOR('',#9876,1.);
#9876 = DIRECTION('',(0.,0.,1.));
#9877 = PCURVE('',#7015,#9878);
#9878 = DEFINITIONAL_REPRESENTATION('',(#9879),#9883);
#9879 = LINE('',#9880,#9881);
#9880 = CARTESIAN_POINT('',(0.174491606449,1.826800672202));
#9881 = VECTOR('',#9882,1.);
#9882 = DIRECTION('',(-1.,0.));
#9883 = ( GEOMETRIC_REPRESENTATION_CONTEXT(2) 
PARAMETRIC_REPRESENTATION_CONTEXT() REPRESENTATION_CONTEXT('2D SPACE',''
  ) );
#9884 = PCURVE('',#9762,#9885);
#9885 = DEFINITIONAL_REPRESENTATION('',(#9886),#9890);
#9886 = LINE('',#9887,#9888);
#9887 = CARTESIAN_POINT('',(0.,-3.));
#9888 = VECTOR('',#9889,1.);
#9889 = DIRECTION('',(1.,0.));
#9890 = ( GEOMETRIC_REPRESENTATION_CONTEXT(2) 
PARAMETRIC_REPRESENTATION_CONTEXT() REPRESENTATION_CONTEXT('2D SPACE',''
  ) );
#9891 = ORIENTED_EDGE('',*,*,#9822,.T.);
#9892 = ADVANCED_FACE('',(#9893),#6988,.F.);
#9893 = FACE_BOUND('',#9894,.F.);
#9894 = EDGE_LOOP('',(#9895,#9896,#9897,#9918));
#9895 = ORIENTED_EDGE('',*,*,#6972,.T.);
#9896 = ORIENTED_EDGE('',*,*,#9848,.T.);
#9897 = ORIENTED_EDGE('',*,*,#9898,.F.);
#9898 = EDGE_CURVE('',#9724,#9849,#9899,.T.);
#9899 = SURFACE_CURVE('',#9900,(#9904,#9911),.PCURVE_S1.);
#9900 = LINE('',#9901,#9902);
#9901 = CARTESIAN_POINT('',(-24.,31.5,20.54));
#9902 = VECTOR('',#9903,1.);
#9903 = DIRECTION('',(0.,-1.,0.));
#9904 = PCURVE('',#6988,#9905);
#9905 = DEFINITIONAL_REPRESENTATION('',(#9906),#9910);
#9906 = LINE('',#9907,#9908);
#9907 = CARTESIAN_POINT('',(3.111269837221,0.));
#9908 = VECTOR('',#9909,1.);
#9909 = DIRECTION('',(0.,-1.));
#9910 = ( GEOMETRIC_REPRESENTATION_CONTEXT(2) 
PARAMETRIC_REPRESENTATION_CONTEXT() REPRESENTATION_CONTEXT('2D SPACE',''
  ) );
#9911 = PCURVE('',#9762,#9912);
#9912 = DEFINITIONAL_REPRESENTATION('',(#9913),#9917);
#9913 = LINE('',#9914,#9915);
#9914 = CARTESIAN_POINT('',(0.,0.));
#9915 = VECTOR('',#9916,1.);
#9916 = DIRECTION('',(0.,-1.));
#9917 = ( GEOMETRIC_REPRESENTATION_CONTEXT(2) 
PARAMETRIC_REPRESENTATION_CONTEXT() REPRESENTATION_CONTEXT('2D SPACE',''
  ) );
#9918 = ORIENTED_EDGE('',*,*,#9723,.F.);
#9919 = ADVANCED_FACE('',(#9920),#7069,.F.);
#9920 = FACE_BOUND('',#9921,.F.);
#9921 = EDGE_LOOP('',(#9922,#9923,#9946,#9974,#10002));
#9922 = ORIENTED_EDGE('',*,*,#7052,.T.);
#9923 = ORIENTED_EDGE('',*,*,#9924,.T.);
#9924 = EDGE_CURVE('',#7055,#9925,#9927,.T.);
#9925 = VERTEX_POINT('',#9926);
#9926 = CARTESIAN_POINT('',(-24.,26.,20.54));
#9927 = SURFACE_CURVE('',#9928,(#9932,#9939),.PCURVE_S1.);
#9928 = LINE('',#9929,#9930);
#9929 = CARTESIAN_POINT('',(-26.2,26.,18.34));
#9930 = VECTOR('',#9931,1.);
#9931 = DIRECTION('',(0.707106781187,0.,0.707106781187));
#9932 = PCURVE('',#7069,#9933);
#9933 = DEFINITIONAL_REPRESENTATION('',(#9934),#9938);
#9934 = LINE('',#9935,#9936);
#9935 = CARTESIAN_POINT('',(2.182059656578,-0.180767377927));
#9936 = VECTOR('',#9937,1.);
#9937 = DIRECTION('',(-0.707106781187,0.707106781187));
#9938 = ( GEOMETRIC_REPRESENTATION_CONTEXT(2) 
PARAMETRIC_REPRESENTATION_CONTEXT() REPRESENTATION_CONTEXT('2D SPACE',''
  ) );
#9939 = PCURVE('',#7096,#9940);
#9940 = DEFINITIONAL_REPRESENTATION('',(#9941),#9945);
#9941 = LINE('',#9942,#9943);
#9942 = CARTESIAN_POINT('',(0.,0.));
#9943 = VECTOR('',#9944,1.);
#9944 = DIRECTION('',(1.,0.));
#9945 = ( GEOMETRIC_REPRESENTATION_CONTEXT(2) 
PARAMETRIC_REPRESENTATION_CONTEXT() REPRESENTATION_CONTEXT('2D SPACE',''
  ) );
#9946 = ORIENTED_EDGE('',*,*,#9947,.T.);
#9947 = EDGE_CURVE('',#9925,#9948,#9950,.T.);
#9948 = VERTEX_POINT('',#9949);
#9949 = CARTESIAN_POINT('',(-25.3,26.,20.54));
#9950 = SURFACE_CURVE('',#9951,(#9955,#9962),.PCURVE_S1.);
#9951 = LINE('',#9952,#9953);
#9952 = CARTESIAN_POINT('',(-24.,26.,20.54));
#9953 = VECTOR('',#9954,1.);
#9954 = DIRECTION('',(-1.,0.,0.));
#9955 = PCURVE('',#7069,#9956);
#9956 = DEFINITIONAL_REPRESENTATION('',(#9957),#9961);
#9957 = LINE('',#9958,#9959);
#9958 = CARTESIAN_POINT('',(-1.794034342169E-02,2.019232622073));
#9959 = VECTOR('',#9960,1.);
#9960 = DIRECTION('',(0.,-1.));
#9961 = ( GEOMETRIC_REPRESENTATION_CONTEXT(2) 
PARAMETRIC_REPRESENTATION_CONTEXT() REPRESENTATION_CONTEXT('2D SPACE',''
  ) );
#9962 = PCURVE('',#9963,#9968);
#9963 = PLANE('',#9964);
#9964 = AXIS2_PLACEMENT_3D('',#9965,#9966,#9967);
#9965 = CARTESIAN_POINT('',(-24.,26.,20.54));
#9966 = DIRECTION('',(-0.,-0.,-1.));
#9967 = DIRECTION('',(-1.,0.,0.));
#9968 = DEFINITIONAL_REPRESENTATION('',(#9969),#9973);
#9969 = LINE('',#9970,#9971);
#9970 = CARTESIAN_POINT('',(0.,0.));
#9971 = VECTOR('',#9972,1.);
#9972 = DIRECTION('',(1.,0.));
#9973 = ( GEOMETRIC_REPRESENTATION_CONTEXT(2) 
PARAMETRIC_REPRESENTATION_CONTEXT() REPRESENTATION_CONTEXT('2D SPACE',''
  ) );
#9974 = ORIENTED_EDGE('',*,*,#9975,.T.);
#9975 = EDGE_CURVE('',#9948,#9976,#9978,.T.);
#9976 = VERTEX_POINT('',#9977);
#9977 = CARTESIAN_POINT('',(-25.3,26.,22.54));
#9978 = SURFACE_CURVE('',#9979,(#9983,#9990),.PCURVE_S1.);
#9979 = LINE('',#9980,#9981);
#9980 = CARTESIAN_POINT('',(-25.3,26.,20.54));
#9981 = VECTOR('',#9982,1.);
#9982 = DIRECTION('',(0.,0.,1.));
#9983 = PCURVE('',#7069,#9984);
#9984 = DEFINITIONAL_REPRESENTATION('',(#9985),#9989);
#9985 = LINE('',#9986,#9987);
#9986 = CARTESIAN_POINT('',(-1.794034342169E-02,0.719232622073));
#9987 = VECTOR('',#9988,1.);
#9988 = DIRECTION('',(-1.,0.));
#9989 = ( GEOMETRIC_REPRESENTATION_CONTEXT(2) 
PARAMETRIC_REPRESENTATION_CONTEXT() REPRESENTATION_CONTEXT('2D SPACE',''
  ) );
#9990 = PCURVE('',#9991,#9996);
#9991 = PLANE('',#9992);
#9992 = AXIS2_PLACEMENT_3D('',#9993,#9994,#9995);
#9993 = CARTESIAN_POINT('',(-25.3,26.,20.54));
#9994 = DIRECTION('',(-1.,0.,0.));
#9995 = DIRECTION('',(0.,0.,1.));
#9996 = DEFINITIONAL_REPRESENTATION('',(#9997),#10001);
#9997 = LINE('',#9998,#9999);
#9998 = CARTESIAN_POINT('',(0.,0.));
#9999 = VECTOR('',#10000,1.);
#10000 = DIRECTION('',(1.,0.));
#10001 = ( GEOMETRIC_REPRESENTATION_CONTEXT(2) 
PARAMETRIC_REPRESENTATION_CONTEXT() REPRESENTATION_CONTEXT('2D SPACE',''
  ) );
#10002 = ORIENTED_EDGE('',*,*,#10003,.T.);
#10003 = EDGE_CURVE('',#9976,#7053,#10004,.T.);
#10004 = SURFACE_CURVE('',#10005,(#10009,#10016),.PCURVE_S1.);
#10005 = LINE('',#10006,#10007);
#10006 = CARTESIAN_POINT('',(-25.3,26.,22.54));
#10007 = VECTOR('',#10008,1.);
#10008 = DIRECTION('',(-1.,0.,0.));
#10009 = PCURVE('',#7069,#10010);
#10010 = DEFINITIONAL_REPRESENTATION('',(#10011),#10015);
#10011 = LINE('',#10012,#10013);
#10012 = CARTESIAN_POINT('',(-2.017940343422,0.719232622073));
#10013 = VECTOR('',#10014,1.);
#10014 = DIRECTION('',(0.,-1.));
#10015 = ( GEOMETRIC_REPRESENTATION_CONTEXT(2) 
PARAMETRIC_REPRESENTATION_CONTEXT() REPRESENTATION_CONTEXT('2D SPACE',''
  ) );
#10016 = PCURVE('',#7147,#10017);
#10017 = DEFINITIONAL_REPRESENTATION('',(#10018),#10022);
#10018 = LINE('',#10019,#10020);
#10019 = CARTESIAN_POINT('',(0.,0.));
#10020 = VECTOR('',#10021,1.);
#10021 = DIRECTION('',(1.,0.));
#10022 = ( GEOMETRIC_REPRESENTATION_CONTEXT(2) 
PARAMETRIC_REPRESENTATION_CONTEXT() REPRESENTATION_CONTEXT('2D SPACE',''
  ) );
#10023 = ADVANCED_FACE('',(#10024),#7147,.F.);
#10024 = FACE_BOUND('',#10025,.F.);
#10025 = EDGE_LOOP('',(#10026,#10027,#10050,#10071));
#10026 = ORIENTED_EDGE('',*,*,#10003,.F.);
#10027 = ORIENTED_EDGE('',*,*,#10028,.T.);
#10028 = EDGE_CURVE('',#9976,#10029,#10031,.T.);
#10029 = VERTEX_POINT('',#10030);
#10030 = CARTESIAN_POINT('',(-25.3,-38.,22.54));
#10031 = SURFACE_CURVE('',#10032,(#10036,#10043),.PCURVE_S1.);
#10032 = LINE('',#10033,#10034);
#10033 = CARTESIAN_POINT('',(-25.3,26.,22.54));
#10034 = VECTOR('',#10035,1.);
#10035 = DIRECTION('',(0.,-1.,0.));
#10036 = PCURVE('',#7147,#10037);
#10037 = DEFINITIONAL_REPRESENTATION('',(#10038),#10042);
#10038 = LINE('',#10039,#10040);
#10039 = CARTESIAN_POINT('',(0.,0.));
#10040 = VECTOR('',#10041,1.);
#10041 = DIRECTION('',(0.,-1.));
#10042 = ( GEOMETRIC_REPRESENTATION_CONTEXT(2) 
PARAMETRIC_REPRESENTATION_CONTEXT() REPRESENTATION_CONTEXT('2D SPACE',''
  ) );
#10043 = PCURVE('',#9991,#10044);
#10044 = DEFINITIONAL_REPRESENTATION('',(#10045),#10049);
#10045 = LINE('',#10046,#10047);
#10046 = CARTESIAN_POINT('',(2.,0.));
#10047 = VECTOR('',#10048,1.);
#10048 = DIRECTION('',(0.,-1.));
#10049 = ( GEOMETRIC_REPRESENTATION_CONTEXT(2) 
PARAMETRIC_REPRESENTATION_CONTEXT() REPRESENTATION_CONTEXT('2D SPACE',''
  ) );
#10050 = ORIENTED_EDGE('',*,*,#10051,.T.);
#10051 = EDGE_CURVE('',#10029,#7109,#10052,.T.);
#10052 = SURFACE_CURVE('',#10053,(#10057,#10064),.PCURVE_S1.);
#10053 = LINE('',#10054,#10055);
#10054 = CARTESIAN_POINT('',(-25.3,-38.,22.54));
#10055 = VECTOR('',#10056,1.);
#10056 = DIRECTION('',(-1.,0.,0.));
#10057 = PCURVE('',#7147,#10058);
#10058 = DEFINITIONAL_REPRESENTATION('',(#10059),#10063);
#10059 = LINE('',#10060,#10061);
#10060 = CARTESIAN_POINT('',(0.,-64.));
#10061 = VECTOR('',#10062,1.);
#10062 = DIRECTION('',(1.,0.));
#10063 = ( GEOMETRIC_REPRESENTATION_CONTEXT(2) 
PARAMETRIC_REPRESENTATION_CONTEXT() REPRESENTATION_CONTEXT('2D SPACE',''
  ) );
#10064 = PCURVE('',#7123,#10065);
#10065 = DEFINITIONAL_REPRESENTATION('',(#10066),#10070);
#10066 = LINE('',#10067,#10068);
#10067 = CARTESIAN_POINT('',(-2.017940343422,0.719232622073));
#10068 = VECTOR('',#10069,1.);
#10069 = DIRECTION('',(0.,-1.));
#10070 = ( GEOMETRIC_REPRESENTATION_CONTEXT(2) 
PARAMETRIC_REPRESENTATION_CONTEXT() REPRESENTATION_CONTEXT('2D SPACE',''
  ) );
#10071 = ORIENTED_EDGE('',*,*,#7134,.T.);
#10072 = ADVANCED_FACE('',(#10073),#7096,.F.);
#10073 = FACE_BOUND('',#10074,.F.);
#10074 = EDGE_LOOP('',(#10075,#10076,#10099,#10120));
#10075 = ORIENTED_EDGE('',*,*,#7080,.T.);
#10076 = ORIENTED_EDGE('',*,*,#10077,.T.);
#10077 = EDGE_CURVE('',#7081,#10078,#10080,.T.);
#10078 = VERTEX_POINT('',#10079);
#10079 = CARTESIAN_POINT('',(-24.,-38.,20.54));
#10080 = SURFACE_CURVE('',#10081,(#10085,#10092),.PCURVE_S1.);
#10081 = LINE('',#10082,#10083);
#10082 = CARTESIAN_POINT('',(-26.2,-38.,18.34));
#10083 = VECTOR('',#10084,1.);
#10084 = DIRECTION('',(0.707106781187,0.,0.707106781187));
#10085 = PCURVE('',#7096,#10086);
#10086 = DEFINITIONAL_REPRESENTATION('',(#10087),#10091);
#10087 = LINE('',#10088,#10089);
#10088 = CARTESIAN_POINT('',(0.,-64.));
#10089 = VECTOR('',#10090,1.);
#10090 = DIRECTION('',(1.,0.));
#10091 = ( GEOMETRIC_REPRESENTATION_CONTEXT(2) 
PARAMETRIC_REPRESENTATION_CONTEXT() REPRESENTATION_CONTEXT('2D SPACE',''
  ) );
#10092 = PCURVE('',#7123,#10093);
#10093 = DEFINITIONAL_REPRESENTATION('',(#10094),#10098);
#10094 = LINE('',#10095,#10096);
#10095 = CARTESIAN_POINT('',(2.182059656578,-0.180767377927));
#10096 = VECTOR('',#10097,1.);
#10097 = DIRECTION('',(-0.707106781187,0.707106781187));
#10098 = ( GEOMETRIC_REPRESENTATION_CONTEXT(2) 
PARAMETRIC_REPRESENTATION_CONTEXT() REPRESENTATION_CONTEXT('2D SPACE',''
  ) );
#10099 = ORIENTED_EDGE('',*,*,#10100,.F.);
#10100 = EDGE_CURVE('',#9925,#10078,#10101,.T.);
#10101 = SURFACE_CURVE('',#10102,(#10106,#10113),.PCURVE_S1.);
#10102 = LINE('',#10103,#10104);
#10103 = CARTESIAN_POINT('',(-24.,26.,20.54));
#10104 = VECTOR('',#10105,1.);
#10105 = DIRECTION('',(0.,-1.,0.));
#10106 = PCURVE('',#7096,#10107);
#10107 = DEFINITIONAL_REPRESENTATION('',(#10108),#10112);
#10108 = LINE('',#10109,#10110);
#10109 = CARTESIAN_POINT('',(3.111269837221,0.));
#10110 = VECTOR('',#10111,1.);
#10111 = DIRECTION('',(0.,-1.));
#10112 = ( GEOMETRIC_REPRESENTATION_CONTEXT(2) 
PARAMETRIC_REPRESENTATION_CONTEXT() REPRESENTATION_CONTEXT('2D SPACE',''
  ) );
#10113 = PCURVE('',#9963,#10114);
#10114 = DEFINITIONAL_REPRESENTATION('',(#10115),#10119);
#10115 = LINE('',#10116,#10117);
#10116 = CARTESIAN_POINT('',(0.,0.));
#10117 = VECTOR('',#10118,1.);
#10118 = DIRECTION('',(0.,-1.));
#10119 = ( GEOMETRIC_REPRESENTATION_CONTEXT(2) 
PARAMETRIC_REPRESENTATION_CONTEXT() REPRESENTATION_CONTEXT('2D SPACE',''
  ) );
#10120 = ORIENTED_EDGE('',*,*,#9924,.F.);
#10121 = ADVANCED_FACE('',(#10122),#7123,.T.);
#10122 = FACE_BOUND('',#10123,.T.);
#10123 = EDGE_LOOP('',(#10124,#10125,#10126,#10149,#10170));
#10124 = ORIENTED_EDGE('',*,*,#7108,.T.);
#10125 = ORIENTED_EDGE('',*,*,#10077,.T.);
#10126 = ORIENTED_EDGE('',*,*,#10127,.T.);
#10127 = EDGE_CURVE('',#10078,#10128,#10130,.T.);
#10128 = VERTEX_POINT('',#10129);
#10129 = CARTESIAN_POINT('',(-25.3,-38.,20.54));
#10130 = SURFACE_CURVE('',#10131,(#10135,#10142),.PCURVE_S1.);
#10131 = LINE('',#10132,#10133);
#10132 = CARTESIAN_POINT('',(-24.,-38.,20.54));
#10133 = VECTOR('',#10134,1.);
#10134 = DIRECTION('',(-1.,0.,0.));
#10135 = PCURVE('',#7123,#10136);
#10136 = DEFINITIONAL_REPRESENTATION('',(#10137),#10141);
#10137 = LINE('',#10138,#10139);
#10138 = CARTESIAN_POINT('',(-1.794034342169E-02,2.019232622073));
#10139 = VECTOR('',#10140,1.);
#10140 = DIRECTION('',(0.,-1.));
#10141 = ( GEOMETRIC_REPRESENTATION_CONTEXT(2) 
PARAMETRIC_REPRESENTATION_CONTEXT() REPRESENTATION_CONTEXT('2D SPACE',''
  ) );
#10142 = PCURVE('',#9963,#10143);
#10143 = DEFINITIONAL_REPRESENTATION('',(#10144),#10148);
#10144 = LINE('',#10145,#10146);
#10145 = CARTESIAN_POINT('',(0.,-64.));
#10146 = VECTOR('',#10147,1.);
#10147 = DIRECTION('',(1.,0.));
#10148 = ( GEOMETRIC_REPRESENTATION_CONTEXT(2) 
PARAMETRIC_REPRESENTATION_CONTEXT() REPRESENTATION_CONTEXT('2D SPACE',''
  ) );
#10149 = ORIENTED_EDGE('',*,*,#10150,.T.);
#10150 = EDGE_CURVE('',#10128,#10029,#10151,.T.);
#10151 = SURFACE_CURVE('',#10152,(#10156,#10163),.PCURVE_S1.);
#10152 = LINE('',#10153,#10154);
#10153 = CARTESIAN_POINT('',(-25.3,-38.,20.54));
#10154 = VECTOR('',#10155,1.);
#10155 = DIRECTION('',(0.,0.,1.));
#10156 = PCURVE('',#7123,#10157);
#10157 = DEFINITIONAL_REPRESENTATION('',(#10158),#10162);
#10158 = LINE('',#10159,#10160);
#10159 = CARTESIAN_POINT('',(-1.794034342169E-02,0.719232622073));
#10160 = VECTOR('',#10161,1.);
#10161 = DIRECTION('',(-1.,0.));
#10162 = ( GEOMETRIC_REPRESENTATION_CONTEXT(2) 
PARAMETRIC_REPRESENTATION_CONTEXT() REPRESENTATION_CONTEXT('2D SPACE',''
  ) );
#10163 = PCURVE('',#9991,#10164);
#10164 = DEFINITIONAL_REPRESENTATION('',(#10165),#10169);
#10165 = LINE('',#10166,#10167);
#10166 = CARTESIAN_POINT('',(0.,-64.));
#10167 = VECTOR('',#10168,1.);
#10168 = DIRECTION('',(1.,0.));
#10169 = ( GEOMETRIC_REPRESENTATION_CONTEXT(2) 
PARAMETRIC_REPRESENTATION_CONTEXT() REPRESENTATION_CONTEXT('2D SPACE',''
  ) );
#10170 = ORIENTED_EDGE('',*,*,#10051,.T.);
#10171 = ADVANCED_FACE('',(#10172),#7177,.F.);
#10172 = FACE_BOUND('',#10173,.F.);
#10173 = EDGE_LOOP('',(#10174,#10175,#10198,#10226));
#10174 = ORIENTED_EDGE('',*,*,#7160,.T.);
#10175 = ORIENTED_EDGE('',*,*,#10176,.T.);
#10176 = EDGE_CURVE('',#7163,#10177,#10179,.T.);
#10177 = VERTEX_POINT('',#10178);
#10178 = CARTESIAN_POINT('',(-25.65,34.,4.495));
#10179 = SURFACE_CURVE('',#10180,(#10184,#10191),.PCURVE_S1.);
#10180 = LINE('',#10181,#10182);
#10181 = CARTESIAN_POINT('',(-27.65,34.,4.495));
#10182 = VECTOR('',#10183,1.);
#10183 = DIRECTION('',(1.,0.,0.));
#10184 = PCURVE('',#7177,#10185);
#10185 = DEFINITIONAL_REPRESENTATION('',(#10186),#10190);
#10186 = LINE('',#10187,#10188);
#10187 = CARTESIAN_POINT('',(3.237104637337,-1.));
#10188 = VECTOR('',#10189,1.);
#10189 = DIRECTION('',(0.,1.));
#10190 = ( GEOMETRIC_REPRESENTATION_CONTEXT(2) 
PARAMETRIC_REPRESENTATION_CONTEXT() REPRESENTATION_CONTEXT('2D SPACE',''
  ) );
#10191 = PCURVE('',#7203,#10192);
#10192 = DEFINITIONAL_REPRESENTATION('',(#10193),#10197);
#10193 = LINE('',#10194,#10195);
#10194 = CARTESIAN_POINT('',(0.,0.));
#10195 = VECTOR('',#10196,1.);
#10196 = DIRECTION('',(1.,0.));
#10197 = ( GEOMETRIC_REPRESENTATION_CONTEXT(2) 
PARAMETRIC_REPRESENTATION_CONTEXT() REPRESENTATION_CONTEXT('2D SPACE',''
  ) );
#10198 = ORIENTED_EDGE('',*,*,#10199,.T.);
#10199 = EDGE_CURVE('',#10177,#10200,#10202,.T.);
#10200 = VERTEX_POINT('',#10201);
#10201 = CARTESIAN_POINT('',(-25.65,34.,10.005));
#10202 = SURFACE_CURVE('',#10203,(#10207,#10214),.PCURVE_S1.);
#10203 = LINE('',#10204,#10205);
#10204 = CARTESIAN_POINT('',(-25.65,34.,4.495));
#10205 = VECTOR('',#10206,1.);
#10206 = DIRECTION('',(0.,0.,1.));
#10207 = PCURVE('',#7177,#10208);
#10208 = DEFINITIONAL_REPRESENTATION('',(#10209),#10213);
#10209 = LINE('',#10210,#10211);
#10210 = CARTESIAN_POINT('',(3.237104637337,1.));
#10211 = VECTOR('',#10212,1.);
#10212 = DIRECTION('',(-1.,0.));
#10213 = ( GEOMETRIC_REPRESENTATION_CONTEXT(2) 
PARAMETRIC_REPRESENTATION_CONTEXT() REPRESENTATION_CONTEXT('2D SPACE',''
  ) );
#10214 = PCURVE('',#10215,#10220);
#10215 = PLANE('',#10216);
#10216 = AXIS2_PLACEMENT_3D('',#10217,#10218,#10219);
#10217 = CARTESIAN_POINT('',(-25.65,34.,4.495));
#10218 = DIRECTION('',(-1.,0.,0.));
#10219 = DIRECTION('',(0.,0.,1.));
#10220 = DEFINITIONAL_REPRESENTATION('',(#10221),#10225);
#10221 = LINE('',#10222,#10223);
#10222 = CARTESIAN_POINT('',(0.,0.));
#10223 = VECTOR('',#10224,1.);
#10224 = DIRECTION('',(1.,0.));
#10225 = ( GEOMETRIC_REPRESENTATION_CONTEXT(2) 
PARAMETRIC_REPRESENTATION_CONTEXT() REPRESENTATION_CONTEXT('2D SPACE',''
  ) );
#10226 = ORIENTED_EDGE('',*,*,#10227,.T.);
#10227 = EDGE_CURVE('',#10200,#7161,#10228,.T.);
#10228 = SURFACE_CURVE('',#10229,(#10233,#10240),.PCURVE_S1.);
#10229 = LINE('',#10230,#10231);
#10230 = CARTESIAN_POINT('',(-25.65,34.,10.005));
#10231 = VECTOR('',#10232,1.);
#10232 = DIRECTION('',(-0.470588235294,0.,0.882352941176));
#10233 = PCURVE('',#7177,#10234);
#10234 = DEFINITIONAL_REPRESENTATION('',(#10235),#10239);
#10235 = LINE('',#10236,#10237);
#10236 = CARTESIAN_POINT('',(-2.272895362663,1.));
#10237 = VECTOR('',#10238,1.);
#10238 = DIRECTION('',(-0.882352941176,-0.470588235294));
#10239 = ( GEOMETRIC_REPRESENTATION_CONTEXT(2) 
PARAMETRIC_REPRESENTATION_CONTEXT() REPRESENTATION_CONTEXT('2D SPACE',''
  ) );
#10240 = PCURVE('',#7253,#10241);
#10241 = DEFINITIONAL_REPRESENTATION('',(#10242),#10246);
#10242 = LINE('',#10243,#10244);
#10243 = CARTESIAN_POINT('',(0.,0.));
#10244 = VECTOR('',#10245,1.);
#10245 = DIRECTION('',(1.,0.));
#10246 = ( GEOMETRIC_REPRESENTATION_CONTEXT(2) 
PARAMETRIC_REPRESENTATION_CONTEXT() REPRESENTATION_CONTEXT('2D SPACE',''
  ) );
#10247 = ADVANCED_FACE('',(#10248),#7253,.F.);
#10248 = FACE_BOUND('',#10249,.F.);
#10249 = EDGE_LOOP('',(#10250,#10251,#10274,#10295));
#10250 = ORIENTED_EDGE('',*,*,#10227,.F.);
#10251 = ORIENTED_EDGE('',*,*,#10252,.T.);
#10252 = EDGE_CURVE('',#10200,#10253,#10255,.T.);
#10253 = VERTEX_POINT('',#10254);
#10254 = CARTESIAN_POINT('',(-25.65,26.,10.005));
#10255 = SURFACE_CURVE('',#10256,(#10260,#10267),.PCURVE_S1.);
#10256 = LINE('',#10257,#10258);
#10257 = CARTESIAN_POINT('',(-25.65,34.,10.005));
#10258 = VECTOR('',#10259,1.);
#10259 = DIRECTION('',(0.,-1.,0.));
#10260 = PCURVE('',#7253,#10261);
#10261 = DEFINITIONAL_REPRESENTATION('',(#10262),#10266);
#10262 = LINE('',#10263,#10264);
#10263 = CARTESIAN_POINT('',(0.,0.));
#10264 = VECTOR('',#10265,1.);
#10265 = DIRECTION('',(0.,-1.));
#10266 = ( GEOMETRIC_REPRESENTATION_CONTEXT(2) 
PARAMETRIC_REPRESENTATION_CONTEXT() REPRESENTATION_CONTEXT('2D SPACE',''
  ) );
#10267 = PCURVE('',#10215,#10268);
#10268 = DEFINITIONAL_REPRESENTATION('',(#10269),#10273);
#10269 = LINE('',#10270,#10271);
#10270 = CARTESIAN_POINT('',(5.51,0.));
#10271 = VECTOR('',#10272,1.);
#10272 = DIRECTION('',(0.,-1.));
#10273 = ( GEOMETRIC_REPRESENTATION_CONTEXT(2) 
PARAMETRIC_REPRESENTATION_CONTEXT() REPRESENTATION_CONTEXT('2D SPACE',''
  ) );
#10274 = ORIENTED_EDGE('',*,*,#10275,.T.);
#10275 = EDGE_CURVE('',#10253,#7215,#10276,.T.);
#10276 = SURFACE_CURVE('',#10277,(#10281,#10288),.PCURVE_S1.);
#10277 = LINE('',#10278,#10279);
#10278 = CARTESIAN_POINT('',(-25.65,26.,10.005));
#10279 = VECTOR('',#10280,1.);
#10280 = DIRECTION('',(-0.470588235294,0.,0.882352941176));
#10281 = PCURVE('',#7253,#10282);
#10282 = DEFINITIONAL_REPRESENTATION('',(#10283),#10287);
#10283 = LINE('',#10284,#10285);
#10284 = CARTESIAN_POINT('',(0.,-8.));
#10285 = VECTOR('',#10286,1.);
#10286 = DIRECTION('',(1.,0.));
#10287 = ( GEOMETRIC_REPRESENTATION_CONTEXT(2) 
PARAMETRIC_REPRESENTATION_CONTEXT() REPRESENTATION_CONTEXT('2D SPACE',''
  ) );
#10288 = PCURVE('',#7229,#10289);
#10289 = DEFINITIONAL_REPRESENTATION('',(#10290),#10294);
#10290 = LINE('',#10291,#10292);
#10291 = CARTESIAN_POINT('',(-2.272895362663,1.));
#10292 = VECTOR('',#10293,1.);
#10293 = DIRECTION('',(-0.882352941176,-0.470588235294));
#10294 = ( GEOMETRIC_REPRESENTATION_CONTEXT(2) 
PARAMETRIC_REPRESENTATION_CONTEXT() REPRESENTATION_CONTEXT('2D SPACE',''
  ) );
#10295 = ORIENTED_EDGE('',*,*,#7240,.T.);
#10296 = ADVANCED_FACE('',(#10297),#7203,.F.);
#10297 = FACE_BOUND('',#10298,.F.);
#10298 = EDGE_LOOP('',(#10299,#10300,#10301,#10324));
#10299 = ORIENTED_EDGE('',*,*,#10176,.F.);
#10300 = ORIENTED_EDGE('',*,*,#7188,.T.);
#10301 = ORIENTED_EDGE('',*,*,#10302,.T.);
#10302 = EDGE_CURVE('',#7189,#10303,#10305,.T.);
#10303 = VERTEX_POINT('',#10304);
#10304 = CARTESIAN_POINT('',(-25.65,26.,4.495));
#10305 = SURFACE_CURVE('',#10306,(#10310,#10317),.PCURVE_S1.);
#10306 = LINE('',#10307,#10308);
#10307 = CARTESIAN_POINT('',(-27.65,26.,4.495));
#10308 = VECTOR('',#10309,1.);
#10309 = DIRECTION('',(1.,0.,0.));
#10310 = PCURVE('',#7203,#10311);
#10311 = DEFINITIONAL_REPRESENTATION('',(#10312),#10316);
#10312 = LINE('',#10313,#10314);
#10313 = CARTESIAN_POINT('',(0.,-8.));
#10314 = VECTOR('',#10315,1.);
#10315 = DIRECTION('',(1.,0.));
#10316 = ( GEOMETRIC_REPRESENTATION_CONTEXT(2) 
PARAMETRIC_REPRESENTATION_CONTEXT() REPRESENTATION_CONTEXT('2D SPACE',''
  ) );
#10317 = PCURVE('',#7229,#10318);
#10318 = DEFINITIONAL_REPRESENTATION('',(#10319),#10323);
#10319 = LINE('',#10320,#10321);
#10320 = CARTESIAN_POINT('',(3.237104637337,-1.));
#10321 = VECTOR('',#10322,1.);
#10322 = DIRECTION('',(0.,1.));
#10323 = ( GEOMETRIC_REPRESENTATION_CONTEXT(2) 
PARAMETRIC_REPRESENTATION_CONTEXT() REPRESENTATION_CONTEXT('2D SPACE',''
  ) );
#10324 = ORIENTED_EDGE('',*,*,#10325,.F.);
#10325 = EDGE_CURVE('',#10177,#10303,#10326,.T.);
#10326 = SURFACE_CURVE('',#10327,(#10331,#10338),.PCURVE_S1.);
#10327 = LINE('',#10328,#10329);
#10328 = CARTESIAN_POINT('',(-25.65,34.,4.495));
#10329 = VECTOR('',#10330,1.);
#10330 = DIRECTION('',(0.,-1.,0.));
#10331 = PCURVE('',#7203,#10332);
#10332 = DEFINITIONAL_REPRESENTATION('',(#10333),#10337);
#10333 = LINE('',#10334,#10335);
#10334 = CARTESIAN_POINT('',(2.,0.));
#10335 = VECTOR('',#10336,1.);
#10336 = DIRECTION('',(0.,-1.));
#10337 = ( GEOMETRIC_REPRESENTATION_CONTEXT(2) 
PARAMETRIC_REPRESENTATION_CONTEXT() REPRESENTATION_CONTEXT('2D SPACE',''
  ) );
#10338 = PCURVE('',#10215,#10339);
#10339 = DEFINITIONAL_REPRESENTATION('',(#10340),#10344);
#10340 = LINE('',#10341,#10342);
#10341 = CARTESIAN_POINT('',(0.,0.));
#10342 = VECTOR('',#10343,1.);
#10343 = DIRECTION('',(0.,-1.));
#10344 = ( GEOMETRIC_REPRESENTATION_CONTEXT(2) 
PARAMETRIC_REPRESENTATION_CONTEXT() REPRESENTATION_CONTEXT('2D SPACE',''
  ) );
#10345 = ADVANCED_FACE('',(#10346),#7229,.T.);
#10346 = FACE_BOUND('',#10347,.T.);
#10347 = EDGE_LOOP('',(#10348,#10349,#10350,#10371));
#10348 = ORIENTED_EDGE('',*,*,#7214,.T.);
#10349 = ORIENTED_EDGE('',*,*,#10302,.T.);
#10350 = ORIENTED_EDGE('',*,*,#10351,.T.);
#10351 = EDGE_CURVE('',#10303,#10253,#10352,.T.);
#10352 = SURFACE_CURVE('',#10353,(#10357,#10364),.PCURVE_S1.);
#10353 = LINE('',#10354,#10355);
#10354 = CARTESIAN_POINT('',(-25.65,26.,4.495));
#10355 = VECTOR('',#10356,1.);
#10356 = DIRECTION('',(0.,0.,1.));
#10357 = PCURVE('',#7229,#10358);
#10358 = DEFINITIONAL_REPRESENTATION('',(#10359),#10363);
#10359 = LINE('',#10360,#10361);
#10360 = CARTESIAN_POINT('',(3.237104637337,1.));
#10361 = VECTOR('',#10362,1.);
#10362 = DIRECTION('',(-1.,0.));
#10363 = ( GEOMETRIC_REPRESENTATION_CONTEXT(2) 
PARAMETRIC_REPRESENTATION_CONTEXT() REPRESENTATION_CONTEXT('2D SPACE',''
  ) );
#10364 = PCURVE('',#10215,#10365);
#10365 = DEFINITIONAL_REPRESENTATION('',(#10366),#10370);
#10366 = LINE('',#10367,#10368);
#10367 = CARTESIAN_POINT('',(0.,-8.));
#10368 = VECTOR('',#10369,1.);
#10369 = DIRECTION('',(1.,0.));
#10370 = ( GEOMETRIC_REPRESENTATION_CONTEXT(2) 
PARAMETRIC_REPRESENTATION_CONTEXT() REPRESENTATION_CONTEXT('2D SPACE',''
  ) );
#10371 = ORIENTED_EDGE('',*,*,#10275,.T.);
#10372 = ADVANCED_FACE('',(#10373),#7283,.F.);
#10373 = FACE_BOUND('',#10374,.F.);
#10374 = EDGE_LOOP('',(#10375,#10376,#10399,#10427));
#10375 = ORIENTED_EDGE('',*,*,#7266,.T.);
#10376 = ORIENTED_EDGE('',*,*,#10377,.T.);
#10377 = EDGE_CURVE('',#7269,#10378,#10380,.T.);
#10378 = VERTEX_POINT('',#10379);
#10379 = CARTESIAN_POINT('',(-25.65,4.,4.495));
#10380 = SURFACE_CURVE('',#10381,(#10385,#10392),.PCURVE_S1.);
#10381 = LINE('',#10382,#10383);
#10382 = CARTESIAN_POINT('',(-27.65,4.,4.495));
#10383 = VECTOR('',#10384,1.);
#10384 = DIRECTION('',(1.,0.,0.));
#10385 = PCURVE('',#7283,#10386);
#10386 = DEFINITIONAL_REPRESENTATION('',(#10387),#10391);
#10387 = LINE('',#10388,#10389);
#10388 = CARTESIAN_POINT('',(3.237104637337,-1.));
#10389 = VECTOR('',#10390,1.);
#10390 = DIRECTION('',(0.,1.));
#10391 = ( GEOMETRIC_REPRESENTATION_CONTEXT(2) 
PARAMETRIC_REPRESENTATION_CONTEXT() REPRESENTATION_CONTEXT('2D SPACE',''
  ) );
#10392 = PCURVE('',#7309,#10393);
#10393 = DEFINITIONAL_REPRESENTATION('',(#10394),#10398);
#10394 = LINE('',#10395,#10396);
#10395 = CARTESIAN_POINT('',(0.,0.));
#10396 = VECTOR('',#10397,1.);
#10397 = DIRECTION('',(1.,0.));
#10398 = ( GEOMETRIC_REPRESENTATION_CONTEXT(2) 
PARAMETRIC_REPRESENTATION_CONTEXT() REPRESENTATION_CONTEXT('2D SPACE',''
  ) );
#10399 = ORIENTED_EDGE('',*,*,#10400,.T.);
#10400 = EDGE_CURVE('',#10378,#10401,#10403,.T.);
#10401 = VERTEX_POINT('',#10402);
#10402 = CARTESIAN_POINT('',(-25.65,4.,10.005));
#10403 = SURFACE_CURVE('',#10404,(#10408,#10415),.PCURVE_S1.);
#10404 = LINE('',#10405,#10406);
#10405 = CARTESIAN_POINT('',(-25.65,4.,4.495));
#10406 = VECTOR('',#10407,1.);
#10407 = DIRECTION('',(0.,0.,1.));
#10408 = PCURVE('',#7283,#10409);
#10409 = DEFINITIONAL_REPRESENTATION('',(#10410),#10414);
#10410 = LINE('',#10411,#10412);
#10411 = CARTESIAN_POINT('',(3.237104637337,1.));
#10412 = VECTOR('',#10413,1.);
#10413 = DIRECTION('',(-1.,0.));
#10414 = ( GEOMETRIC_REPRESENTATION_CONTEXT(2) 
PARAMETRIC_REPRESENTATION_CONTEXT() REPRESENTATION_CONTEXT('2D SPACE',''
  ) );
#10415 = PCURVE('',#10416,#10421);
#10416 = PLANE('',#10417);
#10417 = AXIS2_PLACEMENT_3D('',#10418,#10419,#10420);
#10418 = CARTESIAN_POINT('',(-25.65,4.,4.495));
#10419 = DIRECTION('',(-1.,0.,0.));
#10420 = DIRECTION('',(0.,0.,1.));
#10421 = DEFINITIONAL_REPRESENTATION('',(#10422),#10426);
#10422 = LINE('',#10423,#10424);
#10423 = CARTESIAN_POINT('',(0.,0.));
#10424 = VECTOR('',#10425,1.);
#10425 = DIRECTION('',(1.,0.));
#10426 = ( GEOMETRIC_REPRESENTATION_CONTEXT(2) 
PARAMETRIC_REPRESENTATION_CONTEXT() REPRESENTATION_CONTEXT('2D SPACE',''
  ) );
#10427 = ORIENTED_EDGE('',*,*,#10428,.T.);
#10428 = EDGE_CURVE('',#10401,#7267,#10429,.T.);
#10429 = SURFACE_CURVE('',#10430,(#10434,#10441),.PCURVE_S1.);
#10430 = LINE('',#10431,#10432);
#10431 = CARTESIAN_POINT('',(-25.65,4.,10.005));
#10432 = VECTOR('',#10433,1.);
#10433 = DIRECTION('',(-0.470588235294,0.,0.882352941176));
#10434 = PCURVE('',#7283,#10435);
#10435 = DEFINITIONAL_REPRESENTATION('',(#10436),#10440);
#10436 = LINE('',#10437,#10438);
#10437 = CARTESIAN_POINT('',(-2.272895362663,1.));
#10438 = VECTOR('',#10439,1.);
#10439 = DIRECTION('',(-0.882352941176,-0.470588235294));
#10440 = ( GEOMETRIC_REPRESENTATION_CONTEXT(2) 
PARAMETRIC_REPRESENTATION_CONTEXT() REPRESENTATION_CONTEXT('2D SPACE',''
  ) );
#10441 = PCURVE('',#7359,#10442);
#10442 = DEFINITIONAL_REPRESENTATION('',(#10443),#10447);
#10443 = LINE('',#10444,#10445);
#10444 = CARTESIAN_POINT('',(0.,0.));
#10445 = VECTOR('',#10446,1.);
#10446 = DIRECTION('',(1.,0.));
#10447 = ( GEOMETRIC_REPRESENTATION_CONTEXT(2) 
PARAMETRIC_REPRESENTATION_CONTEXT() REPRESENTATION_CONTEXT('2D SPACE',''
  ) );
#10448 = ADVANCED_FACE('',(#10449),#7359,.F.);
#10449 = FACE_BOUND('',#10450,.F.);
#10450 = EDGE_LOOP('',(#10451,#10452,#10475,#10496));
#10451 = ORIENTED_EDGE('',*,*,#10428,.F.);
#10452 = ORIENTED_EDGE('',*,*,#10453,.T.);
#10453 = EDGE_CURVE('',#10401,#10454,#10456,.T.);
#10454 = VERTEX_POINT('',#10455);
#10455 = CARTESIAN_POINT('',(-25.65,-4.,10.005));
#10456 = SURFACE_CURVE('',#10457,(#10461,#10468),.PCURVE_S1.);
#10457 = LINE('',#10458,#10459);
#10458 = CARTESIAN_POINT('',(-25.65,4.,10.005));
#10459 = VECTOR('',#10460,1.);
#10460 = DIRECTION('',(0.,-1.,0.));
#10461 = PCURVE('',#7359,#10462);
#10462 = DEFINITIONAL_REPRESENTATION('',(#10463),#10467);
#10463 = LINE('',#10464,#10465);
#10464 = CARTESIAN_POINT('',(0.,0.));
#10465 = VECTOR('',#10466,1.);
#10466 = DIRECTION('',(0.,-1.));
#10467 = ( GEOMETRIC_REPRESENTATION_CONTEXT(2) 
PARAMETRIC_REPRESENTATION_CONTEXT() REPRESENTATION_CONTEXT('2D SPACE',''
  ) );
#10468 = PCURVE('',#10416,#10469);
#10469 = DEFINITIONAL_REPRESENTATION('',(#10470),#10474);
#10470 = LINE('',#10471,#10472);
#10471 = CARTESIAN_POINT('',(5.51,0.));
#10472 = VECTOR('',#10473,1.);
#10473 = DIRECTION('',(0.,-1.));
#10474 = ( GEOMETRIC_REPRESENTATION_CONTEXT(2) 
PARAMETRIC_REPRESENTATION_CONTEXT() REPRESENTATION_CONTEXT('2D SPACE',''
  ) );
#10475 = ORIENTED_EDGE('',*,*,#10476,.T.);
#10476 = EDGE_CURVE('',#10454,#7321,#10477,.T.);
#10477 = SURFACE_CURVE('',#10478,(#10482,#10489),.PCURVE_S1.);
#10478 = LINE('',#10479,#10480);
#10479 = CARTESIAN_POINT('',(-25.65,-4.,10.005));
#10480 = VECTOR('',#10481,1.);
#10481 = DIRECTION('',(-0.470588235294,0.,0.882352941176));
#10482 = PCURVE('',#7359,#10483);
#10483 = DEFINITIONAL_REPRESENTATION('',(#10484),#10488);
#10484 = LINE('',#10485,#10486);
#10485 = CARTESIAN_POINT('',(0.,-8.));
#10486 = VECTOR('',#10487,1.);
#10487 = DIRECTION('',(1.,0.));
#10488 = ( GEOMETRIC_REPRESENTATION_CONTEXT(2) 
PARAMETRIC_REPRESENTATION_CONTEXT() REPRESENTATION_CONTEXT('2D SPACE',''
  ) );
#10489 = PCURVE('',#7335,#10490);
#10490 = DEFINITIONAL_REPRESENTATION('',(#10491),#10495);
#10491 = LINE('',#10492,#10493);
#10492 = CARTESIAN_POINT('',(-2.272895362663,1.));
#10493 = VECTOR('',#10494,1.);
#10494 = DIRECTION('',(-0.882352941176,-0.470588235294));
#10495 = ( GEOMETRIC_REPRESENTATION_CONTEXT(2) 
PARAMETRIC_REPRESENTATION_CONTEXT() REPRESENTATION_CONTEXT('2D SPACE',''
  ) );
#10496 = ORIENTED_EDGE('',*,*,#7346,.T.);
#10497 = ADVANCED_FACE('',(#10498),#7309,.F.);
#10498 = FACE_BOUND('',#10499,.F.);
#10499 = EDGE_LOOP('',(#10500,#10501,#10502,#10525));
#10500 = ORIENTED_EDGE('',*,*,#10377,.F.);
#10501 = ORIENTED_EDGE('',*,*,#7294,.T.);
#10502 = ORIENTED_EDGE('',*,*,#10503,.T.);
#10503 = EDGE_CURVE('',#7295,#10504,#10506,.T.);
#10504 = VERTEX_POINT('',#10505);
#10505 = CARTESIAN_POINT('',(-25.65,-4.,4.495));
#10506 = SURFACE_CURVE('',#10507,(#10511,#10518),.PCURVE_S1.);
#10507 = LINE('',#10508,#10509);
#10508 = CARTESIAN_POINT('',(-27.65,-4.,4.495));
#10509 = VECTOR('',#10510,1.);
#10510 = DIRECTION('',(1.,0.,0.));
#10511 = PCURVE('',#7309,#10512);
#10512 = DEFINITIONAL_REPRESENTATION('',(#10513),#10517);
#10513 = LINE('',#10514,#10515);
#10514 = CARTESIAN_POINT('',(0.,-8.));
#10515 = VECTOR('',#10516,1.);
#10516 = DIRECTION('',(1.,0.));
#10517 = ( GEOMETRIC_REPRESENTATION_CONTEXT(2) 
PARAMETRIC_REPRESENTATION_CONTEXT() REPRESENTATION_CONTEXT('2D SPACE',''
  ) );
#10518 = PCURVE('',#7335,#10519);
#10519 = DEFINITIONAL_REPRESENTATION('',(#10520),#10524);
#10520 = LINE('',#10521,#10522);
#10521 = CARTESIAN_POINT('',(3.237104637337,-1.));
#10522 = VECTOR('',#10523,1.);
#10523 = DIRECTION('',(0.,1.));
#10524 = ( GEOMETRIC_REPRESENTATION_CONTEXT(2) 
PARAMETRIC_REPRESENTATION_CONTEXT() REPRESENTATION_CONTEXT('2D SPACE',''
  ) );
#10525 = ORIENTED_EDGE('',*,*,#10526,.F.);
#10526 = EDGE_CURVE('',#10378,#10504,#10527,.T.);
#10527 = SURFACE_CURVE('',#10528,(#10532,#10539),.PCURVE_S1.);
#10528 = LINE('',#10529,#10530);
#10529 = CARTESIAN_POINT('',(-25.65,4.,4.495));
#10530 = VECTOR('',#10531,1.);
#10531 = DIRECTION('',(0.,-1.,0.));
#10532 = PCURVE('',#7309,#10533);
#10533 = DEFINITIONAL_REPRESENTATION('',(#10534),#10538);
#10534 = LINE('',#10535,#10536);
#10535 = CARTESIAN_POINT('',(2.,0.));
#10536 = VECTOR('',#10537,1.);
#10537 = DIRECTION('',(0.,-1.));
#10538 = ( GEOMETRIC_REPRESENTATION_CONTEXT(2) 
PARAMETRIC_REPRESENTATION_CONTEXT() REPRESENTATION_CONTEXT('2D SPACE',''
  ) );
#10539 = PCURVE('',#10416,#10540);
#10540 = DEFINITIONAL_REPRESENTATION('',(#10541),#10545);
#10541 = LINE('',#10542,#10543);
#10542 = CARTESIAN_POINT('',(0.,0.));
#10543 = VECTOR('',#10544,1.);
#10544 = DIRECTION('',(0.,-1.));
#10545 = ( GEOMETRIC_REPRESENTATION_CONTEXT(2) 
PARAMETRIC_REPRESENTATION_CONTEXT() REPRESENTATION_CONTEXT('2D SPACE',''
  ) );
#10546 = ADVANCED_FACE('',(#10547),#7335,.T.);
#10547 = FACE_BOUND('',#10548,.T.);
#10548 = EDGE_LOOP('',(#10549,#10550,#10551,#10572));
#10549 = ORIENTED_EDGE('',*,*,#7320,.T.);
#10550 = ORIENTED_EDGE('',*,*,#10503,.T.);
#10551 = ORIENTED_EDGE('',*,*,#10552,.T.);
#10552 = EDGE_CURVE('',#10504,#10454,#10553,.T.);
#10553 = SURFACE_CURVE('',#10554,(#10558,#10565),.PCURVE_S1.);
#10554 = LINE('',#10555,#10556);
#10555 = CARTESIAN_POINT('',(-25.65,-4.,4.495));
#10556 = VECTOR('',#10557,1.);
#10557 = DIRECTION('',(0.,0.,1.));
#10558 = PCURVE('',#7335,#10559);
#10559 = DEFINITIONAL_REPRESENTATION('',(#10560),#10564);
#10560 = LINE('',#10561,#10562);
#10561 = CARTESIAN_POINT('',(3.237104637337,1.));
#10562 = VECTOR('',#10563,1.);
#10563 = DIRECTION('',(-1.,0.));
#10564 = ( GEOMETRIC_REPRESENTATION_CONTEXT(2) 
PARAMETRIC_REPRESENTATION_CONTEXT() REPRESENTATION_CONTEXT('2D SPACE',''
  ) );
#10565 = PCURVE('',#10416,#10566);
#10566 = DEFINITIONAL_REPRESENTATION('',(#10567),#10571);
#10567 = LINE('',#10568,#10569);
#10568 = CARTESIAN_POINT('',(0.,-8.));
#10569 = VECTOR('',#10570,1.);
#10570 = DIRECTION('',(1.,0.));
#10571 = ( GEOMETRIC_REPRESENTATION_CONTEXT(2) 
PARAMETRIC_REPRESENTATION_CONTEXT() REPRESENTATION_CONTEXT('2D SPACE',''
  ) );
#10572 = ORIENTED_EDGE('',*,*,#10476,.T.);
#10573 = ADVANCED_FACE('',(#10574),#7389,.F.);
#10574 = FACE_BOUND('',#10575,.F.);
#10575 = EDGE_LOOP('',(#10576,#10577,#10600,#10628));
#10576 = ORIENTED_EDGE('',*,*,#7372,.T.);
#10577 = ORIENTED_EDGE('',*,*,#10578,.T.);
#10578 = EDGE_CURVE('',#7375,#10579,#10581,.T.);
#10579 = VERTEX_POINT('',#10580);
#10580 = CARTESIAN_POINT('',(-25.65,-26.,4.495));
#10581 = SURFACE_CURVE('',#10582,(#10586,#10593),.PCURVE_S1.);
#10582 = LINE('',#10583,#10584);
#10583 = CARTESIAN_POINT('',(-27.65,-26.,4.495));
#10584 = VECTOR('',#10585,1.);
#10585 = DIRECTION('',(1.,0.,0.));
#10586 = PCURVE('',#7389,#10587);
#10587 = DEFINITIONAL_REPRESENTATION('',(#10588),#10592);
#10588 = LINE('',#10589,#10590);
#10589 = CARTESIAN_POINT('',(3.237104637337,-1.));
#10590 = VECTOR('',#10591,1.);
#10591 = DIRECTION('',(0.,1.));
#10592 = ( GEOMETRIC_REPRESENTATION_CONTEXT(2) 
PARAMETRIC_REPRESENTATION_CONTEXT() REPRESENTATION_CONTEXT('2D SPACE',''
  ) );
#10593 = PCURVE('',#7415,#10594);
#10594 = DEFINITIONAL_REPRESENTATION('',(#10595),#10599);
#10595 = LINE('',#10596,#10597);
#10596 = CARTESIAN_POINT('',(0.,0.));
#10597 = VECTOR('',#10598,1.);
#10598 = DIRECTION('',(1.,0.));
#10599 = ( GEOMETRIC_REPRESENTATION_CONTEXT(2) 
PARAMETRIC_REPRESENTATION_CONTEXT() REPRESENTATION_CONTEXT('2D SPACE',''
  ) );
#10600 = ORIENTED_EDGE('',*,*,#10601,.T.);
#10601 = EDGE_CURVE('',#10579,#10602,#10604,.T.);
#10602 = VERTEX_POINT('',#10603);
#10603 = CARTESIAN_POINT('',(-25.65,-26.,10.005));
#10604 = SURFACE_CURVE('',#10605,(#10609,#10616),.PCURVE_S1.);
#10605 = LINE('',#10606,#10607);
#10606 = CARTESIAN_POINT('',(-25.65,-26.,4.495));
#10607 = VECTOR('',#10608,1.);
#10608 = DIRECTION('',(0.,0.,1.));
#10609 = PCURVE('',#7389,#10610);
#10610 = DEFINITIONAL_REPRESENTATION('',(#10611),#10615);
#10611 = LINE('',#10612,#10613);
#10612 = CARTESIAN_POINT('',(3.237104637337,1.));
#10613 = VECTOR('',#10614,1.);
#10614 = DIRECTION('',(-1.,0.));
#10615 = ( GEOMETRIC_REPRESENTATION_CONTEXT(2) 
PARAMETRIC_REPRESENTATION_CONTEXT() REPRESENTATION_CONTEXT('2D SPACE',''
  ) );
#10616 = PCURVE('',#10617,#10622);
#10617 = PLANE('',#10618);
#10618 = AXIS2_PLACEMENT_3D('',#10619,#10620,#10621);
#10619 = CARTESIAN_POINT('',(-25.65,-26.,4.495));
#10620 = DIRECTION('',(-1.,0.,0.));
#10621 = DIRECTION('',(0.,0.,1.));
#10622 = DEFINITIONAL_REPRESENTATION('',(#10623),#10627);
#10623 = LINE('',#10624,#10625);
#10624 = CARTESIAN_POINT('',(0.,0.));
#10625 = VECTOR('',#10626,1.);
#10626 = DIRECTION('',(1.,0.));
#10627 = ( GEOMETRIC_REPRESENTATION_CONTEXT(2) 
PARAMETRIC_REPRESENTATION_CONTEXT() REPRESENTATION_CONTEXT('2D SPACE',''
  ) );
#10628 = ORIENTED_EDGE('',*,*,#10629,.T.);
#10629 = EDGE_CURVE('',#10602,#7373,#10630,.T.);
#10630 = SURFACE_CURVE('',#10631,(#10635,#10642),.PCURVE_S1.);
#10631 = LINE('',#10632,#10633);
#10632 = CARTESIAN_POINT('',(-25.65,-26.,10.005));
#10633 = VECTOR('',#10634,1.);
#10634 = DIRECTION('',(-0.470588235294,0.,0.882352941176));
#10635 = PCURVE('',#7389,#10636);
#10636 = DEFINITIONAL_REPRESENTATION('',(#10637),#10641);
#10637 = LINE('',#10638,#10639);
#10638 = CARTESIAN_POINT('',(-2.272895362663,1.));
#10639 = VECTOR('',#10640,1.);
#10640 = DIRECTION('',(-0.882352941176,-0.470588235294));
#10641 = ( GEOMETRIC_REPRESENTATION_CONTEXT(2) 
PARAMETRIC_REPRESENTATION_CONTEXT() REPRESENTATION_CONTEXT('2D SPACE',''
  ) );
#10642 = PCURVE('',#7465,#10643);
#10643 = DEFINITIONAL_REPRESENTATION('',(#10644),#10648);
#10644 = LINE('',#10645,#10646);
#10645 = CARTESIAN_POINT('',(0.,0.));
#10646 = VECTOR('',#10647,1.);
#10647 = DIRECTION('',(1.,0.));
#10648 = ( GEOMETRIC_REPRESENTATION_CONTEXT(2) 
PARAMETRIC_REPRESENTATION_CONTEXT() REPRESENTATION_CONTEXT('2D SPACE',''
  ) );
#10649 = ADVANCED_FACE('',(#10650),#7465,.F.);
#10650 = FACE_BOUND('',#10651,.F.);
#10651 = EDGE_LOOP('',(#10652,#10653,#10676,#10697));
#10652 = ORIENTED_EDGE('',*,*,#10629,.F.);
#10653 = ORIENTED_EDGE('',*,*,#10654,.T.);
#10654 = EDGE_CURVE('',#10602,#10655,#10657,.T.);
#10655 = VERTEX_POINT('',#10656);
#10656 = CARTESIAN_POINT('',(-25.65,-34.,10.005));
#10657 = SURFACE_CURVE('',#10658,(#10662,#10669),.PCURVE_S1.);
#10658 = LINE('',#10659,#10660);
#10659 = CARTESIAN_POINT('',(-25.65,-26.,10.005));
#10660 = VECTOR('',#10661,1.);
#10661 = DIRECTION('',(0.,-1.,0.));
#10662 = PCURVE('',#7465,#10663);
#10663 = DEFINITIONAL_REPRESENTATION('',(#10664),#10668);
#10664 = LINE('',#10665,#10666);
#10665 = CARTESIAN_POINT('',(0.,0.));
#10666 = VECTOR('',#10667,1.);
#10667 = DIRECTION('',(0.,-1.));
#10668 = ( GEOMETRIC_REPRESENTATION_CONTEXT(2) 
PARAMETRIC_REPRESENTATION_CONTEXT() REPRESENTATION_CONTEXT('2D SPACE',''
  ) );
#10669 = PCURVE('',#10617,#10670);
#10670 = DEFINITIONAL_REPRESENTATION('',(#10671),#10675);
#10671 = LINE('',#10672,#10673);
#10672 = CARTESIAN_POINT('',(5.51,0.));
#10673 = VECTOR('',#10674,1.);
#10674 = DIRECTION('',(0.,-1.));
#10675 = ( GEOMETRIC_REPRESENTATION_CONTEXT(2) 
PARAMETRIC_REPRESENTATION_CONTEXT() REPRESENTATION_CONTEXT('2D SPACE',''
  ) );
#10676 = ORIENTED_EDGE('',*,*,#10677,.T.);
#10677 = EDGE_CURVE('',#10655,#7427,#10678,.T.);
#10678 = SURFACE_CURVE('',#10679,(#10683,#10690),.PCURVE_S1.);
#10679 = LINE('',#10680,#10681);
#10680 = CARTESIAN_POINT('',(-25.65,-34.,10.005));
#10681 = VECTOR('',#10682,1.);
#10682 = DIRECTION('',(-0.470588235294,0.,0.882352941176));
#10683 = PCURVE('',#7465,#10684);
#10684 = DEFINITIONAL_REPRESENTATION('',(#10685),#10689);
#10685 = LINE('',#10686,#10687);
#10686 = CARTESIAN_POINT('',(0.,-8.));
#10687 = VECTOR('',#10688,1.);
#10688 = DIRECTION('',(1.,0.));
#10689 = ( GEOMETRIC_REPRESENTATION_CONTEXT(2) 
PARAMETRIC_REPRESENTATION_CONTEXT() REPRESENTATION_CONTEXT('2D SPACE',''
  ) );
#10690 = PCURVE('',#7441,#10691);
#10691 = DEFINITIONAL_REPRESENTATION('',(#10692),#10696);
#10692 = LINE('',#10693,#10694);
#10693 = CARTESIAN_POINT('',(-2.272895362663,1.));
#10694 = VECTOR('',#10695,1.);
#10695 = DIRECTION('',(-0.882352941176,-0.470588235294));
#10696 = ( GEOMETRIC_REPRESENTATION_CONTEXT(2) 
PARAMETRIC_REPRESENTATION_CONTEXT() REPRESENTATION_CONTEXT('2D SPACE',''
  ) );
#10697 = ORIENTED_EDGE('',*,*,#7452,.T.);
#10698 = ADVANCED_FACE('',(#10699),#7415,.F.);
#10699 = FACE_BOUND('',#10700,.F.);
#10700 = EDGE_LOOP('',(#10701,#10702,#10703,#10726));
#10701 = ORIENTED_EDGE('',*,*,#10578,.F.);
#10702 = ORIENTED_EDGE('',*,*,#7400,.T.);
#10703 = ORIENTED_EDGE('',*,*,#10704,.T.);
#10704 = EDGE_CURVE('',#7401,#10705,#10707,.T.);
#10705 = VERTEX_POINT('',#10706);
#10706 = CARTESIAN_POINT('',(-25.65,-34.,4.495));
#10707 = SURFACE_CURVE('',#10708,(#10712,#10719),.PCURVE_S1.);
#10708 = LINE('',#10709,#10710);
#10709 = CARTESIAN_POINT('',(-27.65,-34.,4.495));
#10710 = VECTOR('',#10711,1.);
#10711 = DIRECTION('',(1.,0.,0.));
#10712 = PCURVE('',#7415,#10713);
#10713 = DEFINITIONAL_REPRESENTATION('',(#10714),#10718);
#10714 = LINE('',#10715,#10716);
#10715 = CARTESIAN_POINT('',(0.,-8.));
#10716 = VECTOR('',#10717,1.);
#10717 = DIRECTION('',(1.,0.));
#10718 = ( GEOMETRIC_REPRESENTATION_CONTEXT(2) 
PARAMETRIC_REPRESENTATION_CONTEXT() REPRESENTATION_CONTEXT('2D SPACE',''
  ) );
#10719 = PCURVE('',#7441,#10720);
#10720 = DEFINITIONAL_REPRESENTATION('',(#10721),#10725);
#10721 = LINE('',#10722,#10723);
#10722 = CARTESIAN_POINT('',(3.237104637337,-1.));
#10723 = VECTOR('',#10724,1.);
#10724 = DIRECTION('',(0.,1.));
#10725 = ( GEOMETRIC_REPRESENTATION_CONTEXT(2) 
PARAMETRIC_REPRESENTATION_CONTEXT() REPRESENTATION_CONTEXT('2D SPACE',''
  ) );
#10726 = ORIENTED_EDGE('',*,*,#10727,.F.);
#10727 = EDGE_CURVE('',#10579,#10705,#10728,.T.);
#10728 = SURFACE_CURVE('',#10729,(#10733,#10740),.PCURVE_S1.);
#10729 = LINE('',#10730,#10731);
#10730 = CARTESIAN_POINT('',(-25.65,-26.,4.495));
#10731 = VECTOR('',#10732,1.);
#10732 = DIRECTION('',(0.,-1.,0.));
#10733 = PCURVE('',#7415,#10734);
#10734 = DEFINITIONAL_REPRESENTATION('',(#10735),#10739);
#10735 = LINE('',#10736,#10737);
#10736 = CARTESIAN_POINT('',(2.,0.));
#10737 = VECTOR('',#10738,1.);
#10738 = DIRECTION('',(0.,-1.));
#10739 = ( GEOMETRIC_REPRESENTATION_CONTEXT(2) 
PARAMETRIC_REPRESENTATION_CONTEXT() REPRESENTATION_CONTEXT('2D SPACE',''
  ) );
#10740 = PCURVE('',#10617,#10741);
#10741 = DEFINITIONAL_REPRESENTATION('',(#10742),#10746);
#10742 = LINE('',#10743,#10744);
#10743 = CARTESIAN_POINT('',(0.,0.));
#10744 = VECTOR('',#10745,1.);
#10745 = DIRECTION('',(0.,-1.));
#10746 = ( GEOMETRIC_REPRESENTATION_CONTEXT(2) 
PARAMETRIC_REPRESENTATION_CONTEXT() REPRESENTATION_CONTEXT('2D SPACE',''
  ) );
#10747 = ADVANCED_FACE('',(#10748),#7441,.T.);
#10748 = FACE_BOUND('',#10749,.T.);
#10749 = EDGE_LOOP('',(#10750,#10751,#10752,#10773));
#10750 = ORIENTED_EDGE('',*,*,#7426,.T.);
#10751 = ORIENTED_EDGE('',*,*,#10704,.T.);
#10752 = ORIENTED_EDGE('',*,*,#10753,.T.);
#10753 = EDGE_CURVE('',#10705,#10655,#10754,.T.);
#10754 = SURFACE_CURVE('',#10755,(#10759,#10766),.PCURVE_S1.);
#10755 = LINE('',#10756,#10757);
#10756 = CARTESIAN_POINT('',(-25.65,-34.,4.495));
#10757 = VECTOR('',#10758,1.);
#10758 = DIRECTION('',(0.,0.,1.));
#10759 = PCURVE('',#7441,#10760);
#10760 = DEFINITIONAL_REPRESENTATION('',(#10761),#10765);
#10761 = LINE('',#10762,#10763);
#10762 = CARTESIAN_POINT('',(3.237104637337,1.));
#10763 = VECTOR('',#10764,1.);
#10764 = DIRECTION('',(-1.,0.));
#10765 = ( GEOMETRIC_REPRESENTATION_CONTEXT(2) 
PARAMETRIC_REPRESENTATION_CONTEXT() REPRESENTATION_CONTEXT('2D SPACE',''
  ) );
#10766 = PCURVE('',#10617,#10767);
#10767 = DEFINITIONAL_REPRESENTATION('',(#10768),#10772);
#10768 = LINE('',#10769,#10770);
#10769 = CARTESIAN_POINT('',(0.,-8.));
#10770 = VECTOR('',#10771,1.);
#10771 = DIRECTION('',(1.,0.));
#10772 = ( GEOMETRIC_REPRESENTATION_CONTEXT(2) 
PARAMETRIC_REPRESENTATION_CONTEXT() REPRESENTATION_CONTEXT('2D SPACE',''
  ) );
#10773 = ORIENTED_EDGE('',*,*,#10677,.T.);
#10774 = ADVANCED_FACE('',(#10775),#7522,.T.);
#10775 = FACE_BOUND('',#10776,.T.);
#10776 = EDGE_LOOP('',(#10777,#10807,#10828,#10829,#10852));
#10777 = ORIENTED_EDGE('',*,*,#10778,.T.);
#10778 = EDGE_CURVE('',#10779,#10781,#10783,.T.);
#10779 = VERTEX_POINT('',#10780);
#10780 = CARTESIAN_POINT('',(18.,41.3,10.005));
#10781 = VERTEX_POINT('',#10782);
#10782 = CARTESIAN_POINT('',(18.,41.3,4.495));
#10783 = SURFACE_CURVE('',#10784,(#10788,#10795),.PCURVE_S1.);
#10784 = LINE('',#10785,#10786);
#10785 = CARTESIAN_POINT('',(18.,41.3,10.005));
#10786 = VECTOR('',#10787,1.);
#10787 = DIRECTION('',(0.,0.,-1.));
#10788 = PCURVE('',#7522,#10789);
#10789 = DEFINITIONAL_REPRESENTATION('',(#10790),#10794);
#10790 = LINE('',#10791,#10792);
#10791 = CARTESIAN_POINT('',(-2.272895362663,-1.));
#10792 = VECTOR('',#10793,1.);
#10793 = DIRECTION('',(1.,0.));
#10794 = ( GEOMETRIC_REPRESENTATION_CONTEXT(2) 
PARAMETRIC_REPRESENTATION_CONTEXT() REPRESENTATION_CONTEXT('2D SPACE',''
  ) );
#10795 = PCURVE('',#10796,#10801);
#10796 = PLANE('',#10797);
#10797 = AXIS2_PLACEMENT_3D('',#10798,#10799,#10800);
#10798 = CARTESIAN_POINT('',(10.,41.3,10.005));
#10799 = DIRECTION('',(1.110223024625E-16,1.,0.));
#10800 = DIRECTION('',(0.,0.,-1.));
#10801 = DEFINITIONAL_REPRESENTATION('',(#10802),#10806);
#10802 = LINE('',#10803,#10804);
#10803 = CARTESIAN_POINT('',(0.,-8.));
#10804 = VECTOR('',#10805,1.);
#10805 = DIRECTION('',(1.,0.));
#10806 = ( GEOMETRIC_REPRESENTATION_CONTEXT(2) 
PARAMETRIC_REPRESENTATION_CONTEXT() REPRESENTATION_CONTEXT('2D SPACE',''
  ) );
#10807 = ORIENTED_EDGE('',*,*,#10808,.T.);
#10808 = EDGE_CURVE('',#10781,#7506,#10809,.T.);
#10809 = SURFACE_CURVE('',#10810,(#10814,#10821),.PCURVE_S1.);
#10810 = LINE('',#10811,#10812);
#10811 = CARTESIAN_POINT('',(18.,41.3,4.495));
#10812 = VECTOR('',#10813,1.);
#10813 = DIRECTION('',(1.110223024625E-16,1.,0.));
#10814 = PCURVE('',#7522,#10815);
#10815 = DEFINITIONAL_REPRESENTATION('',(#10816),#10820);
#10816 = LINE('',#10817,#10818);
#10817 = CARTESIAN_POINT('',(3.237104637337,-1.));
#10818 = VECTOR('',#10819,1.);
#10819 = DIRECTION('',(0.,1.));
#10820 = ( GEOMETRIC_REPRESENTATION_CONTEXT(2) 
PARAMETRIC_REPRESENTATION_CONTEXT() REPRESENTATION_CONTEXT('2D SPACE',''
  ) );
#10821 = PCURVE('',#7548,#10822);
#10822 = DEFINITIONAL_REPRESENTATION('',(#10823),#10827);
#10823 = LINE('',#10824,#10825);
#10824 = CARTESIAN_POINT('',(8.881784197001E-16,-8.));
#10825 = VECTOR('',#10826,1.);
#10826 = DIRECTION('',(1.,0.));
#10827 = ( GEOMETRIC_REPRESENTATION_CONTEXT(2) 
PARAMETRIC_REPRESENTATION_CONTEXT() REPRESENTATION_CONTEXT('2D SPACE',''
  ) );
#10828 = ORIENTED_EDGE('',*,*,#7505,.T.);
#10829 = ORIENTED_EDGE('',*,*,#10830,.T.);
#10830 = EDGE_CURVE('',#7508,#10831,#10833,.T.);
#10831 = VERTEX_POINT('',#10832);
#10832 = CARTESIAN_POINT('',(18.,42.1,11.505));
#10833 = SURFACE_CURVE('',#10834,(#10838,#10845),.PCURVE_S1.);
#10834 = LINE('',#10835,#10836);
#10835 = CARTESIAN_POINT('',(18.,42.5,11.505));
#10836 = VECTOR('',#10837,1.);
#10837 = DIRECTION('',(-1.110223024625E-16,-1.,0.));
#10838 = PCURVE('',#7522,#10839);
#10839 = DEFINITIONAL_REPRESENTATION('',(#10840),#10844);
#10840 = LINE('',#10841,#10842);
#10841 = CARTESIAN_POINT('',(-3.772895362663,0.2));
#10842 = VECTOR('',#10843,1.);
#10843 = DIRECTION('',(-0.,-1.));
#10844 = ( GEOMETRIC_REPRESENTATION_CONTEXT(2) 
PARAMETRIC_REPRESENTATION_CONTEXT() REPRESENTATION_CONTEXT('2D SPACE',''
  ) );
#10845 = PCURVE('',#7808,#10846);
#10846 = DEFINITIONAL_REPRESENTATION('',(#10847),#10851);
#10847 = LINE('',#10848,#10849);
#10848 = CARTESIAN_POINT('',(-8.881784197001E-16,-8.));
#10849 = VECTOR('',#10850,1.);
#10850 = DIRECTION('',(1.,0.));
#10851 = ( GEOMETRIC_REPRESENTATION_CONTEXT(2) 
PARAMETRIC_REPRESENTATION_CONTEXT() REPRESENTATION_CONTEXT('2D SPACE',''
  ) );
#10852 = ORIENTED_EDGE('',*,*,#10853,.T.);
#10853 = EDGE_CURVE('',#10831,#10779,#10854,.T.);
#10854 = SURFACE_CURVE('',#10855,(#10859,#10866),.PCURVE_S1.);
#10855 = LINE('',#10856,#10857);
#10856 = CARTESIAN_POINT('',(18.,42.1,11.505));
#10857 = VECTOR('',#10858,1.);
#10858 = DIRECTION('',(-5.224578939413E-17,-0.470588235294,
    -0.882352941176));
#10859 = PCURVE('',#7522,#10860);
#10860 = DEFINITIONAL_REPRESENTATION('',(#10861),#10865);
#10861 = LINE('',#10862,#10863);
#10862 = CARTESIAN_POINT('',(-3.772895362663,-0.2));
#10863 = VECTOR('',#10864,1.);
#10864 = DIRECTION('',(0.882352941176,-0.470588235294));
#10865 = ( GEOMETRIC_REPRESENTATION_CONTEXT(2) 
PARAMETRIC_REPRESENTATION_CONTEXT() REPRESENTATION_CONTEXT('2D SPACE',''
  ) );
#10866 = PCURVE('',#10867,#10872);
#10867 = PLANE('',#10868);
#10868 = AXIS2_PLACEMENT_3D('',#10869,#10870,#10871);
#10869 = CARTESIAN_POINT('',(10.,42.1,11.505));
#10870 = DIRECTION('',(9.796085511398E-17,0.882352941176,-0.470588235294
    ));
#10871 = DIRECTION('',(-5.224578939413E-17,-0.470588235294,
    -0.882352941176));
#10872 = DEFINITIONAL_REPRESENTATION('',(#10873),#10877);
#10873 = LINE('',#10874,#10875);
#10874 = CARTESIAN_POINT('',(-4.17966315153E-16,-8.));
#10875 = VECTOR('',#10876,1.);
#10876 = DIRECTION('',(1.,0.));
#10877 = ( GEOMETRIC_REPRESENTATION_CONTEXT(2) 
PARAMETRIC_REPRESENTATION_CONTEXT() REPRESENTATION_CONTEXT('2D SPACE',''
  ) );
#10878 = ADVANCED_FACE('',(#10879),#7808,.F.);
#10879 = FACE_BOUND('',#10880,.F.);
#10880 = EDGE_LOOP('',(#10881,#10902,#10903,#10904));
#10881 = ORIENTED_EDGE('',*,*,#10882,.F.);
#10882 = EDGE_CURVE('',#7770,#10883,#10885,.T.);
#10883 = VERTEX_POINT('',#10884);
#10884 = CARTESIAN_POINT('',(13.,42.1,11.505));
#10885 = SURFACE_CURVE('',#10886,(#10890,#10896),.PCURVE_S1.);
#10886 = LINE('',#10887,#10888);
#10887 = CARTESIAN_POINT('',(13.,41.933722469839,11.505));
#10888 = VECTOR('',#10889,1.);
#10889 = DIRECTION('',(0.,-1.,0.));
#10890 = PCURVE('',#7808,#10891);
#10891 = DEFINITIONAL_REPRESENTATION('',(#10892),#10895);
#10892 = B_SPLINE_CURVE_WITH_KNOTS('',1,(#10893,#10894),.UNSPECIFIED.,
  .F.,.F.,(2,2),(-0.266277530161,-0.166277530161),
  .PIECEWISE_BEZIER_KNOTS.);
#10893 = CARTESIAN_POINT('',(0.3,-3.));
#10894 = CARTESIAN_POINT('',(0.4,-3.));
#10895 = ( GEOMETRIC_REPRESENTATION_CONTEXT(2) 
PARAMETRIC_REPRESENTATION_CONTEXT() REPRESENTATION_CONTEXT('2D SPACE',''
  ) );
#10896 = PCURVE('',#7784,#10897);
#10897 = DEFINITIONAL_REPRESENTATION('',(#10898),#10901);
#10898 = B_SPLINE_CURVE_WITH_KNOTS('',1,(#10899,#10900),.UNSPECIFIED.,
  .F.,.F.,(2,2),(-0.266277530161,-0.166277530161),
  .PIECEWISE_BEZIER_KNOTS.);
#10899 = CARTESIAN_POINT('',(0.260834124689,-0.832555060323));
#10900 = CARTESIAN_POINT('',(0.260834124689,-0.732555060323));
#10901 = ( GEOMETRIC_REPRESENTATION_CONTEXT(2) 
PARAMETRIC_REPRESENTATION_CONTEXT() REPRESENTATION_CONTEXT('2D SPACE',''
  ) );
#10902 = ORIENTED_EDGE('',*,*,#7795,.T.);
#10903 = ORIENTED_EDGE('',*,*,#10830,.T.);
#10904 = ORIENTED_EDGE('',*,*,#10905,.F.);
#10905 = EDGE_CURVE('',#10883,#10831,#10906,.T.);
#10906 = SURFACE_CURVE('',#10907,(#10911,#10918),.PCURVE_S1.);
#10907 = LINE('',#10908,#10909);
#10908 = CARTESIAN_POINT('',(10.,42.1,11.505));
#10909 = VECTOR('',#10910,1.);
#10910 = DIRECTION('',(1.,-1.110223024625E-16,0.));
#10911 = PCURVE('',#7808,#10912);
#10912 = DEFINITIONAL_REPRESENTATION('',(#10913),#10917);
#10913 = LINE('',#10914,#10915);
#10914 = CARTESIAN_POINT('',(0.4,-4.440892098501E-17));
#10915 = VECTOR('',#10916,1.);
#10916 = DIRECTION('',(0.,-1.));
#10917 = ( GEOMETRIC_REPRESENTATION_CONTEXT(2) 
PARAMETRIC_REPRESENTATION_CONTEXT() REPRESENTATION_CONTEXT('2D SPACE',''
  ) );
#10918 = PCURVE('',#10867,#10919);
#10919 = DEFINITIONAL_REPRESENTATION('',(#10920),#10924);
#10920 = LINE('',#10921,#10922);
#10921 = CARTESIAN_POINT('',(-0.,0.));
#10922 = VECTOR('',#10923,1.);
#10923 = DIRECTION('',(0.,-1.));
#10924 = ( GEOMETRIC_REPRESENTATION_CONTEXT(2) 
PARAMETRIC_REPRESENTATION_CONTEXT() REPRESENTATION_CONTEXT('2D SPACE',''
  ) );
#10925 = ADVANCED_FACE('',(#10926),#7784,.T.);
#10926 = FACE_BOUND('',#10927,.T.);
#10927 = EDGE_LOOP('',(#10928,#10958,#10981,#11002,#11021,#11022,#11023,
    #11046));
#10928 = ORIENTED_EDGE('',*,*,#10929,.T.);
#10929 = EDGE_CURVE('',#10930,#10932,#10934,.T.);
#10930 = VERTEX_POINT('',#10931);
#10931 = CARTESIAN_POINT('',(13.,40.1,11.255));
#10932 = VERTEX_POINT('',#10933);
#10933 = CARTESIAN_POINT('',(13.,40.1,9.745));
#10934 = SURFACE_CURVE('',#10935,(#10939,#10946),.PCURVE_S1.);
#10935 = LINE('',#10936,#10937);
#10936 = CARTESIAN_POINT('',(13.,40.1,11.255));
#10937 = VECTOR('',#10938,1.);
#10938 = DIRECTION('',(0.,0.,-1.));
#10939 = PCURVE('',#7784,#10940);
#10940 = DEFINITIONAL_REPRESENTATION('',(#10941),#10945);
#10941 = LINE('',#10942,#10943);
#10942 = CARTESIAN_POINT('',(1.083412468904E-02,1.267444939677));
#10943 = VECTOR('',#10944,1.);
#10944 = DIRECTION('',(-1.,0.));
#10945 = ( GEOMETRIC_REPRESENTATION_CONTEXT(2) 
PARAMETRIC_REPRESENTATION_CONTEXT() REPRESENTATION_CONTEXT('2D SPACE',''
  ) );
#10946 = PCURVE('',#10947,#10952);
#10947 = PLANE('',#10948);
#10948 = AXIS2_PLACEMENT_3D('',#10949,#10950,#10951);
#10949 = CARTESIAN_POINT('',(-13.,40.1,11.255));
#10950 = DIRECTION('',(-0.,1.,0.));
#10951 = DIRECTION('',(0.,0.,-1.));
#10952 = DEFINITIONAL_REPRESENTATION('',(#10953),#10957);
#10953 = LINE('',#10954,#10955);
#10954 = CARTESIAN_POINT('',(0.,-26.));
#10955 = VECTOR('',#10956,1.);
#10956 = DIRECTION('',(1.,0.));
#10957 = ( GEOMETRIC_REPRESENTATION_CONTEXT(2) 
PARAMETRIC_REPRESENTATION_CONTEXT() REPRESENTATION_CONTEXT('2D SPACE',''
  ) );
#10958 = ORIENTED_EDGE('',*,*,#10959,.T.);
#10959 = EDGE_CURVE('',#10932,#10960,#10962,.T.);
#10960 = VERTEX_POINT('',#10961);
#10961 = CARTESIAN_POINT('',(13.,41.3,9.745));
#10962 = SURFACE_CURVE('',#10963,(#10967,#10974),.PCURVE_S1.);
#10963 = LINE('',#10964,#10965);
#10964 = CARTESIAN_POINT('',(13.,40.1,9.745));
#10965 = VECTOR('',#10966,1.);
#10966 = DIRECTION('',(0.,1.,0.));
#10967 = PCURVE('',#7784,#10968);
#10968 = DEFINITIONAL_REPRESENTATION('',(#10969),#10973);
#10969 = LINE('',#10970,#10971);
#10970 = CARTESIAN_POINT('',(-1.499165875311,1.267444939677));
#10971 = VECTOR('',#10972,1.);
#10972 = DIRECTION('',(0.,-1.));
#10973 = ( GEOMETRIC_REPRESENTATION_CONTEXT(2) 
PARAMETRIC_REPRESENTATION_CONTEXT() REPRESENTATION_CONTEXT('2D SPACE',''
  ) );
#10974 = PCURVE('',#7601,#10975);
#10975 = DEFINITIONAL_REPRESENTATION('',(#10976),#10980);
#10976 = LINE('',#10977,#10978);
#10977 = CARTESIAN_POINT('',(0.,-26.));
#10978 = VECTOR('',#10979,1.);
#10979 = DIRECTION('',(1.,0.));
#10980 = ( GEOMETRIC_REPRESENTATION_CONTEXT(2) 
PARAMETRIC_REPRESENTATION_CONTEXT() REPRESENTATION_CONTEXT('2D SPACE',''
  ) );
#10981 = ORIENTED_EDGE('',*,*,#10982,.F.);
#10982 = EDGE_CURVE('',#10983,#10960,#10985,.T.);
#10983 = VERTEX_POINT('',#10984);
#10984 = CARTESIAN_POINT('',(13.,41.3,10.005));
#10985 = SURFACE_CURVE('',#10986,(#10990,#10996),.PCURVE_S1.);
#10986 = LINE('',#10987,#10988);
#10987 = CARTESIAN_POINT('',(13.,41.3,10.624582937655));
#10988 = VECTOR('',#10989,1.);
#10989 = DIRECTION('',(0.,0.,-1.));
#10990 = PCURVE('',#7784,#10991);
#10991 = DEFINITIONAL_REPRESENTATION('',(#10992),#10995);
#10992 = B_SPLINE_CURVE_WITH_KNOTS('',1,(#10993,#10994),.UNSPECIFIED.,
  .F.,.F.,(2,2),(0.619582937655,0.879582937655),
  .PIECEWISE_BEZIER_KNOTS.);
#10993 = CARTESIAN_POINT('',(-1.239165875311,6.744493967703E-02));
#10994 = CARTESIAN_POINT('',(-1.499165875311,6.744493967703E-02));
#10995 = ( GEOMETRIC_REPRESENTATION_CONTEXT(2) 
PARAMETRIC_REPRESENTATION_CONTEXT() REPRESENTATION_CONTEXT('2D SPACE',''
  ) );
#10996 = PCURVE('',#10796,#10997);
#10997 = DEFINITIONAL_REPRESENTATION('',(#10998),#11001);
#10998 = B_SPLINE_CURVE_WITH_KNOTS('',1,(#10999,#11000),.UNSPECIFIED.,
  .F.,.F.,(2,2),(0.619582937655,0.879582937655),
  .PIECEWISE_BEZIER_KNOTS.);
#10999 = CARTESIAN_POINT('',(0.,-3.));
#11000 = CARTESIAN_POINT('',(0.26,-3.));
#11001 = ( GEOMETRIC_REPRESENTATION_CONTEXT(2) 
PARAMETRIC_REPRESENTATION_CONTEXT() REPRESENTATION_CONTEXT('2D SPACE',''
  ) );
#11002 = ORIENTED_EDGE('',*,*,#11003,.F.);
#11003 = EDGE_CURVE('',#10883,#10983,#11004,.T.);
#11004 = SURFACE_CURVE('',#11005,(#11009,#11015),.PCURVE_S1.);
#11005 = LINE('',#11006,#11007);
#11006 = CARTESIAN_POINT('',(13.,41.964734223489,11.251376669042));
#11007 = VECTOR('',#11008,1.);
#11008 = DIRECTION('',(0.,-0.470588235294,-0.882352941176));
#11009 = PCURVE('',#7784,#11010);
#11010 = DEFINITIONAL_REPRESENTATION('',(#11011),#11014);
#11011 = B_SPLINE_CURVE_WITH_KNOTS('',1,(#11012,#11013),.UNSPECIFIED.,
  .F.,.F.,(2,2),(-0.287439775086,1.412560224914),
  .PIECEWISE_BEZIER_KNOTS.);
#11012 = CARTESIAN_POINT('',(0.260834124689,-0.732555060323));
#11013 = CARTESIAN_POINT('',(-1.239165875311,6.744493967703E-02));
#11014 = ( GEOMETRIC_REPRESENTATION_CONTEXT(2) 
PARAMETRIC_REPRESENTATION_CONTEXT() REPRESENTATION_CONTEXT('2D SPACE',''
  ) );
#11015 = PCURVE('',#10867,#11016);
#11016 = DEFINITIONAL_REPRESENTATION('',(#11017),#11020);
#11017 = B_SPLINE_CURVE_WITH_KNOTS('',1,(#11018,#11019),.UNSPECIFIED.,
  .F.,.F.,(2,2),(-0.287439775086,1.412560224914),
  .PIECEWISE_BEZIER_KNOTS.);
#11018 = CARTESIAN_POINT('',(-4.440892098501E-16,-3.));
#11019 = CARTESIAN_POINT('',(1.7,-3.));
#11020 = ( GEOMETRIC_REPRESENTATION_CONTEXT(2) 
PARAMETRIC_REPRESENTATION_CONTEXT() REPRESENTATION_CONTEXT('2D SPACE',''
  ) );
#11021 = ORIENTED_EDGE('',*,*,#10882,.F.);
#11022 = ORIENTED_EDGE('',*,*,#7769,.T.);
#11023 = ORIENTED_EDGE('',*,*,#11024,.T.);
#11024 = EDGE_CURVE('',#7744,#11025,#11027,.T.);
#11025 = VERTEX_POINT('',#11026);
#11026 = CARTESIAN_POINT('',(13.,42.195,13.355));
#11027 = SURFACE_CURVE('',#11028,(#11032,#11039),.PCURVE_S1.);
#11028 = LINE('',#11029,#11030);
#11029 = CARTESIAN_POINT('',(13.,42.205,13.355));
#11030 = VECTOR('',#11031,1.);
#11031 = DIRECTION('',(0.,-1.,0.));
#11032 = PCURVE('',#7784,#11033);
#11033 = DEFINITIONAL_REPRESENTATION('',(#11034),#11038);
#11034 = LINE('',#11035,#11036);
#11035 = CARTESIAN_POINT('',(2.110834124689,-0.837555060323));
#11036 = VECTOR('',#11037,1.);
#11037 = DIRECTION('',(0.,1.));
#11038 = ( GEOMETRIC_REPRESENTATION_CONTEXT(2) 
PARAMETRIC_REPRESENTATION_CONTEXT() REPRESENTATION_CONTEXT('2D SPACE',''
  ) );
#11039 = PCURVE('',#7758,#11040);
#11040 = DEFINITIONAL_REPRESENTATION('',(#11041),#11045);
#11041 = LINE('',#11042,#11043);
#11042 = CARTESIAN_POINT('',(0.,-26.));
#11043 = VECTOR('',#11044,1.);
#11044 = DIRECTION('',(1.,0.));
#11045 = ( GEOMETRIC_REPRESENTATION_CONTEXT(2) 
PARAMETRIC_REPRESENTATION_CONTEXT() REPRESENTATION_CONTEXT('2D SPACE',''
  ) );
#11046 = ORIENTED_EDGE('',*,*,#11047,.T.);
#11047 = EDGE_CURVE('',#11025,#10930,#11048,.T.);
#11048 = SURFACE_CURVE('',#11049,(#11053,#11060),.PCURVE_S1.);
#11049 = LINE('',#11050,#11051);
#11050 = CARTESIAN_POINT('',(13.,42.195,13.355));
#11051 = VECTOR('',#11052,1.);
#11052 = DIRECTION('',(0.,-0.706263482406,-0.707949075443));
#11053 = PCURVE('',#7784,#11054);
#11054 = DEFINITIONAL_REPRESENTATION('',(#11055),#11059);
#11055 = LINE('',#11056,#11057);
#11056 = CARTESIAN_POINT('',(2.110834124689,-0.827555060323));
#11057 = VECTOR('',#11058,1.);
#11058 = DIRECTION('',(-0.707949075443,0.706263482406));
#11059 = ( GEOMETRIC_REPRESENTATION_CONTEXT(2) 
PARAMETRIC_REPRESENTATION_CONTEXT() REPRESENTATION_CONTEXT('2D SPACE',''
  ) );
#11060 = PCURVE('',#11061,#11066);
#11061 = PLANE('',#11062);
#11062 = AXIS2_PLACEMENT_3D('',#11063,#11064,#11065);
#11063 = CARTESIAN_POINT('',(-13.,42.195,13.355));
#11064 = DIRECTION('',(0.,0.707949075443,-0.706263482406));
#11065 = DIRECTION('',(0.,-0.706263482406,-0.707949075443));
#11066 = DEFINITIONAL_REPRESENTATION('',(#11067),#11071);
#11067 = LINE('',#11068,#11069);
#11068 = CARTESIAN_POINT('',(0.,-26.));
#11069 = VECTOR('',#11070,1.);
#11070 = DIRECTION('',(1.,0.));
#11071 = ( GEOMETRIC_REPRESENTATION_CONTEXT(2) 
PARAMETRIC_REPRESENTATION_CONTEXT() REPRESENTATION_CONTEXT('2D SPACE',''
  ) );
#11072 = ADVANCED_FACE('',(#11073),#7758,.F.);
#11073 = FACE_BOUND('',#11074,.F.);
#11074 = EDGE_LOOP('',(#11075,#11098,#11099,#11100));
#11075 = ORIENTED_EDGE('',*,*,#11076,.F.);
#11076 = EDGE_CURVE('',#7718,#11077,#11079,.T.);
#11077 = VERTEX_POINT('',#11078);
#11078 = CARTESIAN_POINT('',(-13.,42.195,13.355));
#11079 = SURFACE_CURVE('',#11080,(#11084,#11091),.PCURVE_S1.);
#11080 = LINE('',#11081,#11082);
#11081 = CARTESIAN_POINT('',(-13.,42.205,13.355));
#11082 = VECTOR('',#11083,1.);
#11083 = DIRECTION('',(0.,-1.,0.));
#11084 = PCURVE('',#7758,#11085);
#11085 = DEFINITIONAL_REPRESENTATION('',(#11086),#11090);
#11086 = LINE('',#11087,#11088);
#11087 = CARTESIAN_POINT('',(0.,-0.));
#11088 = VECTOR('',#11089,1.);
#11089 = DIRECTION('',(1.,0.));
#11090 = ( GEOMETRIC_REPRESENTATION_CONTEXT(2) 
PARAMETRIC_REPRESENTATION_CONTEXT() REPRESENTATION_CONTEXT('2D SPACE',''
  ) );
#11091 = PCURVE('',#7732,#11092);
#11092 = DEFINITIONAL_REPRESENTATION('',(#11093),#11097);
#11093 = LINE('',#11094,#11095);
#11094 = CARTESIAN_POINT('',(2.110834124689,-0.837555060323));
#11095 = VECTOR('',#11096,1.);
#11096 = DIRECTION('',(0.,1.));
#11097 = ( GEOMETRIC_REPRESENTATION_CONTEXT(2) 
PARAMETRIC_REPRESENTATION_CONTEXT() REPRESENTATION_CONTEXT('2D SPACE',''
  ) );
#11098 = ORIENTED_EDGE('',*,*,#7743,.T.);
#11099 = ORIENTED_EDGE('',*,*,#11024,.T.);
#11100 = ORIENTED_EDGE('',*,*,#11101,.F.);
#11101 = EDGE_CURVE('',#11077,#11025,#11102,.T.);
#11102 = SURFACE_CURVE('',#11103,(#11107,#11114),.PCURVE_S1.);
#11103 = LINE('',#11104,#11105);
#11104 = CARTESIAN_POINT('',(-13.,42.195,13.355));
#11105 = VECTOR('',#11106,1.);
#11106 = DIRECTION('',(1.,0.,0.));
#11107 = PCURVE('',#7758,#11108);
#11108 = DEFINITIONAL_REPRESENTATION('',(#11109),#11113);
#11109 = LINE('',#11110,#11111);
#11110 = CARTESIAN_POINT('',(9.999999999998E-03,0.));
#11111 = VECTOR('',#11112,1.);
#11112 = DIRECTION('',(0.,-1.));
#11113 = ( GEOMETRIC_REPRESENTATION_CONTEXT(2) 
PARAMETRIC_REPRESENTATION_CONTEXT() REPRESENTATION_CONTEXT('2D SPACE',''
  ) );
#11114 = PCURVE('',#11061,#11115);
#11115 = DEFINITIONAL_REPRESENTATION('',(#11116),#11120);
#11116 = LINE('',#11117,#11118);
#11117 = CARTESIAN_POINT('',(0.,0.));
#11118 = VECTOR('',#11119,1.);
#11119 = DIRECTION('',(0.,-1.));
#11120 = ( GEOMETRIC_REPRESENTATION_CONTEXT(2) 
PARAMETRIC_REPRESENTATION_CONTEXT() REPRESENTATION_CONTEXT('2D SPACE',''
  ) );
#11121 = ADVANCED_FACE('',(#11122),#7732,.F.);
#11122 = FACE_BOUND('',#11123,.F.);
#11123 = EDGE_LOOP('',(#11124,#11149,#11172,#11198,#11224,#11243,#11244,
    #11245));
#11124 = ORIENTED_EDGE('',*,*,#11125,.T.);
#11125 = EDGE_CURVE('',#11126,#11128,#11130,.T.);
#11126 = VERTEX_POINT('',#11127);
#11127 = CARTESIAN_POINT('',(-13.,40.1,11.255));
#11128 = VERTEX_POINT('',#11129);
#11129 = CARTESIAN_POINT('',(-13.,40.1,9.745));
#11130 = SURFACE_CURVE('',#11131,(#11135,#11142),.PCURVE_S1.);
#11131 = LINE('',#11132,#11133);
#11132 = CARTESIAN_POINT('',(-13.,40.1,11.255));
#11133 = VECTOR('',#11134,1.);
#11134 = DIRECTION('',(0.,0.,-1.));
#11135 = PCURVE('',#7732,#11136);
#11136 = DEFINITIONAL_REPRESENTATION('',(#11137),#11141);
#11137 = LINE('',#11138,#11139);
#11138 = CARTESIAN_POINT('',(1.083412468904E-02,1.267444939677));
#11139 = VECTOR('',#11140,1.);
#11140 = DIRECTION('',(-1.,0.));
#11141 = ( GEOMETRIC_REPRESENTATION_CONTEXT(2) 
PARAMETRIC_REPRESENTATION_CONTEXT() REPRESENTATION_CONTEXT('2D SPACE',''
  ) );
#11142 = PCURVE('',#10947,#11143);
#11143 = DEFINITIONAL_REPRESENTATION('',(#11144),#11148);
#11144 = LINE('',#11145,#11146);
#11145 = CARTESIAN_POINT('',(0.,0.));
#11146 = VECTOR('',#11147,1.);
#11147 = DIRECTION('',(1.,0.));
#11148 = ( GEOMETRIC_REPRESENTATION_CONTEXT(2) 
PARAMETRIC_REPRESENTATION_CONTEXT() REPRESENTATION_CONTEXT('2D SPACE',''
  ) );
#11149 = ORIENTED_EDGE('',*,*,#11150,.T.);
#11150 = EDGE_CURVE('',#11128,#11151,#11153,.T.);
#11151 = VERTEX_POINT('',#11152);
#11152 = CARTESIAN_POINT('',(-13.,41.3,9.745));
#11153 = SURFACE_CURVE('',#11154,(#11158,#11165),.PCURVE_S1.);
#11154 = LINE('',#11155,#11156);
#11155 = CARTESIAN_POINT('',(-13.,40.1,9.745));
#11156 = VECTOR('',#11157,1.);
#11157 = DIRECTION('',(0.,1.,0.));
#11158 = PCURVE('',#7732,#11159);
#11159 = DEFINITIONAL_REPRESENTATION('',(#11160),#11164);
#11160 = LINE('',#11161,#11162);
#11161 = CARTESIAN_POINT('',(-1.499165875311,1.267444939677));
#11162 = VECTOR('',#11163,1.);
#11163 = DIRECTION('',(0.,-1.));
#11164 = ( GEOMETRIC_REPRESENTATION_CONTEXT(2) 
PARAMETRIC_REPRESENTATION_CONTEXT() REPRESENTATION_CONTEXT('2D SPACE',''
  ) );
#11165 = PCURVE('',#7601,#11166);
#11166 = DEFINITIONAL_REPRESENTATION('',(#11167),#11171);
#11167 = LINE('',#11168,#11169);
#11168 = CARTESIAN_POINT('',(0.,0.));
#11169 = VECTOR('',#11170,1.);
#11170 = DIRECTION('',(1.,0.));
#11171 = ( GEOMETRIC_REPRESENTATION_CONTEXT(2) 
PARAMETRIC_REPRESENTATION_CONTEXT() REPRESENTATION_CONTEXT('2D SPACE',''
  ) );
#11172 = ORIENTED_EDGE('',*,*,#11173,.F.);
#11173 = EDGE_CURVE('',#11174,#11151,#11176,.T.);
#11174 = VERTEX_POINT('',#11175);
#11175 = CARTESIAN_POINT('',(-13.,41.3,10.005));
#11176 = SURFACE_CURVE('',#11177,(#11181,#11187),.PCURVE_S1.);
#11177 = LINE('',#11178,#11179);
#11178 = CARTESIAN_POINT('',(-13.,41.3,10.624582937655));
#11179 = VECTOR('',#11180,1.);
#11180 = DIRECTION('',(0.,0.,-1.));
#11181 = PCURVE('',#7732,#11182);
#11182 = DEFINITIONAL_REPRESENTATION('',(#11183),#11186);
#11183 = B_SPLINE_CURVE_WITH_KNOTS('',1,(#11184,#11185),.UNSPECIFIED.,
  .F.,.F.,(2,2),(0.619582937655,0.879582937655),
  .PIECEWISE_BEZIER_KNOTS.);
#11184 = CARTESIAN_POINT('',(-1.239165875311,6.744493967703E-02));
#11185 = CARTESIAN_POINT('',(-1.499165875311,6.744493967703E-02));
#11186 = ( GEOMETRIC_REPRESENTATION_CONTEXT(2) 
PARAMETRIC_REPRESENTATION_CONTEXT() REPRESENTATION_CONTEXT('2D SPACE',''
  ) );
#11187 = PCURVE('',#11188,#11193);
#11188 = PLANE('',#11189);
#11189 = AXIS2_PLACEMENT_3D('',#11190,#11191,#11192);
#11190 = CARTESIAN_POINT('',(-18.,41.3,10.005));
#11191 = DIRECTION('',(1.110223024625E-16,1.,0.));
#11192 = DIRECTION('',(0.,0.,-1.));
#11193 = DEFINITIONAL_REPRESENTATION('',(#11194),#11197);
#11194 = B_SPLINE_CURVE_WITH_KNOTS('',1,(#11195,#11196),.UNSPECIFIED.,
  .F.,.F.,(2,2),(0.619582937655,0.879582937655),
  .PIECEWISE_BEZIER_KNOTS.);
#11195 = CARTESIAN_POINT('',(0.,-5.));
#11196 = CARTESIAN_POINT('',(0.26,-5.));
#11197 = ( GEOMETRIC_REPRESENTATION_CONTEXT(2) 
PARAMETRIC_REPRESENTATION_CONTEXT() REPRESENTATION_CONTEXT('2D SPACE',''
  ) );
#11198 = ORIENTED_EDGE('',*,*,#11199,.F.);
#11199 = EDGE_CURVE('',#11200,#11174,#11202,.T.);
#11200 = VERTEX_POINT('',#11201);
#11201 = CARTESIAN_POINT('',(-13.,42.1,11.505));
#11202 = SURFACE_CURVE('',#11203,(#11207,#11213),.PCURVE_S1.);
#11203 = LINE('',#11204,#11205);
#11204 = CARTESIAN_POINT('',(-13.,41.964734223489,11.251376669042));
#11205 = VECTOR('',#11206,1.);
#11206 = DIRECTION('',(0.,-0.470588235294,-0.882352941176));
#11207 = PCURVE('',#7732,#11208);
#11208 = DEFINITIONAL_REPRESENTATION('',(#11209),#11212);
#11209 = B_SPLINE_CURVE_WITH_KNOTS('',1,(#11210,#11211),.UNSPECIFIED.,
  .F.,.F.,(2,2),(-0.287439775086,1.412560224914),
  .PIECEWISE_BEZIER_KNOTS.);
#11210 = CARTESIAN_POINT('',(0.260834124689,-0.732555060323));
#11211 = CARTESIAN_POINT('',(-1.239165875311,6.744493967703E-02));
#11212 = ( GEOMETRIC_REPRESENTATION_CONTEXT(2) 
PARAMETRIC_REPRESENTATION_CONTEXT() REPRESENTATION_CONTEXT('2D SPACE',''
  ) );
#11213 = PCURVE('',#11214,#11219);
#11214 = PLANE('',#11215);
#11215 = AXIS2_PLACEMENT_3D('',#11216,#11217,#11218);
#11216 = CARTESIAN_POINT('',(-18.,42.1,11.505));
#11217 = DIRECTION('',(9.796085511398E-17,0.882352941176,-0.470588235294
    ));
#11218 = DIRECTION('',(-5.224578939413E-17,-0.470588235294,
    -0.882352941176));
#11219 = DEFINITIONAL_REPRESENTATION('',(#11220),#11223);
#11220 = B_SPLINE_CURVE_WITH_KNOTS('',1,(#11221,#11222),.UNSPECIFIED.,
  .F.,.F.,(2,2),(-0.287439775086,1.412560224914),
  .PIECEWISE_BEZIER_KNOTS.);
#11221 = CARTESIAN_POINT('',(-4.440892098501E-16,-5.));
#11222 = CARTESIAN_POINT('',(1.7,-5.));
#11223 = ( GEOMETRIC_REPRESENTATION_CONTEXT(2) 
PARAMETRIC_REPRESENTATION_CONTEXT() REPRESENTATION_CONTEXT('2D SPACE',''
  ) );
#11224 = ORIENTED_EDGE('',*,*,#11225,.F.);
#11225 = EDGE_CURVE('',#7692,#11200,#11226,.T.);
#11226 = SURFACE_CURVE('',#11227,(#11231,#11237),.PCURVE_S1.);
#11227 = LINE('',#11228,#11229);
#11228 = CARTESIAN_POINT('',(-13.,41.933722469839,11.505));
#11229 = VECTOR('',#11230,1.);
#11230 = DIRECTION('',(0.,-1.,0.));
#11231 = PCURVE('',#7732,#11232);
#11232 = DEFINITIONAL_REPRESENTATION('',(#11233),#11236);
#11233 = B_SPLINE_CURVE_WITH_KNOTS('',1,(#11234,#11235),.UNSPECIFIED.,
  .F.,.F.,(2,2),(-0.266277530161,-0.166277530161),
  .PIECEWISE_BEZIER_KNOTS.);
#11234 = CARTESIAN_POINT('',(0.260834124689,-0.832555060323));
#11235 = CARTESIAN_POINT('',(0.260834124689,-0.732555060323));
#11236 = ( GEOMETRIC_REPRESENTATION_CONTEXT(2) 
PARAMETRIC_REPRESENTATION_CONTEXT() REPRESENTATION_CONTEXT('2D SPACE',''
  ) );
#11237 = PCURVE('',#7706,#11238);
#11238 = DEFINITIONAL_REPRESENTATION('',(#11239),#11242);
#11239 = B_SPLINE_CURVE_WITH_KNOTS('',1,(#11240,#11241),.UNSPECIFIED.,
  .F.,.F.,(2,2),(-0.266277530161,-0.166277530161),
  .PIECEWISE_BEZIER_KNOTS.);
#11240 = CARTESIAN_POINT('',(0.3,-5.));
#11241 = CARTESIAN_POINT('',(0.4,-5.));
#11242 = ( GEOMETRIC_REPRESENTATION_CONTEXT(2) 
PARAMETRIC_REPRESENTATION_CONTEXT() REPRESENTATION_CONTEXT('2D SPACE',''
  ) );
#11243 = ORIENTED_EDGE('',*,*,#7717,.T.);
#11244 = ORIENTED_EDGE('',*,*,#11076,.T.);
#11245 = ORIENTED_EDGE('',*,*,#11246,.T.);
#11246 = EDGE_CURVE('',#11077,#11126,#11247,.T.);
#11247 = SURFACE_CURVE('',#11248,(#11252,#11259),.PCURVE_S1.);
#11248 = LINE('',#11249,#11250);
#11249 = CARTESIAN_POINT('',(-13.,42.195,13.355));
#11250 = VECTOR('',#11251,1.);
#11251 = DIRECTION('',(0.,-0.706263482406,-0.707949075443));
#11252 = PCURVE('',#7732,#11253);
#11253 = DEFINITIONAL_REPRESENTATION('',(#11254),#11258);
#11254 = LINE('',#11255,#11256);
#11255 = CARTESIAN_POINT('',(2.110834124689,-0.827555060323));
#11256 = VECTOR('',#11257,1.);
#11257 = DIRECTION('',(-0.707949075443,0.706263482406));
#11258 = ( GEOMETRIC_REPRESENTATION_CONTEXT(2) 
PARAMETRIC_REPRESENTATION_CONTEXT() REPRESENTATION_CONTEXT('2D SPACE',''
  ) );
#11259 = PCURVE('',#11061,#11260);
#11260 = DEFINITIONAL_REPRESENTATION('',(#11261),#11265);
#11261 = LINE('',#11262,#11263);
#11262 = CARTESIAN_POINT('',(0.,0.));
#11263 = VECTOR('',#11264,1.);
#11264 = DIRECTION('',(1.,0.));
#11265 = ( GEOMETRIC_REPRESENTATION_CONTEXT(2) 
PARAMETRIC_REPRESENTATION_CONTEXT() REPRESENTATION_CONTEXT('2D SPACE',''
  ) );
#11266 = ADVANCED_FACE('',(#11267),#7706,.F.);
#11267 = FACE_BOUND('',#11268,.F.);
#11268 = EDGE_LOOP('',(#11269,#11292,#11293,#11294));
#11269 = ORIENTED_EDGE('',*,*,#11270,.F.);
#11270 = EDGE_CURVE('',#7666,#11271,#11273,.T.);
#11271 = VERTEX_POINT('',#11272);
#11272 = CARTESIAN_POINT('',(-18.,42.1,11.505));
#11273 = SURFACE_CURVE('',#11274,(#11278,#11285),.PCURVE_S1.);
#11274 = LINE('',#11275,#11276);
#11275 = CARTESIAN_POINT('',(-18.,42.5,11.505));
#11276 = VECTOR('',#11277,1.);
#11277 = DIRECTION('',(-1.110223024625E-16,-1.,0.));
#11278 = PCURVE('',#7706,#11279);
#11279 = DEFINITIONAL_REPRESENTATION('',(#11280),#11284);
#11280 = LINE('',#11281,#11282);
#11281 = CARTESIAN_POINT('',(0.,0.));
#11282 = VECTOR('',#11283,1.);
#11283 = DIRECTION('',(1.,0.));
#11284 = ( GEOMETRIC_REPRESENTATION_CONTEXT(2) 
PARAMETRIC_REPRESENTATION_CONTEXT() REPRESENTATION_CONTEXT('2D SPACE',''
  ) );
#11285 = PCURVE('',#7680,#11286);
#11286 = DEFINITIONAL_REPRESENTATION('',(#11287),#11291);
#11287 = LINE('',#11288,#11289);
#11288 = CARTESIAN_POINT('',(-3.772895362663,0.2));
#11289 = VECTOR('',#11290,1.);
#11290 = DIRECTION('',(-0.,-1.));
#11291 = ( GEOMETRIC_REPRESENTATION_CONTEXT(2) 
PARAMETRIC_REPRESENTATION_CONTEXT() REPRESENTATION_CONTEXT('2D SPACE',''
  ) );
#11292 = ORIENTED_EDGE('',*,*,#7691,.T.);
#11293 = ORIENTED_EDGE('',*,*,#11225,.T.);
#11294 = ORIENTED_EDGE('',*,*,#11295,.F.);
#11295 = EDGE_CURVE('',#11271,#11200,#11296,.T.);
#11296 = SURFACE_CURVE('',#11297,(#11301,#11308),.PCURVE_S1.);
#11297 = LINE('',#11298,#11299);
#11298 = CARTESIAN_POINT('',(-18.,42.1,11.505));
#11299 = VECTOR('',#11300,1.);
#11300 = DIRECTION('',(1.,-1.110223024625E-16,0.));
#11301 = PCURVE('',#7706,#11302);
#11302 = DEFINITIONAL_REPRESENTATION('',(#11303),#11307);
#11303 = LINE('',#11304,#11305);
#11304 = CARTESIAN_POINT('',(0.4,-4.440892098501E-17));
#11305 = VECTOR('',#11306,1.);
#11306 = DIRECTION('',(0.,-1.));
#11307 = ( GEOMETRIC_REPRESENTATION_CONTEXT(2) 
PARAMETRIC_REPRESENTATION_CONTEXT() REPRESENTATION_CONTEXT('2D SPACE',''
  ) );
#11308 = PCURVE('',#11214,#11309);
#11309 = DEFINITIONAL_REPRESENTATION('',(#11310),#11314);
#11310 = LINE('',#11311,#11312);
#11311 = CARTESIAN_POINT('',(-0.,0.));
#11312 = VECTOR('',#11313,1.);
#11313 = DIRECTION('',(0.,-1.));
#11314 = ( GEOMETRIC_REPRESENTATION_CONTEXT(2) 
PARAMETRIC_REPRESENTATION_CONTEXT() REPRESENTATION_CONTEXT('2D SPACE',''
  ) );
#11315 = ADVANCED_FACE('',(#11316),#7680,.F.);
#11316 = FACE_BOUND('',#11317,.F.);
#11317 = EDGE_LOOP('',(#11318,#11343,#11364,#11365,#11366));
#11318 = ORIENTED_EDGE('',*,*,#11319,.T.);
#11319 = EDGE_CURVE('',#11320,#11322,#11324,.T.);
#11320 = VERTEX_POINT('',#11321);
#11321 = CARTESIAN_POINT('',(-18.,41.3,10.005));
#11322 = VERTEX_POINT('',#11323);
#11323 = CARTESIAN_POINT('',(-18.,41.3,4.495));
#11324 = SURFACE_CURVE('',#11325,(#11329,#11336),.PCURVE_S1.);
#11325 = LINE('',#11326,#11327);
#11326 = CARTESIAN_POINT('',(-18.,41.3,10.005));
#11327 = VECTOR('',#11328,1.);
#11328 = DIRECTION('',(0.,0.,-1.));
#11329 = PCURVE('',#7680,#11330);
#11330 = DEFINITIONAL_REPRESENTATION('',(#11331),#11335);
#11331 = LINE('',#11332,#11333);
#11332 = CARTESIAN_POINT('',(-2.272895362663,-1.));
#11333 = VECTOR('',#11334,1.);
#11334 = DIRECTION('',(1.,0.));
#11335 = ( GEOMETRIC_REPRESENTATION_CONTEXT(2) 
PARAMETRIC_REPRESENTATION_CONTEXT() REPRESENTATION_CONTEXT('2D SPACE',''
  ) );
#11336 = PCURVE('',#11188,#11337);
#11337 = DEFINITIONAL_REPRESENTATION('',(#11338),#11342);
#11338 = LINE('',#11339,#11340);
#11339 = CARTESIAN_POINT('',(0.,0.));
#11340 = VECTOR('',#11341,1.);
#11341 = DIRECTION('',(1.,0.));
#11342 = ( GEOMETRIC_REPRESENTATION_CONTEXT(2) 
PARAMETRIC_REPRESENTATION_CONTEXT() REPRESENTATION_CONTEXT('2D SPACE',''
  ) );
#11343 = ORIENTED_EDGE('',*,*,#11344,.T.);
#11344 = EDGE_CURVE('',#11322,#7640,#11345,.T.);
#11345 = SURFACE_CURVE('',#11346,(#11350,#11357),.PCURVE_S1.);
#11346 = LINE('',#11347,#11348);
#11347 = CARTESIAN_POINT('',(-18.,41.3,4.495));
#11348 = VECTOR('',#11349,1.);
#11349 = DIRECTION('',(1.110223024625E-16,1.,0.));
#11350 = PCURVE('',#7680,#11351);
#11351 = DEFINITIONAL_REPRESENTATION('',(#11352),#11356);
#11352 = LINE('',#11353,#11354);
#11353 = CARTESIAN_POINT('',(3.237104637337,-1.));
#11354 = VECTOR('',#11355,1.);
#11355 = DIRECTION('',(0.,1.));
#11356 = ( GEOMETRIC_REPRESENTATION_CONTEXT(2) 
PARAMETRIC_REPRESENTATION_CONTEXT() REPRESENTATION_CONTEXT('2D SPACE',''
  ) );
#11357 = PCURVE('',#7654,#11358);
#11358 = DEFINITIONAL_REPRESENTATION('',(#11359),#11363);
#11359 = LINE('',#11360,#11361);
#11360 = CARTESIAN_POINT('',(0.,0.));
#11361 = VECTOR('',#11362,1.);
#11362 = DIRECTION('',(1.,0.));
#11363 = ( GEOMETRIC_REPRESENTATION_CONTEXT(2) 
PARAMETRIC_REPRESENTATION_CONTEXT() REPRESENTATION_CONTEXT('2D SPACE',''
  ) );
#11364 = ORIENTED_EDGE('',*,*,#7665,.T.);
#11365 = ORIENTED_EDGE('',*,*,#11270,.T.);
#11366 = ORIENTED_EDGE('',*,*,#11367,.T.);
#11367 = EDGE_CURVE('',#11271,#11320,#11368,.T.);
#11368 = SURFACE_CURVE('',#11369,(#11373,#11380),.PCURVE_S1.);
#11369 = LINE('',#11370,#11371);
#11370 = CARTESIAN_POINT('',(-18.,42.1,11.505));
#11371 = VECTOR('',#11372,1.);
#11372 = DIRECTION('',(-5.224578939413E-17,-0.470588235294,
    -0.882352941176));
#11373 = PCURVE('',#7680,#11374);
#11374 = DEFINITIONAL_REPRESENTATION('',(#11375),#11379);
#11375 = LINE('',#11376,#11377);
#11376 = CARTESIAN_POINT('',(-3.772895362663,-0.2));
#11377 = VECTOR('',#11378,1.);
#11378 = DIRECTION('',(0.882352941176,-0.470588235294));
#11379 = ( GEOMETRIC_REPRESENTATION_CONTEXT(2) 
PARAMETRIC_REPRESENTATION_CONTEXT() REPRESENTATION_CONTEXT('2D SPACE',''
  ) );
#11380 = PCURVE('',#11214,#11381);
#11381 = DEFINITIONAL_REPRESENTATION('',(#11382),#11386);
#11382 = LINE('',#11383,#11384);
#11383 = CARTESIAN_POINT('',(-0.,0.));
#11384 = VECTOR('',#11385,1.);
#11385 = DIRECTION('',(1.,0.));
#11386 = ( GEOMETRIC_REPRESENTATION_CONTEXT(2) 
PARAMETRIC_REPRESENTATION_CONTEXT() REPRESENTATION_CONTEXT('2D SPACE',''
  ) );
#11387 = ADVANCED_FACE('',(#11388),#7654,.F.);
#11388 = FACE_BOUND('',#11389,.F.);
#11389 = EDGE_LOOP('',(#11390,#11391,#11414,#11435));
#11390 = ORIENTED_EDGE('',*,*,#11344,.F.);
#11391 = ORIENTED_EDGE('',*,*,#11392,.T.);
#11392 = EDGE_CURVE('',#11322,#11393,#11395,.T.);
#11393 = VERTEX_POINT('',#11394);
#11394 = CARTESIAN_POINT('',(-10.,41.3,4.495));
#11395 = SURFACE_CURVE('',#11396,(#11400,#11407),.PCURVE_S1.);
#11396 = LINE('',#11397,#11398);
#11397 = CARTESIAN_POINT('',(-18.,41.3,4.495));
#11398 = VECTOR('',#11399,1.);
#11399 = DIRECTION('',(1.,-1.110223024625E-16,0.));
#11400 = PCURVE('',#7654,#11401);
#11401 = DEFINITIONAL_REPRESENTATION('',(#11402),#11406);
#11402 = LINE('',#11403,#11404);
#11403 = CARTESIAN_POINT('',(0.,0.));
#11404 = VECTOR('',#11405,1.);
#11405 = DIRECTION('',(0.,-1.));
#11406 = ( GEOMETRIC_REPRESENTATION_CONTEXT(2) 
PARAMETRIC_REPRESENTATION_CONTEXT() REPRESENTATION_CONTEXT('2D SPACE',''
  ) );
#11407 = PCURVE('',#11188,#11408);
#11408 = DEFINITIONAL_REPRESENTATION('',(#11409),#11413);
#11409 = LINE('',#11410,#11411);
#11410 = CARTESIAN_POINT('',(5.51,0.));
#11411 = VECTOR('',#11412,1.);
#11412 = DIRECTION('',(0.,-1.));
#11413 = ( GEOMETRIC_REPRESENTATION_CONTEXT(2) 
PARAMETRIC_REPRESENTATION_CONTEXT() REPRESENTATION_CONTEXT('2D SPACE',''
  ) );
#11414 = ORIENTED_EDGE('',*,*,#11415,.T.);
#11415 = EDGE_CURVE('',#11393,#7614,#11416,.T.);
#11416 = SURFACE_CURVE('',#11417,(#11421,#11428),.PCURVE_S1.);
#11417 = LINE('',#11418,#11419);
#11418 = CARTESIAN_POINT('',(-10.,41.3,4.495));
#11419 = VECTOR('',#11420,1.);
#11420 = DIRECTION('',(1.110223024625E-16,1.,0.));
#11421 = PCURVE('',#7654,#11422);
#11422 = DEFINITIONAL_REPRESENTATION('',(#11423),#11427);
#11423 = LINE('',#11424,#11425);
#11424 = CARTESIAN_POINT('',(8.881784197001E-16,-8.));
#11425 = VECTOR('',#11426,1.);
#11426 = DIRECTION('',(1.,0.));
#11427 = ( GEOMETRIC_REPRESENTATION_CONTEXT(2) 
PARAMETRIC_REPRESENTATION_CONTEXT() REPRESENTATION_CONTEXT('2D SPACE',''
  ) );
#11428 = PCURVE('',#7628,#11429);
#11429 = DEFINITIONAL_REPRESENTATION('',(#11430),#11434);
#11430 = LINE('',#11431,#11432);
#11431 = CARTESIAN_POINT('',(3.237104637337,-1.));
#11432 = VECTOR('',#11433,1.);
#11433 = DIRECTION('',(0.,1.));
#11434 = ( GEOMETRIC_REPRESENTATION_CONTEXT(2) 
PARAMETRIC_REPRESENTATION_CONTEXT() REPRESENTATION_CONTEXT('2D SPACE',''
  ) );
#11435 = ORIENTED_EDGE('',*,*,#7639,.T.);
#11436 = ADVANCED_FACE('',(#11437),#7628,.T.);
#11437 = FACE_BOUND('',#11438,.T.);
#11438 = EDGE_LOOP('',(#11439,#11460,#11481,#11482));
#11439 = ORIENTED_EDGE('',*,*,#11440,.T.);
#11440 = EDGE_CURVE('',#7586,#11441,#11443,.T.);
#11441 = VERTEX_POINT('',#11442);
#11442 = CARTESIAN_POINT('',(-10.,41.3,9.745));
#11443 = SURFACE_CURVE('',#11444,(#11448,#11454),.PCURVE_S1.);
#11444 = LINE('',#11445,#11446);
#11445 = CARTESIAN_POINT('',(-10.,41.2,9.745));
#11446 = VECTOR('',#11447,1.);
#11447 = DIRECTION('',(-1.110223024625E-16,-1.,0.));
#11448 = PCURVE('',#7628,#11449);
#11449 = DEFINITIONAL_REPRESENTATION('',(#11450),#11453);
#11450 = B_SPLINE_CURVE_WITH_KNOTS('',1,(#11451,#11452),.UNSPECIFIED.,
  .F.,.F.,(2,2),(-1.,-9.999999999999E-02),.PIECEWISE_BEZIER_KNOTS.);
#11451 = CARTESIAN_POINT('',(-2.012895362663,-9.999999999999E-02));
#11452 = CARTESIAN_POINT('',(-2.012895362663,-1.));
#11453 = ( GEOMETRIC_REPRESENTATION_CONTEXT(2) 
PARAMETRIC_REPRESENTATION_CONTEXT() REPRESENTATION_CONTEXT('2D SPACE',''
  ) );
#11454 = PCURVE('',#7601,#11455);
#11455 = DEFINITIONAL_REPRESENTATION('',(#11456),#11459);
#11456 = B_SPLINE_CURVE_WITH_KNOTS('',1,(#11457,#11458),.UNSPECIFIED.,
  .F.,.F.,(2,2),(-1.,-9.999999999999E-02),.PIECEWISE_BEZIER_KNOTS.);
#11457 = CARTESIAN_POINT('',(2.1,-3.));
#11458 = CARTESIAN_POINT('',(1.2,-3.));
#11459 = ( GEOMETRIC_REPRESENTATION_CONTEXT(2) 
PARAMETRIC_REPRESENTATION_CONTEXT() REPRESENTATION_CONTEXT('2D SPACE',''
  ) );
#11460 = ORIENTED_EDGE('',*,*,#11461,.T.);
#11461 = EDGE_CURVE('',#11441,#11393,#11462,.T.);
#11462 = SURFACE_CURVE('',#11463,(#11467,#11474),.PCURVE_S1.);
#11463 = LINE('',#11464,#11465);
#11464 = CARTESIAN_POINT('',(-10.,41.3,10.005));
#11465 = VECTOR('',#11466,1.);
#11466 = DIRECTION('',(0.,0.,-1.));
#11467 = PCURVE('',#7628,#11468);
#11468 = DEFINITIONAL_REPRESENTATION('',(#11469),#11473);
#11469 = LINE('',#11470,#11471);
#11470 = CARTESIAN_POINT('',(-2.272895362663,-1.));
#11471 = VECTOR('',#11472,1.);
#11472 = DIRECTION('',(1.,0.));
#11473 = ( GEOMETRIC_REPRESENTATION_CONTEXT(2) 
PARAMETRIC_REPRESENTATION_CONTEXT() REPRESENTATION_CONTEXT('2D SPACE',''
  ) );
#11474 = PCURVE('',#11188,#11475);
#11475 = DEFINITIONAL_REPRESENTATION('',(#11476),#11480);
#11476 = LINE('',#11477,#11478);
#11477 = CARTESIAN_POINT('',(0.,-8.));
#11478 = VECTOR('',#11479,1.);
#11479 = DIRECTION('',(1.,0.));
#11480 = ( GEOMETRIC_REPRESENTATION_CONTEXT(2) 
PARAMETRIC_REPRESENTATION_CONTEXT() REPRESENTATION_CONTEXT('2D SPACE',''
  ) );
#11481 = ORIENTED_EDGE('',*,*,#11415,.T.);
#11482 = ORIENTED_EDGE('',*,*,#7613,.T.);
#11483 = ADVANCED_FACE('',(#11484),#7601,.F.);
#11484 = FACE_BOUND('',#11485,.F.);
#11485 = EDGE_LOOP('',(#11486,#11487,#11508,#11509,#11530,#11549,#11550,
    #11551));
#11486 = ORIENTED_EDGE('',*,*,#11150,.F.);
#11487 = ORIENTED_EDGE('',*,*,#11488,.T.);
#11488 = EDGE_CURVE('',#11128,#10932,#11489,.T.);
#11489 = SURFACE_CURVE('',#11490,(#11494,#11501),.PCURVE_S1.);
#11490 = LINE('',#11491,#11492);
#11491 = CARTESIAN_POINT('',(-13.,40.1,9.745));
#11492 = VECTOR('',#11493,1.);
#11493 = DIRECTION('',(1.,0.,0.));
#11494 = PCURVE('',#7601,#11495);
#11495 = DEFINITIONAL_REPRESENTATION('',(#11496),#11500);
#11496 = LINE('',#11497,#11498);
#11497 = CARTESIAN_POINT('',(0.,0.));
#11498 = VECTOR('',#11499,1.);
#11499 = DIRECTION('',(0.,-1.));
#11500 = ( GEOMETRIC_REPRESENTATION_CONTEXT(2) 
PARAMETRIC_REPRESENTATION_CONTEXT() REPRESENTATION_CONTEXT('2D SPACE',''
  ) );
#11501 = PCURVE('',#10947,#11502);
#11502 = DEFINITIONAL_REPRESENTATION('',(#11503),#11507);
#11503 = LINE('',#11504,#11505);
#11504 = CARTESIAN_POINT('',(1.51,0.));
#11505 = VECTOR('',#11506,1.);
#11506 = DIRECTION('',(0.,-1.));
#11507 = ( GEOMETRIC_REPRESENTATION_CONTEXT(2) 
PARAMETRIC_REPRESENTATION_CONTEXT() REPRESENTATION_CONTEXT('2D SPACE',''
  ) );
#11508 = ORIENTED_EDGE('',*,*,#10959,.T.);
#11509 = ORIENTED_EDGE('',*,*,#11510,.F.);
#11510 = EDGE_CURVE('',#11511,#10960,#11513,.T.);
#11511 = VERTEX_POINT('',#11512);
#11512 = CARTESIAN_POINT('',(10.,41.3,9.745));
#11513 = SURFACE_CURVE('',#11514,(#11518,#11524),.PCURVE_S1.);
#11514 = LINE('',#11515,#11516);
#11515 = CARTESIAN_POINT('',(-1.5,41.3,9.745));
#11516 = VECTOR('',#11517,1.);
#11517 = DIRECTION('',(1.,-1.110223024625E-16,0.));
#11518 = PCURVE('',#7601,#11519);
#11519 = DEFINITIONAL_REPRESENTATION('',(#11520),#11523);
#11520 = B_SPLINE_CURVE_WITH_KNOTS('',1,(#11521,#11522),.UNSPECIFIED.,
  .F.,.F.,(2,2),(11.5,14.5),.PIECEWISE_BEZIER_KNOTS.);
#11521 = CARTESIAN_POINT('',(1.2,-23.));
#11522 = CARTESIAN_POINT('',(1.2,-26.));
#11523 = ( GEOMETRIC_REPRESENTATION_CONTEXT(2) 
PARAMETRIC_REPRESENTATION_CONTEXT() REPRESENTATION_CONTEXT('2D SPACE',''
  ) );
#11524 = PCURVE('',#10796,#11525);
#11525 = DEFINITIONAL_REPRESENTATION('',(#11526),#11529);
#11526 = B_SPLINE_CURVE_WITH_KNOTS('',1,(#11527,#11528),.UNSPECIFIED.,
  .F.,.F.,(2,2),(11.5,14.5),.PIECEWISE_BEZIER_KNOTS.);
#11527 = CARTESIAN_POINT('',(0.26,0.));
#11528 = CARTESIAN_POINT('',(0.26,-3.));
#11529 = ( GEOMETRIC_REPRESENTATION_CONTEXT(2) 
PARAMETRIC_REPRESENTATION_CONTEXT() REPRESENTATION_CONTEXT('2D SPACE',''
  ) );
#11530 = ORIENTED_EDGE('',*,*,#11531,.F.);
#11531 = EDGE_CURVE('',#7560,#11511,#11532,.T.);
#11532 = SURFACE_CURVE('',#11533,(#11537,#11543),.PCURVE_S1.);
#11533 = LINE('',#11534,#11535);
#11534 = CARTESIAN_POINT('',(10.,41.2,9.745));
#11535 = VECTOR('',#11536,1.);
#11536 = DIRECTION('',(-1.110223024625E-16,-1.,0.));
#11537 = PCURVE('',#7601,#11538);
#11538 = DEFINITIONAL_REPRESENTATION('',(#11539),#11542);
#11539 = B_SPLINE_CURVE_WITH_KNOTS('',1,(#11540,#11541),.UNSPECIFIED.,
  .F.,.F.,(2,2),(-1.,-9.999999999999E-02),.PIECEWISE_BEZIER_KNOTS.);
#11540 = CARTESIAN_POINT('',(2.1,-23.));
#11541 = CARTESIAN_POINT('',(1.2,-23.));
#11542 = ( GEOMETRIC_REPRESENTATION_CONTEXT(2) 
PARAMETRIC_REPRESENTATION_CONTEXT() REPRESENTATION_CONTEXT('2D SPACE',''
  ) );
#11543 = PCURVE('',#7574,#11544);
#11544 = DEFINITIONAL_REPRESENTATION('',(#11545),#11548);
#11545 = B_SPLINE_CURVE_WITH_KNOTS('',1,(#11546,#11547),.UNSPECIFIED.,
  .F.,.F.,(2,2),(-1.,-9.999999999999E-02),.PIECEWISE_BEZIER_KNOTS.);
#11546 = CARTESIAN_POINT('',(-2.012895362663,-9.999999999999E-02));
#11547 = CARTESIAN_POINT('',(-2.012895362663,-1.));
#11548 = ( GEOMETRIC_REPRESENTATION_CONTEXT(2) 
PARAMETRIC_REPRESENTATION_CONTEXT() REPRESENTATION_CONTEXT('2D SPACE',''
  ) );
#11549 = ORIENTED_EDGE('',*,*,#7585,.F.);
#11550 = ORIENTED_EDGE('',*,*,#11440,.T.);
#11551 = ORIENTED_EDGE('',*,*,#11552,.F.);
#11552 = EDGE_CURVE('',#11151,#11441,#11553,.T.);
#11553 = SURFACE_CURVE('',#11554,(#11558,#11564),.PCURVE_S1.);
#11554 = LINE('',#11555,#11556);
#11555 = CARTESIAN_POINT('',(-15.5,41.3,9.745));
#11556 = VECTOR('',#11557,1.);
#11557 = DIRECTION('',(1.,-1.110223024625E-16,0.));
#11558 = PCURVE('',#7601,#11559);
#11559 = DEFINITIONAL_REPRESENTATION('',(#11560),#11563);
#11560 = B_SPLINE_CURVE_WITH_KNOTS('',1,(#11561,#11562),.UNSPECIFIED.,
  .F.,.F.,(2,2),(2.5,5.5),.PIECEWISE_BEZIER_KNOTS.);
#11561 = CARTESIAN_POINT('',(1.2,0.));
#11562 = CARTESIAN_POINT('',(1.2,-3.));
#11563 = ( GEOMETRIC_REPRESENTATION_CONTEXT(2) 
PARAMETRIC_REPRESENTATION_CONTEXT() REPRESENTATION_CONTEXT('2D SPACE',''
  ) );
#11564 = PCURVE('',#11188,#11565);
#11565 = DEFINITIONAL_REPRESENTATION('',(#11566),#11569);
#11566 = B_SPLINE_CURVE_WITH_KNOTS('',1,(#11567,#11568),.UNSPECIFIED.,
  .F.,.F.,(2,2),(2.5,5.5),.PIECEWISE_BEZIER_KNOTS.);
#11567 = CARTESIAN_POINT('',(0.26,-5.));
#11568 = CARTESIAN_POINT('',(0.26,-8.));
#11569 = ( GEOMETRIC_REPRESENTATION_CONTEXT(2) 
PARAMETRIC_REPRESENTATION_CONTEXT() REPRESENTATION_CONTEXT('2D SPACE',''
  ) );
#11570 = ADVANCED_FACE('',(#11571),#7574,.F.);
#11571 = FACE_BOUND('',#11572,.F.);
#11572 = EDGE_LOOP('',(#11573,#11574,#11597,#11618));
#11573 = ORIENTED_EDGE('',*,*,#11531,.T.);
#11574 = ORIENTED_EDGE('',*,*,#11575,.T.);
#11575 = EDGE_CURVE('',#11511,#11576,#11578,.T.);
#11576 = VERTEX_POINT('',#11577);
#11577 = CARTESIAN_POINT('',(10.,41.3,4.495));
#11578 = SURFACE_CURVE('',#11579,(#11583,#11590),.PCURVE_S1.);
#11579 = LINE('',#11580,#11581);
#11580 = CARTESIAN_POINT('',(10.,41.3,10.005));
#11581 = VECTOR('',#11582,1.);
#11582 = DIRECTION('',(0.,0.,-1.));
#11583 = PCURVE('',#7574,#11584);
#11584 = DEFINITIONAL_REPRESENTATION('',(#11585),#11589);
#11585 = LINE('',#11586,#11587);
#11586 = CARTESIAN_POINT('',(-2.272895362663,-1.));
#11587 = VECTOR('',#11588,1.);
#11588 = DIRECTION('',(1.,0.));
#11589 = ( GEOMETRIC_REPRESENTATION_CONTEXT(2) 
PARAMETRIC_REPRESENTATION_CONTEXT() REPRESENTATION_CONTEXT('2D SPACE',''
  ) );
#11590 = PCURVE('',#10796,#11591);
#11591 = DEFINITIONAL_REPRESENTATION('',(#11592),#11596);
#11592 = LINE('',#11593,#11594);
#11593 = CARTESIAN_POINT('',(0.,0.));
#11594 = VECTOR('',#11595,1.);
#11595 = DIRECTION('',(1.,0.));
#11596 = ( GEOMETRIC_REPRESENTATION_CONTEXT(2) 
PARAMETRIC_REPRESENTATION_CONTEXT() REPRESENTATION_CONTEXT('2D SPACE',''
  ) );
#11597 = ORIENTED_EDGE('',*,*,#11598,.T.);
#11598 = EDGE_CURVE('',#11576,#7534,#11599,.T.);
#11599 = SURFACE_CURVE('',#11600,(#11604,#11611),.PCURVE_S1.);
#11600 = LINE('',#11601,#11602);
#11601 = CARTESIAN_POINT('',(10.,41.3,4.495));
#11602 = VECTOR('',#11603,1.);
#11603 = DIRECTION('',(1.110223024625E-16,1.,0.));
#11604 = PCURVE('',#7574,#11605);
#11605 = DEFINITIONAL_REPRESENTATION('',(#11606),#11610);
#11606 = LINE('',#11607,#11608);
#11607 = CARTESIAN_POINT('',(3.237104637337,-1.));
#11608 = VECTOR('',#11609,1.);
#11609 = DIRECTION('',(0.,1.));
#11610 = ( GEOMETRIC_REPRESENTATION_CONTEXT(2) 
PARAMETRIC_REPRESENTATION_CONTEXT() REPRESENTATION_CONTEXT('2D SPACE',''
  ) );
#11611 = PCURVE('',#7548,#11612);
#11612 = DEFINITIONAL_REPRESENTATION('',(#11613),#11617);
#11613 = LINE('',#11614,#11615);
#11614 = CARTESIAN_POINT('',(0.,0.));
#11615 = VECTOR('',#11616,1.);
#11616 = DIRECTION('',(1.,0.));
#11617 = ( GEOMETRIC_REPRESENTATION_CONTEXT(2) 
PARAMETRIC_REPRESENTATION_CONTEXT() REPRESENTATION_CONTEXT('2D SPACE',''
  ) );
#11618 = ORIENTED_EDGE('',*,*,#7559,.T.);
#11619 = ADVANCED_FACE('',(#11620),#7548,.F.);
#11620 = FACE_BOUND('',#11621,.F.);
#11621 = EDGE_LOOP('',(#11622,#11623,#11644,#11645));
#11622 = ORIENTED_EDGE('',*,*,#11598,.F.);
#11623 = ORIENTED_EDGE('',*,*,#11624,.T.);
#11624 = EDGE_CURVE('',#11576,#10781,#11625,.T.);
#11625 = SURFACE_CURVE('',#11626,(#11630,#11637),.PCURVE_S1.);
#11626 = LINE('',#11627,#11628);
#11627 = CARTESIAN_POINT('',(10.,41.3,4.495));
#11628 = VECTOR('',#11629,1.);
#11629 = DIRECTION('',(1.,-1.110223024625E-16,0.));
#11630 = PCURVE('',#7548,#11631);
#11631 = DEFINITIONAL_REPRESENTATION('',(#11632),#11636);
#11632 = LINE('',#11633,#11634);
#11633 = CARTESIAN_POINT('',(0.,0.));
#11634 = VECTOR('',#11635,1.);
#11635 = DIRECTION('',(0.,-1.));
#11636 = ( GEOMETRIC_REPRESENTATION_CONTEXT(2) 
PARAMETRIC_REPRESENTATION_CONTEXT() REPRESENTATION_CONTEXT('2D SPACE',''
  ) );
#11637 = PCURVE('',#10796,#11638);
#11638 = DEFINITIONAL_REPRESENTATION('',(#11639),#11643);
#11639 = LINE('',#11640,#11641);
#11640 = CARTESIAN_POINT('',(5.51,0.));
#11641 = VECTOR('',#11642,1.);
#11642 = DIRECTION('',(0.,-1.));
#11643 = ( GEOMETRIC_REPRESENTATION_CONTEXT(2) 
PARAMETRIC_REPRESENTATION_CONTEXT() REPRESENTATION_CONTEXT('2D SPACE',''
  ) );
#11644 = ORIENTED_EDGE('',*,*,#10808,.T.);
#11645 = ORIENTED_EDGE('',*,*,#7533,.T.);
#11646 = ADVANCED_FACE('',(#11647),#7846,.T.);
#11647 = FACE_BOUND('',#11648,.T.);
#11648 = EDGE_LOOP('',(#11649));
#11649 = ORIENTED_EDGE('',*,*,#7829,.T.);
#11650 = ADVANCED_FACE('',(#11651),#7901,.T.);
#11651 = FACE_BOUND('',#11652,.T.);
#11652 = EDGE_LOOP('',(#11653));
#11653 = ORIENTED_EDGE('',*,*,#7884,.T.);
#11654 = ADVANCED_FACE('',(#11655),#7956,.T.);
#11655 = FACE_BOUND('',#11656,.T.);
#11656 = EDGE_LOOP('',(#11657));
#11657 = ORIENTED_EDGE('',*,*,#7939,.T.);
#11658 = ADVANCED_FACE('',(#11659),#8230,.F.);
#11659 = FACE_BOUND('',#11660,.F.);
#11660 = EDGE_LOOP('',(#11661,#11682,#11683,#11684));
#11661 = ORIENTED_EDGE('',*,*,#11662,.T.);
#11662 = EDGE_CURVE('',#8187,#8367,#11663,.T.);
#11663 = SURFACE_CURVE('',#11664,(#11668,#11675),.PCURVE_S1.);
#11664 = LINE('',#11665,#11666);
#11665 = CARTESIAN_POINT('',(-18.,-41.3,10.005));
#11666 = VECTOR('',#11667,1.);
#11667 = DIRECTION('',(1.,-1.110223024625E-16,0.));
#11668 = PCURVE('',#8230,#11669);
#11669 = DEFINITIONAL_REPRESENTATION('',(#11670),#11674);
#11670 = LINE('',#11671,#11672);
#11671 = CARTESIAN_POINT('',(0.,0.));
#11672 = VECTOR('',#11673,1.);
#11673 = DIRECTION('',(0.,-1.));
#11674 = ( GEOMETRIC_REPRESENTATION_CONTEXT(2) 
PARAMETRIC_REPRESENTATION_CONTEXT() REPRESENTATION_CONTEXT('2D SPACE',''
  ) );
#11675 = PCURVE('',#8202,#11676);
#11676 = DEFINITIONAL_REPRESENTATION('',(#11677),#11681);
#11677 = LINE('',#11678,#11679);
#11678 = CARTESIAN_POINT('',(5.51,0.));
#11679 = VECTOR('',#11680,1.);
#11680 = DIRECTION('',(0.,-1.));
#11681 = ( GEOMETRIC_REPRESENTATION_CONTEXT(2) 
PARAMETRIC_REPRESENTATION_CONTEXT() REPRESENTATION_CONTEXT('2D SPACE',''
  ) );
#11682 = ORIENTED_EDGE('',*,*,#8389,.T.);
#11683 = ORIENTED_EDGE('',*,*,#8267,.F.);
#11684 = ORIENTED_EDGE('',*,*,#8214,.F.);
#11685 = ADVANCED_FACE('',(#11686),#8202,.F.);
#11686 = FACE_BOUND('',#11687,.F.);
#11687 = EDGE_LOOP('',(#11688,#11689,#11690,#11691));
#11688 = ORIENTED_EDGE('',*,*,#8340,.T.);
#11689 = ORIENTED_EDGE('',*,*,#8366,.T.);
#11690 = ORIENTED_EDGE('',*,*,#11662,.F.);
#11691 = ORIENTED_EDGE('',*,*,#8186,.F.);
#11692 = ADVANCED_FACE('',(#11693),#8482,.F.);
#11693 = FACE_BOUND('',#11694,.F.);
#11694 = EDGE_LOOP('',(#11695,#11716,#11717,#11718));
#11695 = ORIENTED_EDGE('',*,*,#11696,.T.);
#11696 = EDGE_CURVE('',#8439,#8592,#11697,.T.);
#11697 = SURFACE_CURVE('',#11698,(#11702,#11709),.PCURVE_S1.);
#11698 = LINE('',#11699,#11700);
#11699 = CARTESIAN_POINT('',(10.,-41.3,10.005));
#11700 = VECTOR('',#11701,1.);
#11701 = DIRECTION('',(1.,-1.110223024625E-16,0.));
#11702 = PCURVE('',#8482,#11703);
#11703 = DEFINITIONAL_REPRESENTATION('',(#11704),#11708);
#11704 = LINE('',#11705,#11706);
#11705 = CARTESIAN_POINT('',(0.,0.));
#11706 = VECTOR('',#11707,1.);
#11707 = DIRECTION('',(0.,-1.));
#11708 = ( GEOMETRIC_REPRESENTATION_CONTEXT(2) 
PARAMETRIC_REPRESENTATION_CONTEXT() REPRESENTATION_CONTEXT('2D SPACE',''
  ) );
#11709 = PCURVE('',#8454,#11710);
#11710 = DEFINITIONAL_REPRESENTATION('',(#11711),#11715);
#11711 = LINE('',#11712,#11713);
#11712 = CARTESIAN_POINT('',(5.51,0.));
#11713 = VECTOR('',#11714,1.);
#11714 = DIRECTION('',(0.,-1.));
#11715 = ( GEOMETRIC_REPRESENTATION_CONTEXT(2) 
PARAMETRIC_REPRESENTATION_CONTEXT() REPRESENTATION_CONTEXT('2D SPACE',''
  ) );
#11716 = ORIENTED_EDGE('',*,*,#8614,.T.);
#11717 = ORIENTED_EDGE('',*,*,#8519,.F.);
#11718 = ORIENTED_EDGE('',*,*,#8466,.F.);
#11719 = ADVANCED_FACE('',(#11720),#8454,.F.);
#11720 = FACE_BOUND('',#11721,.F.);
#11721 = EDGE_LOOP('',(#11722,#11723,#11724,#11725));
#11722 = ORIENTED_EDGE('',*,*,#8642,.T.);
#11723 = ORIENTED_EDGE('',*,*,#8591,.T.);
#11724 = ORIENTED_EDGE('',*,*,#11696,.F.);
#11725 = ORIENTED_EDGE('',*,*,#8438,.F.);
#11726 = ADVANCED_FACE('',(#11727),#8706,.T.);
#11727 = FACE_BOUND('',#11728,.T.);
#11728 = EDGE_LOOP('',(#11729,#11730,#11731,#11752));
#11729 = ORIENTED_EDGE('',*,*,#8690,.T.);
#11730 = ORIENTED_EDGE('',*,*,#8821,.T.);
#11731 = ORIENTED_EDGE('',*,*,#11732,.F.);
#11732 = EDGE_CURVE('',#8745,#8822,#11733,.T.);
#11733 = SURFACE_CURVE('',#11734,(#11738,#11745),.PCURVE_S1.);
#11734 = LINE('',#11735,#11736);
#11735 = CARTESIAN_POINT('',(25.3,26.,20.54));
#11736 = VECTOR('',#11737,1.);
#11737 = DIRECTION('',(0.,-1.,0.));
#11738 = PCURVE('',#8706,#11739);
#11739 = DEFINITIONAL_REPRESENTATION('',(#11740),#11744);
#11740 = LINE('',#11741,#11742);
#11741 = CARTESIAN_POINT('',(1.3,0.));
#11742 = VECTOR('',#11743,1.);
#11743 = DIRECTION('',(0.,-1.));
#11744 = ( GEOMETRIC_REPRESENTATION_CONTEXT(2) 
PARAMETRIC_REPRESENTATION_CONTEXT() REPRESENTATION_CONTEXT('2D SPACE',''
  ) );
#11745 = PCURVE('',#8783,#11746);
#11746 = DEFINITIONAL_REPRESENTATION('',(#11747),#11751);
#11747 = LINE('',#11748,#11749);
#11748 = CARTESIAN_POINT('',(0.,0.));
#11749 = VECTOR('',#11750,1.);
#11750 = DIRECTION('',(0.,-1.));
#11751 = ( GEOMETRIC_REPRESENTATION_CONTEXT(2) 
PARAMETRIC_REPRESENTATION_CONTEXT() REPRESENTATION_CONTEXT('2D SPACE',''
  ) );
#11752 = ORIENTED_EDGE('',*,*,#8744,.F.);
#11753 = ADVANCED_FACE('',(#11754),#8783,.T.);
#11754 = FACE_BOUND('',#11755,.T.);
#11755 = EDGE_LOOP('',(#11756,#11757,#11758,#11759));
#11756 = ORIENTED_EDGE('',*,*,#11732,.T.);
#11757 = ORIENTED_EDGE('',*,*,#8844,.T.);
#11758 = ORIENTED_EDGE('',*,*,#8892,.F.);
#11759 = ORIENTED_EDGE('',*,*,#8767,.F.);
#11760 = ADVANCED_FACE('',(#11761),#8958,.T.);
#11761 = FACE_BOUND('',#11762,.T.);
#11762 = EDGE_LOOP('',(#11763,#11764,#11765,#11766));
#11763 = ORIENTED_EDGE('',*,*,#8942,.T.);
#11764 = ORIENTED_EDGE('',*,*,#8996,.T.);
#11765 = ORIENTED_EDGE('',*,*,#9066,.F.);
#11766 = ORIENTED_EDGE('',*,*,#9094,.F.);
#11767 = ADVANCED_FACE('',(#11768),#9137,.F.);
#11768 = FACE_BOUND('',#11769,.F.);
#11769 = EDGE_LOOP('',(#11770,#11771,#11772,#11773));
#11770 = ORIENTED_EDGE('',*,*,#9269,.T.);
#11771 = ORIENTED_EDGE('',*,*,#9119,.T.);
#11772 = ORIENTED_EDGE('',*,*,#9218,.F.);
#11773 = ORIENTED_EDGE('',*,*,#9293,.F.);
#11774 = ADVANCED_FACE('',(#11775),#9338,.F.);
#11775 = FACE_BOUND('',#11776,.F.);
#11776 = EDGE_LOOP('',(#11777,#11778,#11779,#11780));
#11777 = ORIENTED_EDGE('',*,*,#9470,.T.);
#11778 = ORIENTED_EDGE('',*,*,#9320,.T.);
#11779 = ORIENTED_EDGE('',*,*,#9419,.F.);
#11780 = ORIENTED_EDGE('',*,*,#9494,.F.);
#11781 = ADVANCED_FACE('',(#11782),#9539,.F.);
#11782 = FACE_BOUND('',#11783,.F.);
#11783 = EDGE_LOOP('',(#11784,#11785,#11786,#11787));
#11784 = ORIENTED_EDGE('',*,*,#9671,.T.);
#11785 = ORIENTED_EDGE('',*,*,#9521,.T.);
#11786 = ORIENTED_EDGE('',*,*,#9620,.F.);
#11787 = ORIENTED_EDGE('',*,*,#9695,.F.);
#11788 = ADVANCED_FACE('',(#11789),#9762,.F.);
#11789 = FACE_BOUND('',#11790,.F.);
#11790 = EDGE_LOOP('',(#11791,#11792,#11793,#11794));
#11791 = ORIENTED_EDGE('',*,*,#9898,.T.);
#11792 = ORIENTED_EDGE('',*,*,#9871,.T.);
#11793 = ORIENTED_EDGE('',*,*,#9799,.F.);
#11794 = ORIENTED_EDGE('',*,*,#9746,.F.);
#11795 = ADVANCED_FACE('',(#11796),#9991,.F.);
#11796 = FACE_BOUND('',#11797,.F.);
#11797 = EDGE_LOOP('',(#11798,#11819,#11820,#11821));
#11798 = ORIENTED_EDGE('',*,*,#11799,.T.);
#11799 = EDGE_CURVE('',#9948,#10128,#11800,.T.);
#11800 = SURFACE_CURVE('',#11801,(#11805,#11812),.PCURVE_S1.);
#11801 = LINE('',#11802,#11803);
#11802 = CARTESIAN_POINT('',(-25.3,26.,20.54));
#11803 = VECTOR('',#11804,1.);
#11804 = DIRECTION('',(0.,-1.,0.));
#11805 = PCURVE('',#9991,#11806);
#11806 = DEFINITIONAL_REPRESENTATION('',(#11807),#11811);
#11807 = LINE('',#11808,#11809);
#11808 = CARTESIAN_POINT('',(0.,0.));
#11809 = VECTOR('',#11810,1.);
#11810 = DIRECTION('',(0.,-1.));
#11811 = ( GEOMETRIC_REPRESENTATION_CONTEXT(2) 
PARAMETRIC_REPRESENTATION_CONTEXT() REPRESENTATION_CONTEXT('2D SPACE',''
  ) );
#11812 = PCURVE('',#9963,#11813);
#11813 = DEFINITIONAL_REPRESENTATION('',(#11814),#11818);
#11814 = LINE('',#11815,#11816);
#11815 = CARTESIAN_POINT('',(1.3,0.));
#11816 = VECTOR('',#11817,1.);
#11817 = DIRECTION('',(0.,-1.));
#11818 = ( GEOMETRIC_REPRESENTATION_CONTEXT(2) 
PARAMETRIC_REPRESENTATION_CONTEXT() REPRESENTATION_CONTEXT('2D SPACE',''
  ) );
#11819 = ORIENTED_EDGE('',*,*,#10150,.T.);
#11820 = ORIENTED_EDGE('',*,*,#10028,.F.);
#11821 = ORIENTED_EDGE('',*,*,#9975,.F.);
#11822 = ADVANCED_FACE('',(#11823),#9963,.F.);
#11823 = FACE_BOUND('',#11824,.F.);
#11824 = EDGE_LOOP('',(#11825,#11826,#11827,#11828));
#11825 = ORIENTED_EDGE('',*,*,#10100,.T.);
#11826 = ORIENTED_EDGE('',*,*,#10127,.T.);
#11827 = ORIENTED_EDGE('',*,*,#11799,.F.);
#11828 = ORIENTED_EDGE('',*,*,#9947,.F.);
#11829 = ADVANCED_FACE('',(#11830),#10215,.F.);
#11830 = FACE_BOUND('',#11831,.F.);
#11831 = EDGE_LOOP('',(#11832,#11833,#11834,#11835));
#11832 = ORIENTED_EDGE('',*,*,#10325,.T.);
#11833 = ORIENTED_EDGE('',*,*,#10351,.T.);
#11834 = ORIENTED_EDGE('',*,*,#10252,.F.);
#11835 = ORIENTED_EDGE('',*,*,#10199,.F.);
#11836 = ADVANCED_FACE('',(#11837),#10416,.F.);
#11837 = FACE_BOUND('',#11838,.F.);
#11838 = EDGE_LOOP('',(#11839,#11840,#11841,#11842));
#11839 = ORIENTED_EDGE('',*,*,#10526,.T.);
#11840 = ORIENTED_EDGE('',*,*,#10552,.T.);
#11841 = ORIENTED_EDGE('',*,*,#10453,.F.);
#11842 = ORIENTED_EDGE('',*,*,#10400,.F.);
#11843 = ADVANCED_FACE('',(#11844),#10617,.F.);
#11844 = FACE_BOUND('',#11845,.F.);
#11845 = EDGE_LOOP('',(#11846,#11847,#11848,#11849));
#11846 = ORIENTED_EDGE('',*,*,#10727,.T.);
#11847 = ORIENTED_EDGE('',*,*,#10753,.T.);
#11848 = ORIENTED_EDGE('',*,*,#10654,.F.);
#11849 = ORIENTED_EDGE('',*,*,#10601,.F.);
#11850 = ADVANCED_FACE('',(#11851),#10796,.F.);
#11851 = FACE_BOUND('',#11852,.F.);
#11852 = EDGE_LOOP('',(#11853,#11854,#11875,#11876,#11877,#11878));
#11853 = ORIENTED_EDGE('',*,*,#10982,.F.);
#11854 = ORIENTED_EDGE('',*,*,#11855,.T.);
#11855 = EDGE_CURVE('',#10983,#10779,#11856,.T.);
#11856 = SURFACE_CURVE('',#11857,(#11861,#11868),.PCURVE_S1.);
#11857 = LINE('',#11858,#11859);
#11858 = CARTESIAN_POINT('',(10.,41.3,10.005));
#11859 = VECTOR('',#11860,1.);
#11860 = DIRECTION('',(1.,-1.110223024625E-16,0.));
#11861 = PCURVE('',#10796,#11862);
#11862 = DEFINITIONAL_REPRESENTATION('',(#11863),#11867);
#11863 = LINE('',#11864,#11865);
#11864 = CARTESIAN_POINT('',(0.,0.));
#11865 = VECTOR('',#11866,1.);
#11866 = DIRECTION('',(0.,-1.));
#11867 = ( GEOMETRIC_REPRESENTATION_CONTEXT(2) 
PARAMETRIC_REPRESENTATION_CONTEXT() REPRESENTATION_CONTEXT('2D SPACE',''
  ) );
#11868 = PCURVE('',#10867,#11869);
#11869 = DEFINITIONAL_REPRESENTATION('',(#11870),#11874);
#11870 = LINE('',#11871,#11872);
#11871 = CARTESIAN_POINT('',(1.7,-8.881784197001E-17));
#11872 = VECTOR('',#11873,1.);
#11873 = DIRECTION('',(0.,-1.));
#11874 = ( GEOMETRIC_REPRESENTATION_CONTEXT(2) 
PARAMETRIC_REPRESENTATION_CONTEXT() REPRESENTATION_CONTEXT('2D SPACE',''
  ) );
#11875 = ORIENTED_EDGE('',*,*,#10778,.T.);
#11876 = ORIENTED_EDGE('',*,*,#11624,.F.);
#11877 = ORIENTED_EDGE('',*,*,#11575,.F.);
#11878 = ORIENTED_EDGE('',*,*,#11510,.T.);
#11879 = ADVANCED_FACE('',(#11880),#10867,.F.);
#11880 = FACE_BOUND('',#11881,.F.);
#11881 = EDGE_LOOP('',(#11882,#11883,#11884,#11885));
#11882 = ORIENTED_EDGE('',*,*,#11003,.F.);
#11883 = ORIENTED_EDGE('',*,*,#10905,.T.);
#11884 = ORIENTED_EDGE('',*,*,#10853,.T.);
#11885 = ORIENTED_EDGE('',*,*,#11855,.F.);
#11886 = ADVANCED_FACE('',(#11887),#10947,.F.);
#11887 = FACE_BOUND('',#11888,.F.);
#11888 = EDGE_LOOP('',(#11889,#11910,#11911,#11912));
#11889 = ORIENTED_EDGE('',*,*,#11890,.T.);
#11890 = EDGE_CURVE('',#11126,#10930,#11891,.T.);
#11891 = SURFACE_CURVE('',#11892,(#11896,#11903),.PCURVE_S1.);
#11892 = LINE('',#11893,#11894);
#11893 = CARTESIAN_POINT('',(-13.,40.1,11.255));
#11894 = VECTOR('',#11895,1.);
#11895 = DIRECTION('',(1.,0.,0.));
#11896 = PCURVE('',#10947,#11897);
#11897 = DEFINITIONAL_REPRESENTATION('',(#11898),#11902);
#11898 = LINE('',#11899,#11900);
#11899 = CARTESIAN_POINT('',(0.,0.));
#11900 = VECTOR('',#11901,1.);
#11901 = DIRECTION('',(0.,-1.));
#11902 = ( GEOMETRIC_REPRESENTATION_CONTEXT(2) 
PARAMETRIC_REPRESENTATION_CONTEXT() REPRESENTATION_CONTEXT('2D SPACE',''
  ) );
#11903 = PCURVE('',#11061,#11904);
#11904 = DEFINITIONAL_REPRESENTATION('',(#11905),#11909);
#11905 = LINE('',#11906,#11907);
#11906 = CARTESIAN_POINT('',(2.96631505407,0.));
#11907 = VECTOR('',#11908,1.);
#11908 = DIRECTION('',(0.,-1.));
#11909 = ( GEOMETRIC_REPRESENTATION_CONTEXT(2) 
PARAMETRIC_REPRESENTATION_CONTEXT() REPRESENTATION_CONTEXT('2D SPACE',''
  ) );
#11910 = ORIENTED_EDGE('',*,*,#10929,.T.);
#11911 = ORIENTED_EDGE('',*,*,#11488,.F.);
#11912 = ORIENTED_EDGE('',*,*,#11125,.F.);
#11913 = ADVANCED_FACE('',(#11914),#11061,.F.);
#11914 = FACE_BOUND('',#11915,.F.);
#11915 = EDGE_LOOP('',(#11916,#11917,#11918,#11919));
#11916 = ORIENTED_EDGE('',*,*,#11101,.T.);
#11917 = ORIENTED_EDGE('',*,*,#11047,.T.);
#11918 = ORIENTED_EDGE('',*,*,#11890,.F.);
#11919 = ORIENTED_EDGE('',*,*,#11246,.F.);
#11920 = ADVANCED_FACE('',(#11921),#11214,.F.);
#11921 = FACE_BOUND('',#11922,.F.);
#11922 = EDGE_LOOP('',(#11923,#11924,#11925,#11926));
#11923 = ORIENTED_EDGE('',*,*,#11367,.F.);
#11924 = ORIENTED_EDGE('',*,*,#11295,.T.);
#11925 = ORIENTED_EDGE('',*,*,#11199,.T.);
#11926 = ORIENTED_EDGE('',*,*,#11927,.F.);
#11927 = EDGE_CURVE('',#11320,#11174,#11928,.T.);
#11928 = SURFACE_CURVE('',#11929,(#11933,#11940),.PCURVE_S1.);
#11929 = LINE('',#11930,#11931);
#11930 = CARTESIAN_POINT('',(-18.,41.3,10.005));
#11931 = VECTOR('',#11932,1.);
#11932 = DIRECTION('',(1.,-1.110223024625E-16,0.));
#11933 = PCURVE('',#11214,#11934);
#11934 = DEFINITIONAL_REPRESENTATION('',(#11935),#11939);
#11935 = LINE('',#11936,#11937);
#11936 = CARTESIAN_POINT('',(1.7,-8.881784197001E-17));
#11937 = VECTOR('',#11938,1.);
#11938 = DIRECTION('',(0.,-1.));
#11939 = ( GEOMETRIC_REPRESENTATION_CONTEXT(2) 
PARAMETRIC_REPRESENTATION_CONTEXT() REPRESENTATION_CONTEXT('2D SPACE',''
  ) );
#11940 = PCURVE('',#11188,#11941);
#11941 = DEFINITIONAL_REPRESENTATION('',(#11942),#11946);
#11942 = LINE('',#11943,#11944);
#11943 = CARTESIAN_POINT('',(0.,0.));
#11944 = VECTOR('',#11945,1.);
#11945 = DIRECTION('',(0.,-1.));
#11946 = ( GEOMETRIC_REPRESENTATION_CONTEXT(2) 
PARAMETRIC_REPRESENTATION_CONTEXT() REPRESENTATION_CONTEXT('2D SPACE',''
  ) );
#11947 = ADVANCED_FACE('',(#11948),#11188,.F.);
#11948 = FACE_BOUND('',#11949,.F.);
#11949 = EDGE_LOOP('',(#11950,#11951,#11952,#11953,#11954,#11955));
#11950 = ORIENTED_EDGE('',*,*,#11319,.F.);
#11951 = ORIENTED_EDGE('',*,*,#11927,.T.);
#11952 = ORIENTED_EDGE('',*,*,#11173,.T.);
#11953 = ORIENTED_EDGE('',*,*,#11552,.T.);
#11954 = ORIENTED_EDGE('',*,*,#11461,.T.);
#11955 = ORIENTED_EDGE('',*,*,#11392,.F.);
#11956 = ( GEOMETRIC_REPRESENTATION_CONTEXT(3) 
GLOBAL_UNCERTAINTY_ASSIGNED_CONTEXT((#11960)) 
GLOBAL_UNIT_ASSIGNED_CONTEXT((#11957,#11958,#11959)) 
REPRESENTATION_CONTEXT('Context #1',
  '3D Context with UNIT and UNCERTAINTY') );
#11957 = ( LENGTH_UNIT() NAMED_UNIT(*) SI_UNIT(.MILLI.,.METRE.) );
#11958 = ( NAMED_UNIT(*) PLANE_ANGLE_UNIT() SI_UNIT($,.RADIAN.) );
#11959 = ( NAMED_UNIT(*) SI_UNIT($,.STERADIAN.) SOLID_ANGLE_UNIT() );
#11960 = UNCERTAINTY_MEASURE_WITH_UNIT(LENGTH_MEASURE(1.E-07),#11957,
  'distance_accuracy_value','confusion accuracy');
#11961 = PRODUCT_RELATED_PRODUCT_CATEGORY('part',$,(#7));
ENDSEC;
END-ISO-10303-21;
