ISO-10303-21;
HEADER;
FILE_DESCRIPTION(('Open CASCADE Model'),'2;1');
FILE_NAME('Open CASCADE Shape Model','2026-09-03T08:54:06',('Author'),(
    'Open CASCADE'),'Open CASCADE STEP processor 7.9','Open CASCADE 7.9'
  ,'Unknown');
FILE_SCHEMA(('AUTOMOTIVE_DESIGN { 1 0 10303 214 1 1 1 1 }'));
ENDSEC;
DATA;
#1 = APPLICATION_PROTOCOL_DEFINITION('international standard',
  'automotive_design',2000,#2);
#2 = APPLICATION_CONTEXT(
  'core data for automotive mechanical design processes');
#3 = SHAPE_DEFINITION_REPRESENTATION(#4,#10);
#4 = PRODUCT_DEFINITION_SHAPE('','',#5);
#5 = PRODUCT_DEFINITION('design','',#6,#9);
#6 = PRODUCT_DEFINITION_FORMATION('','',#7);
#7 = PRODUCT('Open CASCADE STEP translator 7.9 1',
  'Open CASCADE STEP translator 7.9 1','',(#8));
#8 = PRODUCT_CONTEXT('',#2,'mechanical');
#9 = PRODUCT_DEFINITION_CONTEXT('part definition',#2,'design');
#10 = ADVANCED_BREP_SHAPE_REPRESENTATION('',(#11,#15),#4573);
#11 = AXIS2_PLACEMENT_3D('',#12,#13,#14);
#12 = CARTESIAN_POINT('',(0.,0.,0.));
#13 = DIRECTION('',(0.,0.,1.));
#14 = DIRECTION('',(1.,0.,-0.));
#15 = MANIFOLD_SOLID_BREP('',#16);
#16 = CLOSED_SHELL('',(#17,#137,#613,#667,#717,#1344,#1371,#1398,#1425,
    #1452,#1459,#1587,#1641,#1737,#1791,#1914,#1968,#2022,#2118,#2168,
    #2218,#2267,#2295,#2345,#2394,#2422,#2472,#2521,#2553,#2607,#2634,
    #2889,#2966,#3013,#3060,#3110,#3160,#3207,#3254,#3282,#3527,#3603,
    #3657,#3707,#3756,#3805,#3855,#3905,#3932,#4165,#4242,#4290,#4340,
    #4388,#4438,#4486,#4536,#4562));
#17 = ADVANCED_FACE('',(#18),#32,.F.);
#18 = FACE_BOUND('',#19,.F.);
#19 = EDGE_LOOP('',(#20,#55,#83,#111));
#20 = ORIENTED_EDGE('',*,*,#21,.F.);
#21 = EDGE_CURVE('',#22,#24,#26,.T.);
#22 = VERTEX_POINT('',#23);
#23 = CARTESIAN_POINT('',(-24.6,-48.2,0.));
#24 = VERTEX_POINT('',#25);
#25 = CARTESIAN_POINT('',(24.6,-48.2,0.));
#26 = SURFACE_CURVE('',#27,(#31,#43),.PCURVE_S1.);
#27 = LINE('',#28,#29);
#28 = CARTESIAN_POINT('',(-32.2,-48.2,0.));
#29 = VECTOR('',#30,1.);
#30 = DIRECTION('',(1.,0.,0.));
#31 = PCURVE('',#32,#37);
#32 = PLANE('',#33);
#33 = AXIS2_PLACEMENT_3D('',#34,#35,#36);
#34 = CARTESIAN_POINT('',(-32.2,-48.2,0.));
#35 = DIRECTION('',(0.,1.,0.));
#36 = DIRECTION('',(1.,0.,0.));
#37 = DEFINITIONAL_REPRESENTATION('',(#38),#42);
#38 = LINE('',#39,#40);
#39 = CARTESIAN_POINT('',(0.,0.));
#40 = VECTOR('',#41,1.);
#41 = DIRECTION('',(1.,0.));
#42 = ( GEOMETRIC_REPRESENTATION_CONTEXT(2) 
PARAMETRIC_REPRESENTATION_CONTEXT() REPRESENTATION_CONTEXT('2D SPACE',''
  ) );
#43 = PCURVE('',#44,#49);
#44 = PLANE('',#45);
#45 = AXIS2_PLACEMENT_3D('',#46,#47,#48);
#46 = CARTESIAN_POINT('',(-1.414015394547E-15,0.,0.));
#47 = DIRECTION('',(0.,0.,1.));
#48 = DIRECTION('',(1.,0.,-0.));
#49 = DEFINITIONAL_REPRESENTATION('',(#50),#54);
#50 = LINE('',#51,#52);
#51 = CARTESIAN_POINT('',(-32.2,-48.2));
#52 = VECTOR('',#53,1.);
#53 = DIRECTION('',(1.,0.));
#54 = ( GEOMETRIC_REPRESENTATION_CONTEXT(2) 
PARAMETRIC_REPRESENTATION_CONTEXT() REPRESENTATION_CONTEXT('2D SPACE',''
  ) );
#55 = ORIENTED_EDGE('',*,*,#56,.T.);
#56 = EDGE_CURVE('',#22,#57,#59,.T.);
#57 = VERTEX_POINT('',#58);
#58 = CARTESIAN_POINT('',(-24.6,-48.2,5.));
#59 = SURFACE_CURVE('',#60,(#64,#71),.PCURVE_S1.);
#60 = LINE('',#61,#62);
#61 = CARTESIAN_POINT('',(-24.6,-48.2,0.));
#62 = VECTOR('',#63,1.);
#63 = DIRECTION('',(0.,0.,1.));
#64 = PCURVE('',#32,#65);
#65 = DEFINITIONAL_REPRESENTATION('',(#66),#70);
#66 = LINE('',#67,#68);
#67 = CARTESIAN_POINT('',(7.6,0.));
#68 = VECTOR('',#69,1.);
#69 = DIRECTION('',(0.,-1.));
#70 = ( GEOMETRIC_REPRESENTATION_CONTEXT(2) 
PARAMETRIC_REPRESENTATION_CONTEXT() REPRESENTATION_CONTEXT('2D SPACE',''
  ) );
#71 = PCURVE('',#72,#77);
#72 = CYLINDRICAL_SURFACE('',#73,7.6);
#73 = AXIS2_PLACEMENT_3D('',#74,#75,#76);
#74 = CARTESIAN_POINT('',(-24.6,-40.6,0.));
#75 = DIRECTION('',(0.,0.,1.));
#76 = DIRECTION('',(0.,-1.,0.));
#77 = DEFINITIONAL_REPRESENTATION('',(#78),#82);
#78 = LINE('',#79,#80);
#79 = CARTESIAN_POINT('',(-0.,0.));
#80 = VECTOR('',#81,1.);
#81 = DIRECTION('',(-0.,1.));
#82 = ( GEOMETRIC_REPRESENTATION_CONTEXT(2) 
PARAMETRIC_REPRESENTATION_CONTEXT() REPRESENTATION_CONTEXT('2D SPACE',''
  ) );
#83 = ORIENTED_EDGE('',*,*,#84,.T.);
#84 = EDGE_CURVE('',#57,#85,#87,.T.);
#85 = VERTEX_POINT('',#86);
#86 = CARTESIAN_POINT('',(24.6,-48.2,5.));
#87 = SURFACE_CURVE('',#88,(#92,#99),.PCURVE_S1.);
#88 = LINE('',#89,#90);
#89 = CARTESIAN_POINT('',(-32.2,-48.2,5.));
#90 = VECTOR('',#91,1.);
#91 = DIRECTION('',(1.,0.,0.));
#92 = PCURVE('',#32,#93);
#93 = DEFINITIONAL_REPRESENTATION('',(#94),#98);
#94 = LINE('',#95,#96);
#95 = CARTESIAN_POINT('',(0.,-5.));
#96 = VECTOR('',#97,1.);
#97 = DIRECTION('',(1.,0.));
#98 = ( GEOMETRIC_REPRESENTATION_CONTEXT(2) 
PARAMETRIC_REPRESENTATION_CONTEXT() REPRESENTATION_CONTEXT('2D SPACE',''
  ) );
#99 = PCURVE('',#100,#105);
#100 = PLANE('',#101);
#101 = AXIS2_PLACEMENT_3D('',#102,#103,#104);
#102 = CARTESIAN_POINT('',(-1.414015394547E-15,0.,5.));
#103 = DIRECTION('',(0.,0.,1.));
#104 = DIRECTION('',(1.,0.,-0.));
#105 = DEFINITIONAL_REPRESENTATION('',(#106),#110);
#106 = LINE('',#107,#108);
#107 = CARTESIAN_POINT('',(-32.2,-48.2));
#108 = VECTOR('',#109,1.);
#109 = DIRECTION('',(1.,0.));
#110 = ( GEOMETRIC_REPRESENTATION_CONTEXT(2) 
PARAMETRIC_REPRESENTATION_CONTEXT() REPRESENTATION_CONTEXT('2D SPACE',''
  ) );
#111 = ORIENTED_EDGE('',*,*,#112,.F.);
#112 = EDGE_CURVE('',#24,#85,#113,.T.);
#113 = SURFACE_CURVE('',#114,(#118,#125),.PCURVE_S1.);
#114 = LINE('',#115,#116);
#115 = CARTESIAN_POINT('',(24.6,-48.2,0.));
#116 = VECTOR('',#117,1.);
#117 = DIRECTION('',(0.,0.,1.));
#118 = PCURVE('',#32,#119);
#119 = DEFINITIONAL_REPRESENTATION('',(#120),#124);
#120 = LINE('',#121,#122);
#121 = CARTESIAN_POINT('',(56.8,0.));
#122 = VECTOR('',#123,1.);
#123 = DIRECTION('',(0.,-1.));
#124 = ( GEOMETRIC_REPRESENTATION_CONTEXT(2) 
PARAMETRIC_REPRESENTATION_CONTEXT() REPRESENTATION_CONTEXT('2D SPACE',''
  ) );
#125 = PCURVE('',#126,#131);
#126 = CYLINDRICAL_SURFACE('',#127,7.6);
#127 = AXIS2_PLACEMENT_3D('',#128,#129,#130);
#128 = CARTESIAN_POINT('',(24.6,-40.6,0.));
#129 = DIRECTION('',(0.,0.,1.));
#130 = DIRECTION('',(0.,-1.,0.));
#131 = DEFINITIONAL_REPRESENTATION('',(#132),#136);
#132 = LINE('',#133,#134);
#133 = CARTESIAN_POINT('',(0.,0.));
#134 = VECTOR('',#135,1.);
#135 = DIRECTION('',(0.,1.));
#136 = ( GEOMETRIC_REPRESENTATION_CONTEXT(2) 
PARAMETRIC_REPRESENTATION_CONTEXT() REPRESENTATION_CONTEXT('2D SPACE',''
  ) );
#137 = ADVANCED_FACE('',(#138,#333,#368,#403,#438,#473,#508,#543,#578),
  #44,.F.);
#138 = FACE_BOUND('',#139,.F.);
#139 = EDGE_LOOP('',(#140,#141,#165,#193,#222,#250,#279,#307));
#140 = ORIENTED_EDGE('',*,*,#21,.T.);
#141 = ORIENTED_EDGE('',*,*,#142,.T.);
#142 = EDGE_CURVE('',#24,#143,#145,.T.);
#143 = VERTEX_POINT('',#144);
#144 = CARTESIAN_POINT('',(32.2,-40.6,0.));
#145 = SURFACE_CURVE('',#146,(#151,#158),.PCURVE_S1.);
#146 = CIRCLE('',#147,7.6);
#147 = AXIS2_PLACEMENT_3D('',#148,#149,#150);
#148 = CARTESIAN_POINT('',(24.6,-40.6,0.));
#149 = DIRECTION('',(0.,0.,1.));
#150 = DIRECTION('',(0.,-1.,0.));
#151 = PCURVE('',#44,#152);
#152 = DEFINITIONAL_REPRESENTATION('',(#153),#157);
#153 = CIRCLE('',#154,7.6);
#154 = AXIS2_PLACEMENT_2D('',#155,#156);
#155 = CARTESIAN_POINT('',(24.6,-40.6));
#156 = DIRECTION('',(0.,-1.));
#157 = ( GEOMETRIC_REPRESENTATION_CONTEXT(2) 
PARAMETRIC_REPRESENTATION_CONTEXT() REPRESENTATION_CONTEXT('2D SPACE',''
  ) );
#158 = PCURVE('',#126,#159);
#159 = DEFINITIONAL_REPRESENTATION('',(#160),#164);
#160 = LINE('',#161,#162);
#161 = CARTESIAN_POINT('',(0.,0.));
#162 = VECTOR('',#163,1.);
#163 = DIRECTION('',(1.,0.));
#164 = ( GEOMETRIC_REPRESENTATION_CONTEXT(2) 
PARAMETRIC_REPRESENTATION_CONTEXT() REPRESENTATION_CONTEXT('2D SPACE',''
  ) );
#165 = ORIENTED_EDGE('',*,*,#166,.T.);
#166 = EDGE_CURVE('',#143,#167,#169,.T.);
#167 = VERTEX_POINT('',#168);
#168 = CARTESIAN_POINT('',(32.2,40.6,0.));
#169 = SURFACE_CURVE('',#170,(#174,#181),.PCURVE_S1.);
#170 = LINE('',#171,#172);
#171 = CARTESIAN_POINT('',(32.2,-48.2,0.));
#172 = VECTOR('',#173,1.);
#173 = DIRECTION('',(0.,1.,0.));
#174 = PCURVE('',#44,#175);
#175 = DEFINITIONAL_REPRESENTATION('',(#176),#180);
#176 = LINE('',#177,#178);
#177 = CARTESIAN_POINT('',(32.2,-48.2));
#178 = VECTOR('',#179,1.);
#179 = DIRECTION('',(0.,1.));
#180 = ( GEOMETRIC_REPRESENTATION_CONTEXT(2) 
PARAMETRIC_REPRESENTATION_CONTEXT() REPRESENTATION_CONTEXT('2D SPACE',''
  ) );
#181 = PCURVE('',#182,#187);
#182 = PLANE('',#183);
#183 = AXIS2_PLACEMENT_3D('',#184,#185,#186);
#184 = CARTESIAN_POINT('',(32.2,-48.2,0.));
#185 = DIRECTION('',(-1.,0.,0.));
#186 = DIRECTION('',(0.,1.,0.));
#187 = DEFINITIONAL_REPRESENTATION('',(#188),#192);
#188 = LINE('',#189,#190);
#189 = CARTESIAN_POINT('',(0.,0.));
#190 = VECTOR('',#191,1.);
#191 = DIRECTION('',(1.,0.));
#192 = ( GEOMETRIC_REPRESENTATION_CONTEXT(2) 
PARAMETRIC_REPRESENTATION_CONTEXT() REPRESENTATION_CONTEXT('2D SPACE',''
  ) );
#193 = ORIENTED_EDGE('',*,*,#194,.T.);
#194 = EDGE_CURVE('',#167,#195,#197,.T.);
#195 = VERTEX_POINT('',#196);
#196 = CARTESIAN_POINT('',(24.6,48.2,0.));
#197 = SURFACE_CURVE('',#198,(#203,#210),.PCURVE_S1.);
#198 = CIRCLE('',#199,7.6);
#199 = AXIS2_PLACEMENT_3D('',#200,#201,#202);
#200 = CARTESIAN_POINT('',(24.6,40.6,0.));
#201 = DIRECTION('',(0.,0.,1.));
#202 = DIRECTION('',(0.,-1.,0.));
#203 = PCURVE('',#44,#204);
#204 = DEFINITIONAL_REPRESENTATION('',(#205),#209);
#205 = CIRCLE('',#206,7.6);
#206 = AXIS2_PLACEMENT_2D('',#207,#208);
#207 = CARTESIAN_POINT('',(24.6,40.6));
#208 = DIRECTION('',(0.,-1.));
#209 = ( GEOMETRIC_REPRESENTATION_CONTEXT(2) 
PARAMETRIC_REPRESENTATION_CONTEXT() REPRESENTATION_CONTEXT('2D SPACE',''
  ) );
#210 = PCURVE('',#211,#216);
#211 = CYLINDRICAL_SURFACE('',#212,7.6);
#212 = AXIS2_PLACEMENT_3D('',#213,#214,#215);
#213 = CARTESIAN_POINT('',(24.6,40.6,0.));
#214 = DIRECTION('',(0.,0.,1.));
#215 = DIRECTION('',(1.,0.,-0.));
#216 = DEFINITIONAL_REPRESENTATION('',(#217),#221);
#217 = LINE('',#218,#219);
#218 = CARTESIAN_POINT('',(-1.570796326795,0.));
#219 = VECTOR('',#220,1.);
#220 = DIRECTION('',(1.,0.));
#221 = ( GEOMETRIC_REPRESENTATION_CONTEXT(2) 
PARAMETRIC_REPRESENTATION_CONTEXT() REPRESENTATION_CONTEXT('2D SPACE',''
  ) );
#222 = ORIENTED_EDGE('',*,*,#223,.T.);
#223 = EDGE_CURVE('',#195,#224,#226,.T.);
#224 = VERTEX_POINT('',#225);
#225 = CARTESIAN_POINT('',(-24.6,48.2,0.));
#226 = SURFACE_CURVE('',#227,(#231,#238),.PCURVE_S1.);
#227 = LINE('',#228,#229);
#228 = CARTESIAN_POINT('',(32.2,48.2,0.));
#229 = VECTOR('',#230,1.);
#230 = DIRECTION('',(-1.,0.,0.));
#231 = PCURVE('',#44,#232);
#232 = DEFINITIONAL_REPRESENTATION('',(#233),#237);
#233 = LINE('',#234,#235);
#234 = CARTESIAN_POINT('',(32.2,48.2));
#235 = VECTOR('',#236,1.);
#236 = DIRECTION('',(-1.,0.));
#237 = ( GEOMETRIC_REPRESENTATION_CONTEXT(2) 
PARAMETRIC_REPRESENTATION_CONTEXT() REPRESENTATION_CONTEXT('2D SPACE',''
  ) );
#238 = PCURVE('',#239,#244);
#239 = PLANE('',#240);
#240 = AXIS2_PLACEMENT_3D('',#241,#242,#243);
#241 = CARTESIAN_POINT('',(32.2,48.2,0.));
#242 = DIRECTION('',(0.,-1.,0.));
#243 = DIRECTION('',(-1.,0.,0.));
#244 = DEFINITIONAL_REPRESENTATION('',(#245),#249);
#245 = LINE('',#246,#247);
#246 = CARTESIAN_POINT('',(0.,-0.));
#247 = VECTOR('',#248,1.);
#248 = DIRECTION('',(1.,0.));
#249 = ( GEOMETRIC_REPRESENTATION_CONTEXT(2) 
PARAMETRIC_REPRESENTATION_CONTEXT() REPRESENTATION_CONTEXT('2D SPACE',''
  ) );
#250 = ORIENTED_EDGE('',*,*,#251,.T.);
#251 = EDGE_CURVE('',#224,#252,#254,.T.);
#252 = VERTEX_POINT('',#253);
#253 = CARTESIAN_POINT('',(-32.2,40.6,0.));
#254 = SURFACE_CURVE('',#255,(#260,#267),.PCURVE_S1.);
#255 = CIRCLE('',#256,7.6);
#256 = AXIS2_PLACEMENT_3D('',#257,#258,#259);
#257 = CARTESIAN_POINT('',(-24.6,40.6,0.));
#258 = DIRECTION('',(0.,0.,1.));
#259 = DIRECTION('',(0.,-1.,0.));
#260 = PCURVE('',#44,#261);
#261 = DEFINITIONAL_REPRESENTATION('',(#262),#266);
#262 = CIRCLE('',#263,7.6);
#263 = AXIS2_PLACEMENT_2D('',#264,#265);
#264 = CARTESIAN_POINT('',(-24.6,40.6));
#265 = DIRECTION('',(0.,-1.));
#266 = ( GEOMETRIC_REPRESENTATION_CONTEXT(2) 
PARAMETRIC_REPRESENTATION_CONTEXT() REPRESENTATION_CONTEXT('2D SPACE',''
  ) );
#267 = PCURVE('',#268,#273);
#268 = CYLINDRICAL_SURFACE('',#269,7.6);
#269 = AXIS2_PLACEMENT_3D('',#270,#271,#272);
#270 = CARTESIAN_POINT('',(-24.6,40.6,0.));
#271 = DIRECTION('',(0.,0.,1.));
#272 = DIRECTION('',(-0.,1.,0.));
#273 = DEFINITIONAL_REPRESENTATION('',(#274),#278);
#274 = LINE('',#275,#276);
#275 = CARTESIAN_POINT('',(-3.14159265359,0.));
#276 = VECTOR('',#277,1.);
#277 = DIRECTION('',(1.,0.));
#278 = ( GEOMETRIC_REPRESENTATION_CONTEXT(2) 
PARAMETRIC_REPRESENTATION_CONTEXT() REPRESENTATION_CONTEXT('2D SPACE',''
  ) );
#279 = ORIENTED_EDGE('',*,*,#280,.T.);
#280 = EDGE_CURVE('',#252,#281,#283,.T.);
#281 = VERTEX_POINT('',#282);
#282 = CARTESIAN_POINT('',(-32.2,-40.6,0.));
#283 = SURFACE_CURVE('',#284,(#288,#295),.PCURVE_S1.);
#284 = LINE('',#285,#286);
#285 = CARTESIAN_POINT('',(-32.2,48.2,0.));
#286 = VECTOR('',#287,1.);
#287 = DIRECTION('',(0.,-1.,0.));
#288 = PCURVE('',#44,#289);
#289 = DEFINITIONAL_REPRESENTATION('',(#290),#294);
#290 = LINE('',#291,#292);
#291 = CARTESIAN_POINT('',(-32.2,48.2));
#292 = VECTOR('',#293,1.);
#293 = DIRECTION('',(0.,-1.));
#294 = ( GEOMETRIC_REPRESENTATION_CONTEXT(2) 
PARAMETRIC_REPRESENTATION_CONTEXT() REPRESENTATION_CONTEXT('2D SPACE',''
  ) );
#295 = PCURVE('',#296,#301);
#296 = PLANE('',#297);
#297 = AXIS2_PLACEMENT_3D('',#298,#299,#300);
#298 = CARTESIAN_POINT('',(-32.2,48.2,0.));
#299 = DIRECTION('',(1.,0.,-0.));
#300 = DIRECTION('',(0.,-1.,0.));
#301 = DEFINITIONAL_REPRESENTATION('',(#302),#306);
#302 = LINE('',#303,#304);
#303 = CARTESIAN_POINT('',(0.,0.));
#304 = VECTOR('',#305,1.);
#305 = DIRECTION('',(1.,0.));
#306 = ( GEOMETRIC_REPRESENTATION_CONTEXT(2) 
PARAMETRIC_REPRESENTATION_CONTEXT() REPRESENTATION_CONTEXT('2D SPACE',''
  ) );
#307 = ORIENTED_EDGE('',*,*,#308,.F.);
#308 = EDGE_CURVE('',#22,#281,#309,.T.);
#309 = SURFACE_CURVE('',#310,(#315,#326),.PCURVE_S1.);
#310 = CIRCLE('',#311,7.6);
#311 = AXIS2_PLACEMENT_3D('',#312,#313,#314);
#312 = CARTESIAN_POINT('',(-24.6,-40.6,0.));
#313 = DIRECTION('',(-0.,-0.,-1.));
#314 = DIRECTION('',(0.,-1.,0.));
#315 = PCURVE('',#44,#316);
#316 = DEFINITIONAL_REPRESENTATION('',(#317),#325);
#317 = ( BOUNDED_CURVE() B_SPLINE_CURVE(2,(#318,#319,#320,#321,#322,#323
,#324),.UNSPECIFIED.,.T.,.F.) B_SPLINE_CURVE_WITH_KNOTS((1,2,2,2,2,1),(
    -2.094395102393,0.,2.094395102393,4.188790204786,6.28318530718,
8.377580409573),.UNSPECIFIED.) CURVE() GEOMETRIC_REPRESENTATION_ITEM() 
RATIONAL_B_SPLINE_CURVE((1.,0.5,1.,0.5,1.,0.5,1.)) REPRESENTATION_ITEM(
  '') );
#318 = CARTESIAN_POINT('',(-24.6,-48.2));
#319 = CARTESIAN_POINT('',(-37.76358613752,-48.2));
#320 = CARTESIAN_POINT('',(-31.18179306876,-36.8));
#321 = CARTESIAN_POINT('',(-24.6,-25.4));
#322 = CARTESIAN_POINT('',(-18.01820693123,-36.8));
#323 = CARTESIAN_POINT('',(-11.43641386247,-48.2));
#324 = CARTESIAN_POINT('',(-24.6,-48.2));
#325 = ( GEOMETRIC_REPRESENTATION_CONTEXT(2) 
PARAMETRIC_REPRESENTATION_CONTEXT() REPRESENTATION_CONTEXT('2D SPACE',''
  ) );
#326 = PCURVE('',#72,#327);
#327 = DEFINITIONAL_REPRESENTATION('',(#328),#332);
#328 = LINE('',#329,#330);
#329 = CARTESIAN_POINT('',(-0.,0.));
#330 = VECTOR('',#331,1.);
#331 = DIRECTION('',(-1.,0.));
#332 = ( GEOMETRIC_REPRESENTATION_CONTEXT(2) 
PARAMETRIC_REPRESENTATION_CONTEXT() REPRESENTATION_CONTEXT('2D SPACE',''
  ) );
#333 = FACE_BOUND('',#334,.F.);
#334 = EDGE_LOOP('',(#335));
#335 = ORIENTED_EDGE('',*,*,#336,.T.);
#336 = EDGE_CURVE('',#337,#337,#339,.T.);
#337 = VERTEX_POINT('',#338);
#338 = CARTESIAN_POINT('',(-27.3,-42.5,0.));
#339 = SURFACE_CURVE('',#340,(#345,#356),.PCURVE_S1.);
#340 = CIRCLE('',#341,1.7);
#341 = AXIS2_PLACEMENT_3D('',#342,#343,#344);
#342 = CARTESIAN_POINT('',(-29.,-42.5,0.));
#343 = DIRECTION('',(0.,0.,-1.));
#344 = DIRECTION('',(1.,0.,0.));
#345 = PCURVE('',#44,#346);
#346 = DEFINITIONAL_REPRESENTATION('',(#347),#355);
#347 = ( BOUNDED_CURVE() B_SPLINE_CURVE(2,(#348,#349,#350,#351,#352,#353
,#354),.UNSPECIFIED.,.T.,.F.) B_SPLINE_CURVE_WITH_KNOTS((1,2,2,2,2,1),(
    -2.094395102393,0.,2.094395102393,4.188790204786,6.28318530718,
8.377580409573),.UNSPECIFIED.) CURVE() GEOMETRIC_REPRESENTATION_ITEM() 
RATIONAL_B_SPLINE_CURVE((1.,0.5,1.,0.5,1.,0.5,1.)) REPRESENTATION_ITEM(
  '') );
#348 = CARTESIAN_POINT('',(-27.3,-42.5));
#349 = CARTESIAN_POINT('',(-27.3,-45.44448637286));
#350 = CARTESIAN_POINT('',(-29.85,-43.97224318643));
#351 = CARTESIAN_POINT('',(-32.4,-42.5));
#352 = CARTESIAN_POINT('',(-29.85,-41.02775681356));
#353 = CARTESIAN_POINT('',(-27.3,-39.55551362713));
#354 = CARTESIAN_POINT('',(-27.3,-42.5));
#355 = ( GEOMETRIC_REPRESENTATION_CONTEXT(2) 
PARAMETRIC_REPRESENTATION_CONTEXT() REPRESENTATION_CONTEXT('2D SPACE',''
  ) );
#356 = PCURVE('',#357,#362);
#357 = CYLINDRICAL_SURFACE('',#358,1.7);
#358 = AXIS2_PLACEMENT_3D('',#359,#360,#361);
#359 = CARTESIAN_POINT('',(-29.,-42.5,-0.1));
#360 = DIRECTION('',(-0.,-0.,-1.));
#361 = DIRECTION('',(1.,0.,0.));
#362 = DEFINITIONAL_REPRESENTATION('',(#363),#367);
#363 = LINE('',#364,#365);
#364 = CARTESIAN_POINT('',(-6.28318530718,-0.1));
#365 = VECTOR('',#366,1.);
#366 = DIRECTION('',(1.,-0.));
#367 = ( GEOMETRIC_REPRESENTATION_CONTEXT(2) 
PARAMETRIC_REPRESENTATION_CONTEXT() REPRESENTATION_CONTEXT('2D SPACE',''
  ) );
#368 = FACE_BOUND('',#369,.F.);
#369 = EDGE_LOOP('',(#370));
#370 = ORIENTED_EDGE('',*,*,#371,.T.);
#371 = EDGE_CURVE('',#372,#372,#374,.T.);
#372 = VERTEX_POINT('',#373);
#373 = CARTESIAN_POINT('',(1.7,-45.,0.));
#374 = SURFACE_CURVE('',#375,(#380,#391),.PCURVE_S1.);
#375 = CIRCLE('',#376,1.7);
#376 = AXIS2_PLACEMENT_3D('',#377,#378,#379);
#377 = CARTESIAN_POINT('',(0.,-45.,0.));
#378 = DIRECTION('',(0.,0.,-1.));
#379 = DIRECTION('',(1.,0.,0.));
#380 = PCURVE('',#44,#381);
#381 = DEFINITIONAL_REPRESENTATION('',(#382),#390);
#382 = ( BOUNDED_CURVE() B_SPLINE_CURVE(2,(#383,#384,#385,#386,#387,#388
,#389),.UNSPECIFIED.,.T.,.F.) B_SPLINE_CURVE_WITH_KNOTS((1,2,2,2,2,1),(
    -2.094395102393,0.,2.094395102393,4.188790204786,6.28318530718,
8.377580409573),.UNSPECIFIED.) CURVE() GEOMETRIC_REPRESENTATION_ITEM() 
RATIONAL_B_SPLINE_CURVE((1.,0.5,1.,0.5,1.,0.5,1.)) REPRESENTATION_ITEM(
  '') );
#383 = CARTESIAN_POINT('',(1.7,-45.));
#384 = CARTESIAN_POINT('',(1.7,-47.94448637286));
#385 = CARTESIAN_POINT('',(-0.85,-46.47224318643));
#386 = CARTESIAN_POINT('',(-3.4,-45.));
#387 = CARTESIAN_POINT('',(-0.85,-43.52775681356));
#388 = CARTESIAN_POINT('',(1.7,-42.05551362713));
#389 = CARTESIAN_POINT('',(1.7,-45.));
#390 = ( GEOMETRIC_REPRESENTATION_CONTEXT(2) 
PARAMETRIC_REPRESENTATION_CONTEXT() REPRESENTATION_CONTEXT('2D SPACE',''
  ) );
#391 = PCURVE('',#392,#397);
#392 = CYLINDRICAL_SURFACE('',#393,1.7);
#393 = AXIS2_PLACEMENT_3D('',#394,#395,#396);
#394 = CARTESIAN_POINT('',(0.,-45.,-0.1));
#395 = DIRECTION('',(-0.,-0.,-1.));
#396 = DIRECTION('',(1.,0.,0.));
#397 = DEFINITIONAL_REPRESENTATION('',(#398),#402);
#398 = LINE('',#399,#400);
#399 = CARTESIAN_POINT('',(-6.28318530718,-0.1));
#400 = VECTOR('',#401,1.);
#401 = DIRECTION('',(1.,-0.));
#402 = ( GEOMETRIC_REPRESENTATION_CONTEXT(2) 
PARAMETRIC_REPRESENTATION_CONTEXT() REPRESENTATION_CONTEXT('2D SPACE',''
  ) );
#403 = FACE_BOUND('',#404,.F.);
#404 = EDGE_LOOP('',(#405));
#405 = ORIENTED_EDGE('',*,*,#406,.T.);
#406 = EDGE_CURVE('',#407,#407,#409,.T.);
#407 = VERTEX_POINT('',#408);
#408 = CARTESIAN_POINT('',(30.7,-42.5,0.));
#409 = SURFACE_CURVE('',#410,(#415,#426),.PCURVE_S1.);
#410 = CIRCLE('',#411,1.7);
#411 = AXIS2_PLACEMENT_3D('',#412,#413,#414);
#412 = CARTESIAN_POINT('',(29.,-42.5,0.));
#413 = DIRECTION('',(0.,0.,-1.));
#414 = DIRECTION('',(1.,0.,0.));
#415 = PCURVE('',#44,#416);
#416 = DEFINITIONAL_REPRESENTATION('',(#417),#425);
#417 = ( BOUNDED_CURVE() B_SPLINE_CURVE(2,(#418,#419,#420,#421,#422,#423
,#424),.UNSPECIFIED.,.T.,.F.) B_SPLINE_CURVE_WITH_KNOTS((1,2,2,2,2,1),(
    -2.094395102393,0.,2.094395102393,4.188790204786,6.28318530718,
8.377580409573),.UNSPECIFIED.) CURVE() GEOMETRIC_REPRESENTATION_ITEM() 
RATIONAL_B_SPLINE_CURVE((1.,0.5,1.,0.5,1.,0.5,1.)) REPRESENTATION_ITEM(
  '') );
#418 = CARTESIAN_POINT('',(30.7,-42.5));
#419 = CARTESIAN_POINT('',(30.7,-45.44448637286));
#420 = CARTESIAN_POINT('',(28.15,-43.97224318643));
#421 = CARTESIAN_POINT('',(25.6,-42.5));
#422 = CARTESIAN_POINT('',(28.15,-41.02775681356));
#423 = CARTESIAN_POINT('',(30.7,-39.55551362713));
#424 = CARTESIAN_POINT('',(30.7,-42.5));
#425 = ( GEOMETRIC_REPRESENTATION_CONTEXT(2) 
PARAMETRIC_REPRESENTATION_CONTEXT() REPRESENTATION_CONTEXT('2D SPACE',''
  ) );
#426 = PCURVE('',#427,#432);
#427 = CYLINDRICAL_SURFACE('',#428,1.7);
#428 = AXIS2_PLACEMENT_3D('',#429,#430,#431);
#429 = CARTESIAN_POINT('',(29.,-42.5,-0.1));
#430 = DIRECTION('',(-0.,-0.,-1.));
#431 = DIRECTION('',(1.,0.,0.));
#432 = DEFINITIONAL_REPRESENTATION('',(#433),#437);
#433 = LINE('',#434,#435);
#434 = CARTESIAN_POINT('',(-6.28318530718,-0.1));
#435 = VECTOR('',#436,1.);
#436 = DIRECTION('',(1.,-0.));
#437 = ( GEOMETRIC_REPRESENTATION_CONTEXT(2) 
PARAMETRIC_REPRESENTATION_CONTEXT() REPRESENTATION_CONTEXT('2D SPACE',''
  ) );
#438 = FACE_BOUND('',#439,.F.);
#439 = EDGE_LOOP('',(#440));
#440 = ORIENTED_EDGE('',*,*,#441,.T.);
#441 = EDGE_CURVE('',#442,#442,#444,.T.);
#442 = VERTEX_POINT('',#443);
#443 = CARTESIAN_POINT('',(-27.3,0.,0.));
#444 = SURFACE_CURVE('',#445,(#450,#461),.PCURVE_S1.);
#445 = CIRCLE('',#446,1.7);
#446 = AXIS2_PLACEMENT_3D('',#447,#448,#449);
#447 = CARTESIAN_POINT('',(-29.,0.,0.));
#448 = DIRECTION('',(0.,0.,-1.));
#449 = DIRECTION('',(1.,0.,0.));
#450 = PCURVE('',#44,#451);
#451 = DEFINITIONAL_REPRESENTATION('',(#452),#460);
#452 = ( BOUNDED_CURVE() B_SPLINE_CURVE(2,(#453,#454,#455,#456,#457,#458
,#459),.UNSPECIFIED.,.T.,.F.) B_SPLINE_CURVE_WITH_KNOTS((1,2,2,2,2,1),(
    -2.094395102393,0.,2.094395102393,4.188790204786,6.28318530718,
8.377580409573),.UNSPECIFIED.) CURVE() GEOMETRIC_REPRESENTATION_ITEM() 
RATIONAL_B_SPLINE_CURVE((1.,0.5,1.,0.5,1.,0.5,1.)) REPRESENTATION_ITEM(
  '') );
#453 = CARTESIAN_POINT('',(-27.3,0.));
#454 = CARTESIAN_POINT('',(-27.3,-2.944486372867));
#455 = CARTESIAN_POINT('',(-29.85,-1.472243186434));
#456 = CARTESIAN_POINT('',(-32.4,-4.163799117101E-16));
#457 = CARTESIAN_POINT('',(-29.85,1.472243186434));
#458 = CARTESIAN_POINT('',(-27.3,2.944486372867));
#459 = CARTESIAN_POINT('',(-27.3,0.));
#460 = ( GEOMETRIC_REPRESENTATION_CONTEXT(2) 
PARAMETRIC_REPRESENTATION_CONTEXT() REPRESENTATION_CONTEXT('2D SPACE',''
  ) );
#461 = PCURVE('',#462,#467);
#462 = CYLINDRICAL_SURFACE('',#463,1.7);
#463 = AXIS2_PLACEMENT_3D('',#464,#465,#466);
#464 = CARTESIAN_POINT('',(-29.,0.,-0.1));
#465 = DIRECTION('',(-0.,-0.,-1.));
#466 = DIRECTION('',(1.,0.,0.));
#467 = DEFINITIONAL_REPRESENTATION('',(#468),#472);
#468 = LINE('',#469,#470);
#469 = CARTESIAN_POINT('',(-6.28318530718,-0.1));
#470 = VECTOR('',#471,1.);
#471 = DIRECTION('',(1.,-0.));
#472 = ( GEOMETRIC_REPRESENTATION_CONTEXT(2) 
PARAMETRIC_REPRESENTATION_CONTEXT() REPRESENTATION_CONTEXT('2D SPACE',''
  ) );
#473 = FACE_BOUND('',#474,.F.);
#474 = EDGE_LOOP('',(#475));
#475 = ORIENTED_EDGE('',*,*,#476,.T.);
#476 = EDGE_CURVE('',#477,#477,#479,.T.);
#477 = VERTEX_POINT('',#478);
#478 = CARTESIAN_POINT('',(-27.3,42.5,0.));
#479 = SURFACE_CURVE('',#480,(#485,#496),.PCURVE_S1.);
#480 = CIRCLE('',#481,1.7);
#481 = AXIS2_PLACEMENT_3D('',#482,#483,#484);
#482 = CARTESIAN_POINT('',(-29.,42.5,0.));
#483 = DIRECTION('',(0.,0.,-1.));
#484 = DIRECTION('',(1.,0.,0.));
#485 = PCURVE('',#44,#486);
#486 = DEFINITIONAL_REPRESENTATION('',(#487),#495);
#487 = ( BOUNDED_CURVE() B_SPLINE_CURVE(2,(#488,#489,#490,#491,#492,#493
,#494),.UNSPECIFIED.,.T.,.F.) B_SPLINE_CURVE_WITH_KNOTS((1,2,2,2,2,1),(
    -2.094395102393,0.,2.094395102393,4.188790204786,6.28318530718,
8.377580409573),.UNSPECIFIED.) CURVE() GEOMETRIC_REPRESENTATION_ITEM() 
RATIONAL_B_SPLINE_CURVE((1.,0.5,1.,0.5,1.,0.5,1.)) REPRESENTATION_ITEM(
  '') );
#488 = CARTESIAN_POINT('',(-27.3,42.5));
#489 = CARTESIAN_POINT('',(-27.3,39.555513627133));
#490 = CARTESIAN_POINT('',(-29.85,41.027756813566));
#491 = CARTESIAN_POINT('',(-32.4,42.5));
#492 = CARTESIAN_POINT('',(-29.85,43.972243186434));
#493 = CARTESIAN_POINT('',(-27.3,45.444486372867));
#494 = CARTESIAN_POINT('',(-27.3,42.5));
#495 = ( GEOMETRIC_REPRESENTATION_CONTEXT(2) 
PARAMETRIC_REPRESENTATION_CONTEXT() REPRESENTATION_CONTEXT('2D SPACE',''
  ) );
#496 = PCURVE('',#497,#502);
#497 = CYLINDRICAL_SURFACE('',#498,1.7);
#498 = AXIS2_PLACEMENT_3D('',#499,#500,#501);
#499 = CARTESIAN_POINT('',(-29.,42.5,-0.1));
#500 = DIRECTION('',(-0.,-0.,-1.));
#501 = DIRECTION('',(1.,0.,0.));
#502 = DEFINITIONAL_REPRESENTATION('',(#503),#507);
#503 = LINE('',#504,#505);
#504 = CARTESIAN_POINT('',(-6.28318530718,-0.1));
#505 = VECTOR('',#506,1.);
#506 = DIRECTION('',(1.,-0.));
#507 = ( GEOMETRIC_REPRESENTATION_CONTEXT(2) 
PARAMETRIC_REPRESENTATION_CONTEXT() REPRESENTATION_CONTEXT('2D SPACE',''
  ) );
#508 = FACE_BOUND('',#509,.F.);
#509 = EDGE_LOOP('',(#510));
#510 = ORIENTED_EDGE('',*,*,#511,.T.);
#511 = EDGE_CURVE('',#512,#512,#514,.T.);
#512 = VERTEX_POINT('',#513);
#513 = CARTESIAN_POINT('',(30.7,0.,0.));
#514 = SURFACE_CURVE('',#515,(#520,#531),.PCURVE_S1.);
#515 = CIRCLE('',#516,1.7);
#516 = AXIS2_PLACEMENT_3D('',#517,#518,#519);
#517 = CARTESIAN_POINT('',(29.,0.,0.));
#518 = DIRECTION('',(0.,0.,-1.));
#519 = DIRECTION('',(1.,0.,0.));
#520 = PCURVE('',#44,#521);
#521 = DEFINITIONAL_REPRESENTATION('',(#522),#530);
#522 = ( BOUNDED_CURVE() B_SPLINE_CURVE(2,(#523,#524,#525,#526,#527,#528
,#529),.UNSPECIFIED.,.T.,.F.) B_SPLINE_CURVE_WITH_KNOTS((1,2,2,2,2,1),(
    -2.094395102393,0.,2.094395102393,4.188790204786,6.28318530718,
8.377580409573),.UNSPECIFIED.) CURVE() GEOMETRIC_REPRESENTATION_ITEM() 
RATIONAL_B_SPLINE_CURVE((1.,0.5,1.,0.5,1.,0.5,1.)) REPRESENTATION_ITEM(
  '') );
#523 = CARTESIAN_POINT('',(30.7,0.));
#524 = CARTESIAN_POINT('',(30.7,-2.944486372867));
#525 = CARTESIAN_POINT('',(28.15,-1.472243186434));
#526 = CARTESIAN_POINT('',(25.6,-4.163799117101E-16));
#527 = CARTESIAN_POINT('',(28.15,1.472243186434));
#528 = CARTESIAN_POINT('',(30.7,2.944486372867));
#529 = CARTESIAN_POINT('',(30.7,0.));
#530 = ( GEOMETRIC_REPRESENTATION_CONTEXT(2) 
PARAMETRIC_REPRESENTATION_CONTEXT() REPRESENTATION_CONTEXT('2D SPACE',''
  ) );
#531 = PCURVE('',#532,#537);
#532 = CYLINDRICAL_SURFACE('',#533,1.7);
#533 = AXIS2_PLACEMENT_3D('',#534,#535,#536);
#534 = CARTESIAN_POINT('',(29.,0.,-0.1));
#535 = DIRECTION('',(-0.,-0.,-1.));
#536 = DIRECTION('',(1.,0.,0.));
#537 = DEFINITIONAL_REPRESENTATION('',(#538),#542);
#538 = LINE('',#539,#540);
#539 = CARTESIAN_POINT('',(-6.28318530718,-0.1));
#540 = VECTOR('',#541,1.);
#541 = DIRECTION('',(1.,-0.));
#542 = ( GEOMETRIC_REPRESENTATION_CONTEXT(2) 
PARAMETRIC_REPRESENTATION_CONTEXT() REPRESENTATION_CONTEXT('2D SPACE',''
  ) );
#543 = FACE_BOUND('',#544,.F.);
#544 = EDGE_LOOP('',(#545));
#545 = ORIENTED_EDGE('',*,*,#546,.T.);
#546 = EDGE_CURVE('',#547,#547,#549,.T.);
#547 = VERTEX_POINT('',#548);
#548 = CARTESIAN_POINT('',(1.7,45.,0.));
#549 = SURFACE_CURVE('',#550,(#555,#566),.PCURVE_S1.);
#550 = CIRCLE('',#551,1.7);
#551 = AXIS2_PLACEMENT_3D('',#552,#553,#554);
#552 = CARTESIAN_POINT('',(0.,45.,0.));
#553 = DIRECTION('',(0.,0.,-1.));
#554 = DIRECTION('',(1.,0.,0.));
#555 = PCURVE('',#44,#556);
#556 = DEFINITIONAL_REPRESENTATION('',(#557),#565);
#557 = ( BOUNDED_CURVE() B_SPLINE_CURVE(2,(#558,#559,#560,#561,#562,#563
,#564),.UNSPECIFIED.,.T.,.F.) B_SPLINE_CURVE_WITH_KNOTS((1,2,2,2,2,1),(
    -2.094395102393,0.,2.094395102393,4.188790204786,6.28318530718,
8.377580409573),.UNSPECIFIED.) CURVE() GEOMETRIC_REPRESENTATION_ITEM() 
RATIONAL_B_SPLINE_CURVE((1.,0.5,1.,0.5,1.,0.5,1.)) REPRESENTATION_ITEM(
  '') );
#558 = CARTESIAN_POINT('',(1.7,45.));
#559 = CARTESIAN_POINT('',(1.7,42.055513627133));
#560 = CARTESIAN_POINT('',(-0.85,43.527756813566));
#561 = CARTESIAN_POINT('',(-3.4,45.));
#562 = CARTESIAN_POINT('',(-0.85,46.472243186434));
#563 = CARTESIAN_POINT('',(1.7,47.944486372867));
#564 = CARTESIAN_POINT('',(1.7,45.));
#565 = ( GEOMETRIC_REPRESENTATION_CONTEXT(2) 
PARAMETRIC_REPRESENTATION_CONTEXT() REPRESENTATION_CONTEXT('2D SPACE',''
  ) );
#566 = PCURVE('',#567,#572);
#567 = CYLINDRICAL_SURFACE('',#568,1.7);
#568 = AXIS2_PLACEMENT_3D('',#569,#570,#571);
#569 = CARTESIAN_POINT('',(0.,45.,-0.1));
#570 = DIRECTION('',(-0.,-0.,-1.));
#571 = DIRECTION('',(1.,0.,0.));
#572 = DEFINITIONAL_REPRESENTATION('',(#573),#577);
#573 = LINE('',#574,#575);
#574 = CARTESIAN_POINT('',(-6.28318530718,-0.1));
#575 = VECTOR('',#576,1.);
#576 = DIRECTION('',(1.,-0.));
#577 = ( GEOMETRIC_REPRESENTATION_CONTEXT(2) 
PARAMETRIC_REPRESENTATION_CONTEXT() REPRESENTATION_CONTEXT('2D SPACE',''
  ) );
#578 = FACE_BOUND('',#579,.F.);
#579 = EDGE_LOOP('',(#580));
#580 = ORIENTED_EDGE('',*,*,#581,.T.);
#581 = EDGE_CURVE('',#582,#582,#584,.T.);
#582 = VERTEX_POINT('',#583);
#583 = CARTESIAN_POINT('',(30.7,42.5,0.));
#584 = SURFACE_CURVE('',#585,(#590,#601),.PCURVE_S1.);
#585 = CIRCLE('',#586,1.7);
#586 = AXIS2_PLACEMENT_3D('',#587,#588,#589);
#587 = CARTESIAN_POINT('',(29.,42.5,0.));
#588 = DIRECTION('',(0.,0.,-1.));
#589 = DIRECTION('',(1.,0.,0.));
#590 = PCURVE('',#44,#591);
#591 = DEFINITIONAL_REPRESENTATION('',(#592),#600);
#592 = ( BOUNDED_CURVE() B_SPLINE_CURVE(2,(#593,#594,#595,#596,#597,#598
,#599),.UNSPECIFIED.,.T.,.F.) B_SPLINE_CURVE_WITH_KNOTS((1,2,2,2,2,1),(
    -2.094395102393,0.,2.094395102393,4.188790204786,6.28318530718,
8.377580409573),.UNSPECIFIED.) CURVE() GEOMETRIC_REPRESENTATION_ITEM() 
RATIONAL_B_SPLINE_CURVE((1.,0.5,1.,0.5,1.,0.5,1.)) REPRESENTATION_ITEM(
  '') );
#593 = CARTESIAN_POINT('',(30.7,42.5));
#594 = CARTESIAN_POINT('',(30.7,39.555513627133));
#595 = CARTESIAN_POINT('',(28.15,41.027756813566));
#596 = CARTESIAN_POINT('',(25.6,42.5));
#597 = CARTESIAN_POINT('',(28.15,43.972243186434));
#598 = CARTESIAN_POINT('',(30.7,45.444486372867));
#599 = CARTESIAN_POINT('',(30.7,42.5));
#600 = ( GEOMETRIC_REPRESENTATION_CONTEXT(2) 
PARAMETRIC_REPRESENTATION_CONTEXT() REPRESENTATION_CONTEXT('2D SPACE',''
  ) );
#601 = PCURVE('',#602,#607);
#602 = CYLINDRICAL_SURFACE('',#603,1.7);
#603 = AXIS2_PLACEMENT_3D('',#604,#605,#606);
#604 = CARTESIAN_POINT('',(29.,42.5,-0.1));
#605 = DIRECTION('',(-0.,-0.,-1.));
#606 = DIRECTION('',(1.,0.,0.));
#607 = DEFINITIONAL_REPRESENTATION('',(#608),#612);
#608 = LINE('',#609,#610);
#609 = CARTESIAN_POINT('',(-6.28318530718,-0.1));
#610 = VECTOR('',#611,1.);
#611 = DIRECTION('',(1.,-0.));
#612 = ( GEOMETRIC_REPRESENTATION_CONTEXT(2) 
PARAMETRIC_REPRESENTATION_CONTEXT() REPRESENTATION_CONTEXT('2D SPACE',''
  ) );
#613 = ADVANCED_FACE('',(#614),#72,.T.);
#614 = FACE_BOUND('',#615,.F.);
#615 = EDGE_LOOP('',(#616,#617,#640,#666));
#616 = ORIENTED_EDGE('',*,*,#308,.T.);
#617 = ORIENTED_EDGE('',*,*,#618,.T.);
#618 = EDGE_CURVE('',#281,#619,#621,.T.);
#619 = VERTEX_POINT('',#620);
#620 = CARTESIAN_POINT('',(-32.2,-40.6,5.));
#621 = SURFACE_CURVE('',#622,(#626,#633),.PCURVE_S1.);
#622 = LINE('',#623,#624);
#623 = CARTESIAN_POINT('',(-32.2,-40.6,0.));
#624 = VECTOR('',#625,1.);
#625 = DIRECTION('',(0.,0.,1.));
#626 = PCURVE('',#72,#627);
#627 = DEFINITIONAL_REPRESENTATION('',(#628),#632);
#628 = LINE('',#629,#630);
#629 = CARTESIAN_POINT('',(-1.570796326795,0.));
#630 = VECTOR('',#631,1.);
#631 = DIRECTION('',(-0.,1.));
#632 = ( GEOMETRIC_REPRESENTATION_CONTEXT(2) 
PARAMETRIC_REPRESENTATION_CONTEXT() REPRESENTATION_CONTEXT('2D SPACE',''
  ) );
#633 = PCURVE('',#296,#634);
#634 = DEFINITIONAL_REPRESENTATION('',(#635),#639);
#635 = LINE('',#636,#637);
#636 = CARTESIAN_POINT('',(88.8,0.));
#637 = VECTOR('',#638,1.);
#638 = DIRECTION('',(0.,-1.));
#639 = ( GEOMETRIC_REPRESENTATION_CONTEXT(2) 
PARAMETRIC_REPRESENTATION_CONTEXT() REPRESENTATION_CONTEXT('2D SPACE',''
  ) );
#640 = ORIENTED_EDGE('',*,*,#641,.F.);
#641 = EDGE_CURVE('',#57,#619,#642,.T.);
#642 = SURFACE_CURVE('',#643,(#648,#655),.PCURVE_S1.);
#643 = CIRCLE('',#644,7.6);
#644 = AXIS2_PLACEMENT_3D('',#645,#646,#647);
#645 = CARTESIAN_POINT('',(-24.6,-40.6,5.));
#646 = DIRECTION('',(-0.,-0.,-1.));
#647 = DIRECTION('',(0.,-1.,0.));
#648 = PCURVE('',#72,#649);
#649 = DEFINITIONAL_REPRESENTATION('',(#650),#654);
#650 = LINE('',#651,#652);
#651 = CARTESIAN_POINT('',(-0.,5.));
#652 = VECTOR('',#653,1.);
#653 = DIRECTION('',(-1.,0.));
#654 = ( GEOMETRIC_REPRESENTATION_CONTEXT(2) 
PARAMETRIC_REPRESENTATION_CONTEXT() REPRESENTATION_CONTEXT('2D SPACE',''
  ) );
#655 = PCURVE('',#100,#656);
#656 = DEFINITIONAL_REPRESENTATION('',(#657),#665);
#657 = ( BOUNDED_CURVE() B_SPLINE_CURVE(2,(#658,#659,#660,#661,#662,#663
,#664),.UNSPECIFIED.,.T.,.F.) B_SPLINE_CURVE_WITH_KNOTS((1,2,2,2,2,1),(
    -2.094395102393,0.,2.094395102393,4.188790204786,6.28318530718,
8.377580409573),.UNSPECIFIED.) CURVE() GEOMETRIC_REPRESENTATION_ITEM() 
RATIONAL_B_SPLINE_CURVE((1.,0.5,1.,0.5,1.,0.5,1.)) REPRESENTATION_ITEM(
  '') );
#658 = CARTESIAN_POINT('',(-24.6,-48.2));
#659 = CARTESIAN_POINT('',(-37.76358613752,-48.2));
#660 = CARTESIAN_POINT('',(-31.18179306876,-36.8));
#661 = CARTESIAN_POINT('',(-24.6,-25.4));
#662 = CARTESIAN_POINT('',(-18.01820693123,-36.8));
#663 = CARTESIAN_POINT('',(-11.43641386247,-48.2));
#664 = CARTESIAN_POINT('',(-24.6,-48.2));
#665 = ( GEOMETRIC_REPRESENTATION_CONTEXT(2) 
PARAMETRIC_REPRESENTATION_CONTEXT() REPRESENTATION_CONTEXT('2D SPACE',''
  ) );
#666 = ORIENTED_EDGE('',*,*,#56,.F.);
#667 = ADVANCED_FACE('',(#668),#126,.T.);
#668 = FACE_BOUND('',#669,.T.);
#669 = EDGE_LOOP('',(#670,#671,#694,#716));
#670 = ORIENTED_EDGE('',*,*,#142,.T.);
#671 = ORIENTED_EDGE('',*,*,#672,.T.);
#672 = EDGE_CURVE('',#143,#673,#675,.T.);
#673 = VERTEX_POINT('',#674);
#674 = CARTESIAN_POINT('',(32.2,-40.6,5.));
#675 = SURFACE_CURVE('',#676,(#680,#687),.PCURVE_S1.);
#676 = LINE('',#677,#678);
#677 = CARTESIAN_POINT('',(32.2,-40.6,0.));
#678 = VECTOR('',#679,1.);
#679 = DIRECTION('',(0.,0.,1.));
#680 = PCURVE('',#126,#681);
#681 = DEFINITIONAL_REPRESENTATION('',(#682),#686);
#682 = LINE('',#683,#684);
#683 = CARTESIAN_POINT('',(1.570796326795,0.));
#684 = VECTOR('',#685,1.);
#685 = DIRECTION('',(0.,1.));
#686 = ( GEOMETRIC_REPRESENTATION_CONTEXT(2) 
PARAMETRIC_REPRESENTATION_CONTEXT() REPRESENTATION_CONTEXT('2D SPACE',''
  ) );
#687 = PCURVE('',#182,#688);
#688 = DEFINITIONAL_REPRESENTATION('',(#689),#693);
#689 = LINE('',#690,#691);
#690 = CARTESIAN_POINT('',(7.6,0.));
#691 = VECTOR('',#692,1.);
#692 = DIRECTION('',(0.,-1.));
#693 = ( GEOMETRIC_REPRESENTATION_CONTEXT(2) 
PARAMETRIC_REPRESENTATION_CONTEXT() REPRESENTATION_CONTEXT('2D SPACE',''
  ) );
#694 = ORIENTED_EDGE('',*,*,#695,.F.);
#695 = EDGE_CURVE('',#85,#673,#696,.T.);
#696 = SURFACE_CURVE('',#697,(#702,#709),.PCURVE_S1.);
#697 = CIRCLE('',#698,7.6);
#698 = AXIS2_PLACEMENT_3D('',#699,#700,#701);
#699 = CARTESIAN_POINT('',(24.6,-40.6,5.));
#700 = DIRECTION('',(0.,0.,1.));
#701 = DIRECTION('',(0.,-1.,0.));
#702 = PCURVE('',#126,#703);
#703 = DEFINITIONAL_REPRESENTATION('',(#704),#708);
#704 = LINE('',#705,#706);
#705 = CARTESIAN_POINT('',(0.,5.));
#706 = VECTOR('',#707,1.);
#707 = DIRECTION('',(1.,0.));
#708 = ( GEOMETRIC_REPRESENTATION_CONTEXT(2) 
PARAMETRIC_REPRESENTATION_CONTEXT() REPRESENTATION_CONTEXT('2D SPACE',''
  ) );
#709 = PCURVE('',#100,#710);
#710 = DEFINITIONAL_REPRESENTATION('',(#711),#715);
#711 = CIRCLE('',#712,7.6);
#712 = AXIS2_PLACEMENT_2D('',#713,#714);
#713 = CARTESIAN_POINT('',(24.6,-40.6));
#714 = DIRECTION('',(0.,-1.));
#715 = ( GEOMETRIC_REPRESENTATION_CONTEXT(2) 
PARAMETRIC_REPRESENTATION_CONTEXT() REPRESENTATION_CONTEXT('2D SPACE',''
  ) );
#716 = ORIENTED_EDGE('',*,*,#112,.F.);
#717 = ADVANCED_FACE('',(#718,#838),#100,.T.);
#718 = FACE_BOUND('',#719,.T.);
#719 = EDGE_LOOP('',(#720,#721,#722,#745,#769,#792,#816,#837));
#720 = ORIENTED_EDGE('',*,*,#84,.T.);
#721 = ORIENTED_EDGE('',*,*,#695,.T.);
#722 = ORIENTED_EDGE('',*,*,#723,.T.);
#723 = EDGE_CURVE('',#673,#724,#726,.T.);
#724 = VERTEX_POINT('',#725);
#725 = CARTESIAN_POINT('',(32.2,40.6,5.));
#726 = SURFACE_CURVE('',#727,(#731,#738),.PCURVE_S1.);
#727 = LINE('',#728,#729);
#728 = CARTESIAN_POINT('',(32.2,-48.2,5.));
#729 = VECTOR('',#730,1.);
#730 = DIRECTION('',(0.,1.,0.));
#731 = PCURVE('',#100,#732);
#732 = DEFINITIONAL_REPRESENTATION('',(#733),#737);
#733 = LINE('',#734,#735);
#734 = CARTESIAN_POINT('',(32.2,-48.2));
#735 = VECTOR('',#736,1.);
#736 = DIRECTION('',(0.,1.));
#737 = ( GEOMETRIC_REPRESENTATION_CONTEXT(2) 
PARAMETRIC_REPRESENTATION_CONTEXT() REPRESENTATION_CONTEXT('2D SPACE',''
  ) );
#738 = PCURVE('',#182,#739);
#739 = DEFINITIONAL_REPRESENTATION('',(#740),#744);
#740 = LINE('',#741,#742);
#741 = CARTESIAN_POINT('',(0.,-5.));
#742 = VECTOR('',#743,1.);
#743 = DIRECTION('',(1.,0.));
#744 = ( GEOMETRIC_REPRESENTATION_CONTEXT(2) 
PARAMETRIC_REPRESENTATION_CONTEXT() REPRESENTATION_CONTEXT('2D SPACE',''
  ) );
#745 = ORIENTED_EDGE('',*,*,#746,.T.);
#746 = EDGE_CURVE('',#724,#747,#749,.T.);
#747 = VERTEX_POINT('',#748);
#748 = CARTESIAN_POINT('',(24.6,48.2,5.));
#749 = SURFACE_CURVE('',#750,(#755,#762),.PCURVE_S1.);
#750 = CIRCLE('',#751,7.6);
#751 = AXIS2_PLACEMENT_3D('',#752,#753,#754);
#752 = CARTESIAN_POINT('',(24.6,40.6,5.));
#753 = DIRECTION('',(0.,0.,1.));
#754 = DIRECTION('',(0.,-1.,0.));
#755 = PCURVE('',#100,#756);
#756 = DEFINITIONAL_REPRESENTATION('',(#757),#761);
#757 = CIRCLE('',#758,7.6);
#758 = AXIS2_PLACEMENT_2D('',#759,#760);
#759 = CARTESIAN_POINT('',(24.6,40.6));
#760 = DIRECTION('',(0.,-1.));
#761 = ( GEOMETRIC_REPRESENTATION_CONTEXT(2) 
PARAMETRIC_REPRESENTATION_CONTEXT() REPRESENTATION_CONTEXT('2D SPACE',''
  ) );
#762 = PCURVE('',#211,#763);
#763 = DEFINITIONAL_REPRESENTATION('',(#764),#768);
#764 = LINE('',#765,#766);
#765 = CARTESIAN_POINT('',(-1.570796326795,5.));
#766 = VECTOR('',#767,1.);
#767 = DIRECTION('',(1.,0.));
#768 = ( GEOMETRIC_REPRESENTATION_CONTEXT(2) 
PARAMETRIC_REPRESENTATION_CONTEXT() REPRESENTATION_CONTEXT('2D SPACE',''
  ) );
#769 = ORIENTED_EDGE('',*,*,#770,.T.);
#770 = EDGE_CURVE('',#747,#771,#773,.T.);
#771 = VERTEX_POINT('',#772);
#772 = CARTESIAN_POINT('',(-24.6,48.2,5.));
#773 = SURFACE_CURVE('',#774,(#778,#785),.PCURVE_S1.);
#774 = LINE('',#775,#776);
#775 = CARTESIAN_POINT('',(32.2,48.2,5.));
#776 = VECTOR('',#777,1.);
#777 = DIRECTION('',(-1.,0.,0.));
#778 = PCURVE('',#100,#779);
#779 = DEFINITIONAL_REPRESENTATION('',(#780),#784);
#780 = LINE('',#781,#782);
#781 = CARTESIAN_POINT('',(32.2,48.2));
#782 = VECTOR('',#783,1.);
#783 = DIRECTION('',(-1.,0.));
#784 = ( GEOMETRIC_REPRESENTATION_CONTEXT(2) 
PARAMETRIC_REPRESENTATION_CONTEXT() REPRESENTATION_CONTEXT('2D SPACE',''
  ) );
#785 = PCURVE('',#239,#786);
#786 = DEFINITIONAL_REPRESENTATION('',(#787),#791);
#787 = LINE('',#788,#789);
#788 = CARTESIAN_POINT('',(0.,-5.));
#789 = VECTOR('',#790,1.);
#790 = DIRECTION('',(1.,0.));
#791 = ( GEOMETRIC_REPRESENTATION_CONTEXT(2) 
PARAMETRIC_REPRESENTATION_CONTEXT() REPRESENTATION_CONTEXT('2D SPACE',''
  ) );
#792 = ORIENTED_EDGE('',*,*,#793,.T.);
#793 = EDGE_CURVE('',#771,#794,#796,.T.);
#794 = VERTEX_POINT('',#795);
#795 = CARTESIAN_POINT('',(-32.2,40.6,5.));
#796 = SURFACE_CURVE('',#797,(#802,#809),.PCURVE_S1.);
#797 = CIRCLE('',#798,7.6);
#798 = AXIS2_PLACEMENT_3D('',#799,#800,#801);
#799 = CARTESIAN_POINT('',(-24.6,40.6,5.));
#800 = DIRECTION('',(0.,0.,1.));
#801 = DIRECTION('',(0.,-1.,0.));
#802 = PCURVE('',#100,#803);
#803 = DEFINITIONAL_REPRESENTATION('',(#804),#808);
#804 = CIRCLE('',#805,7.6);
#805 = AXIS2_PLACEMENT_2D('',#806,#807);
#806 = CARTESIAN_POINT('',(-24.6,40.6));
#807 = DIRECTION('',(0.,-1.));
#808 = ( GEOMETRIC_REPRESENTATION_CONTEXT(2) 
PARAMETRIC_REPRESENTATION_CONTEXT() REPRESENTATION_CONTEXT('2D SPACE',''
  ) );
#809 = PCURVE('',#268,#810);
#810 = DEFINITIONAL_REPRESENTATION('',(#811),#815);
#811 = LINE('',#812,#813);
#812 = CARTESIAN_POINT('',(-3.14159265359,5.));
#813 = VECTOR('',#814,1.);
#814 = DIRECTION('',(1.,0.));
#815 = ( GEOMETRIC_REPRESENTATION_CONTEXT(2) 
PARAMETRIC_REPRESENTATION_CONTEXT() REPRESENTATION_CONTEXT('2D SPACE',''
  ) );
#816 = ORIENTED_EDGE('',*,*,#817,.T.);
#817 = EDGE_CURVE('',#794,#619,#818,.T.);
#818 = SURFACE_CURVE('',#819,(#823,#830),.PCURVE_S1.);
#819 = LINE('',#820,#821);
#820 = CARTESIAN_POINT('',(-32.2,48.2,5.));
#821 = VECTOR('',#822,1.);
#822 = DIRECTION('',(0.,-1.,0.));
#823 = PCURVE('',#100,#824);
#824 = DEFINITIONAL_REPRESENTATION('',(#825),#829);
#825 = LINE('',#826,#827);
#826 = CARTESIAN_POINT('',(-32.2,48.2));
#827 = VECTOR('',#828,1.);
#828 = DIRECTION('',(0.,-1.));
#829 = ( GEOMETRIC_REPRESENTATION_CONTEXT(2) 
PARAMETRIC_REPRESENTATION_CONTEXT() REPRESENTATION_CONTEXT('2D SPACE',''
  ) );
#830 = PCURVE('',#296,#831);
#831 = DEFINITIONAL_REPRESENTATION('',(#832),#836);
#832 = LINE('',#833,#834);
#833 = CARTESIAN_POINT('',(0.,-5.));
#834 = VECTOR('',#835,1.);
#835 = DIRECTION('',(1.,0.));
#836 = ( GEOMETRIC_REPRESENTATION_CONTEXT(2) 
PARAMETRIC_REPRESENTATION_CONTEXT() REPRESENTATION_CONTEXT('2D SPACE',''
  ) );
#837 = ORIENTED_EDGE('',*,*,#641,.F.);
#838 = FACE_BOUND('',#839,.T.);
#839 = EDGE_LOOP('',(#840,#871,#897,#926,#954,#983,#1009,#1038,#1066,
    #1095,#1121,#1150,#1178,#1206,#1235,#1261,#1290,#1318));
#840 = ORIENTED_EDGE('',*,*,#841,.F.);
#841 = EDGE_CURVE('',#842,#844,#846,.T.);
#842 = VERTEX_POINT('',#843);
#843 = CARTESIAN_POINT('',(24.4,-47.,5.));
#844 = VERTEX_POINT('',#845);
#845 = CARTESIAN_POINT('',(30.020661331503,-43.85950375004,5.));
#846 = SURFACE_CURVE('',#847,(#852,#859),.PCURVE_S1.);
#847 = CIRCLE('',#848,6.6);
#848 = AXIS2_PLACEMENT_3D('',#849,#850,#851);
#849 = CARTESIAN_POINT('',(24.4,-40.4,5.));
#850 = DIRECTION('',(0.,0.,1.));
#851 = DIRECTION('',(0.,-1.,0.));
#852 = PCURVE('',#100,#853);
#853 = DEFINITIONAL_REPRESENTATION('',(#854),#858);
#854 = CIRCLE('',#855,6.6);
#855 = AXIS2_PLACEMENT_2D('',#856,#857);
#856 = CARTESIAN_POINT('',(24.4,-40.4));
#857 = DIRECTION('',(0.,-1.));
#858 = ( GEOMETRIC_REPRESENTATION_CONTEXT(2) 
PARAMETRIC_REPRESENTATION_CONTEXT() REPRESENTATION_CONTEXT('2D SPACE',''
  ) );
#859 = PCURVE('',#860,#865);
#860 = CYLINDRICAL_SURFACE('',#861,6.6);
#861 = AXIS2_PLACEMENT_3D('',#862,#863,#864);
#862 = CARTESIAN_POINT('',(24.4,-40.4,3.));
#863 = DIRECTION('',(0.,0.,1.));
#864 = DIRECTION('',(0.,-1.,0.));
#865 = DEFINITIONAL_REPRESENTATION('',(#866),#870);
#866 = LINE('',#867,#868);
#867 = CARTESIAN_POINT('',(0.,2.));
#868 = VECTOR('',#869,1.);
#869 = DIRECTION('',(1.,0.));
#870 = ( GEOMETRIC_REPRESENTATION_CONTEXT(2) 
PARAMETRIC_REPRESENTATION_CONTEXT() REPRESENTATION_CONTEXT('2D SPACE',''
  ) );
#871 = ORIENTED_EDGE('',*,*,#872,.T.);
#872 = EDGE_CURVE('',#842,#873,#875,.T.);
#873 = VERTEX_POINT('',#874);
#874 = CARTESIAN_POINT('',(-24.4,-47.,5.));
#875 = SURFACE_CURVE('',#876,(#880,#886),.PCURVE_S1.);
#876 = LINE('',#877,#878);
#877 = CARTESIAN_POINT('',(-15.5,-47.,5.));
#878 = VECTOR('',#879,1.);
#879 = DIRECTION('',(-1.,0.,0.));
#880 = PCURVE('',#100,#881);
#881 = DEFINITIONAL_REPRESENTATION('',(#882),#885);
#882 = B_SPLINE_CURVE_WITH_KNOTS('',1,(#883,#884),.UNSPECIFIED.,.F.,.F.,
  (2,2),(-39.9,8.9),.PIECEWISE_BEZIER_KNOTS.);
#883 = CARTESIAN_POINT('',(24.4,-47.));
#884 = CARTESIAN_POINT('',(-24.4,-47.));
#885 = ( GEOMETRIC_REPRESENTATION_CONTEXT(2) 
PARAMETRIC_REPRESENTATION_CONTEXT() REPRESENTATION_CONTEXT('2D SPACE',''
  ) );
#886 = PCURVE('',#887,#892);
#887 = PLANE('',#888);
#888 = AXIS2_PLACEMENT_3D('',#889,#890,#891);
#889 = CARTESIAN_POINT('',(-31.,-47.,3.));
#890 = DIRECTION('',(0.,1.,0.));
#891 = DIRECTION('',(1.,0.,0.));
#892 = DEFINITIONAL_REPRESENTATION('',(#893),#896);
#893 = B_SPLINE_CURVE_WITH_KNOTS('',1,(#894,#895),.UNSPECIFIED.,.F.,.F.,
  (2,2),(-39.9,8.9),.PIECEWISE_BEZIER_KNOTS.);
#894 = CARTESIAN_POINT('',(55.4,-2.));
#895 = CARTESIAN_POINT('',(6.6,-2.));
#896 = ( GEOMETRIC_REPRESENTATION_CONTEXT(2) 
PARAMETRIC_REPRESENTATION_CONTEXT() REPRESENTATION_CONTEXT('2D SPACE',''
  ) );
#897 = ORIENTED_EDGE('',*,*,#898,.F.);
#898 = EDGE_CURVE('',#899,#873,#901,.T.);
#899 = VERTEX_POINT('',#900);
#900 = CARTESIAN_POINT('',(-30.0206613315,-43.85950375004,5.));
#901 = SURFACE_CURVE('',#902,(#907,#914),.PCURVE_S1.);
#902 = CIRCLE('',#903,6.6);
#903 = AXIS2_PLACEMENT_3D('',#904,#905,#906);
#904 = CARTESIAN_POINT('',(-24.4,-40.4,5.));
#905 = DIRECTION('',(0.,0.,1.));
#906 = DIRECTION('',(0.,-1.,0.));
#907 = PCURVE('',#100,#908);
#908 = DEFINITIONAL_REPRESENTATION('',(#909),#913);
#909 = CIRCLE('',#910,6.6);
#910 = AXIS2_PLACEMENT_2D('',#911,#912);
#911 = CARTESIAN_POINT('',(-24.4,-40.4));
#912 = DIRECTION('',(0.,-1.));
#913 = ( GEOMETRIC_REPRESENTATION_CONTEXT(2) 
PARAMETRIC_REPRESENTATION_CONTEXT() REPRESENTATION_CONTEXT('2D SPACE',''
  ) );
#914 = PCURVE('',#915,#920);
#915 = CYLINDRICAL_SURFACE('',#916,6.6);
#916 = AXIS2_PLACEMENT_3D('',#917,#918,#919);
#917 = CARTESIAN_POINT('',(-24.4,-40.4,3.));
#918 = DIRECTION('',(0.,0.,1.));
#919 = DIRECTION('',(0.,-1.,0.));
#920 = DEFINITIONAL_REPRESENTATION('',(#921),#925);
#921 = LINE('',#922,#923);
#922 = CARTESIAN_POINT('',(-6.28318530718,2.));
#923 = VECTOR('',#924,1.);
#924 = DIRECTION('',(1.,-0.));
#925 = ( GEOMETRIC_REPRESENTATION_CONTEXT(2) 
PARAMETRIC_REPRESENTATION_CONTEXT() REPRESENTATION_CONTEXT('2D SPACE',''
  ) );
#926 = ORIENTED_EDGE('',*,*,#927,.T.);
#927 = EDGE_CURVE('',#899,#928,#930,.T.);
#928 = VERTEX_POINT('',#929);
#929 = CARTESIAN_POINT('',(-30.69580327545,-42.38062139661,5.));
#930 = SURFACE_CURVE('',#931,(#936,#947),.PCURVE_S1.);
#931 = CIRCLE('',#932,1.7);
#932 = AXIS2_PLACEMENT_3D('',#933,#934,#935);
#933 = CARTESIAN_POINT('',(-29.,-42.5,5.));
#934 = DIRECTION('',(0.,0.,-1.));
#935 = DIRECTION('',(1.,0.,0.));
#936 = PCURVE('',#100,#937);
#937 = DEFINITIONAL_REPRESENTATION('',(#938),#946);
#938 = ( BOUNDED_CURVE() B_SPLINE_CURVE(2,(#939,#940,#941,#942,#943,#944
,#945),.UNSPECIFIED.,.T.,.F.) B_SPLINE_CURVE_WITH_KNOTS((1,2,2,2,2,1),(
    -2.094395102393,0.,2.094395102393,4.188790204786,6.28318530718,
8.377580409573),.UNSPECIFIED.) CURVE() GEOMETRIC_REPRESENTATION_ITEM() 
RATIONAL_B_SPLINE_CURVE((1.,0.5,1.,0.5,1.,0.5,1.)) REPRESENTATION_ITEM(
  '') );
#939 = CARTESIAN_POINT('',(-27.3,-42.5));
#940 = CARTESIAN_POINT('',(-27.3,-45.44448637286));
#941 = CARTESIAN_POINT('',(-29.85,-43.97224318643));
#942 = CARTESIAN_POINT('',(-32.4,-42.5));
#943 = CARTESIAN_POINT('',(-29.85,-41.02775681356));
#944 = CARTESIAN_POINT('',(-27.3,-39.55551362713));
#945 = CARTESIAN_POINT('',(-27.3,-42.5));
#946 = ( GEOMETRIC_REPRESENTATION_CONTEXT(2) 
PARAMETRIC_REPRESENTATION_CONTEXT() REPRESENTATION_CONTEXT('2D SPACE',''
  ) );
#947 = PCURVE('',#357,#948);
#948 = DEFINITIONAL_REPRESENTATION('',(#949),#953);
#949 = LINE('',#950,#951);
#950 = CARTESIAN_POINT('',(-6.28318530718,-5.1));
#951 = VECTOR('',#952,1.);
#952 = DIRECTION('',(1.,-0.));
#953 = ( GEOMETRIC_REPRESENTATION_CONTEXT(2) 
PARAMETRIC_REPRESENTATION_CONTEXT() REPRESENTATION_CONTEXT('2D SPACE',''
  ) );
#954 = ORIENTED_EDGE('',*,*,#955,.F.);
#955 = EDGE_CURVE('',#956,#928,#958,.T.);
#956 = VERTEX_POINT('',#957);
#957 = CARTESIAN_POINT('',(-31.,-40.4,5.));
#958 = SURFACE_CURVE('',#959,(#964,#971),.PCURVE_S1.);
#959 = CIRCLE('',#960,6.6);
#960 = AXIS2_PLACEMENT_3D('',#961,#962,#963);
#961 = CARTESIAN_POINT('',(-24.4,-40.4,5.));
#962 = DIRECTION('',(0.,0.,1.));
#963 = DIRECTION('',(0.,-1.,0.));
#964 = PCURVE('',#100,#965);
#965 = DEFINITIONAL_REPRESENTATION('',(#966),#970);
#966 = CIRCLE('',#967,6.6);
#967 = AXIS2_PLACEMENT_2D('',#968,#969);
#968 = CARTESIAN_POINT('',(-24.4,-40.4));
#969 = DIRECTION('',(0.,-1.));
#970 = ( GEOMETRIC_REPRESENTATION_CONTEXT(2) 
PARAMETRIC_REPRESENTATION_CONTEXT() REPRESENTATION_CONTEXT('2D SPACE',''
  ) );
#971 = PCURVE('',#972,#977);
#972 = CYLINDRICAL_SURFACE('',#973,6.6);
#973 = AXIS2_PLACEMENT_3D('',#974,#975,#976);
#974 = CARTESIAN_POINT('',(-24.4,-40.4,3.));
#975 = DIRECTION('',(0.,0.,1.));
#976 = DIRECTION('',(0.,-1.,0.));
#977 = DEFINITIONAL_REPRESENTATION('',(#978),#982);
#978 = LINE('',#979,#980);
#979 = CARTESIAN_POINT('',(-6.28318530718,2.));
#980 = VECTOR('',#981,1.);
#981 = DIRECTION('',(1.,-0.));
#982 = ( GEOMETRIC_REPRESENTATION_CONTEXT(2) 
PARAMETRIC_REPRESENTATION_CONTEXT() REPRESENTATION_CONTEXT('2D SPACE',''
  ) );
#983 = ORIENTED_EDGE('',*,*,#984,.T.);
#984 = EDGE_CURVE('',#956,#985,#987,.T.);
#985 = VERTEX_POINT('',#986);
#986 = CARTESIAN_POINT('',(-31.,40.4,5.));
#987 = SURFACE_CURVE('',#988,(#992,#998),.PCURVE_S1.);
#988 = LINE('',#989,#990);
#989 = CARTESIAN_POINT('',(-31.,23.5,5.));
#990 = VECTOR('',#991,1.);
#991 = DIRECTION('',(-0.,1.,0.));
#992 = PCURVE('',#100,#993);
#993 = DEFINITIONAL_REPRESENTATION('',(#994),#997);
#994 = B_SPLINE_CURVE_WITH_KNOTS('',1,(#995,#996),.UNSPECIFIED.,.F.,.F.,
  (2,2),(-63.9,16.9),.PIECEWISE_BEZIER_KNOTS.);
#995 = CARTESIAN_POINT('',(-31.,-40.4));
#996 = CARTESIAN_POINT('',(-31.,40.4));
#997 = ( GEOMETRIC_REPRESENTATION_CONTEXT(2) 
PARAMETRIC_REPRESENTATION_CONTEXT() REPRESENTATION_CONTEXT('2D SPACE',''
  ) );
#998 = PCURVE('',#999,#1004);
#999 = PLANE('',#1000);
#1000 = AXIS2_PLACEMENT_3D('',#1001,#1002,#1003);
#1001 = CARTESIAN_POINT('',(-31.,47.,3.));
#1002 = DIRECTION('',(1.,0.,-0.));
#1003 = DIRECTION('',(0.,-1.,0.));
#1004 = DEFINITIONAL_REPRESENTATION('',(#1005),#1008);
#1005 = B_SPLINE_CURVE_WITH_KNOTS('',1,(#1006,#1007),.UNSPECIFIED.,.F.,
  .F.,(2,2),(-63.9,16.9),.PIECEWISE_BEZIER_KNOTS.);
#1006 = CARTESIAN_POINT('',(87.4,-2.));
#1007 = CARTESIAN_POINT('',(6.6,-2.));
#1008 = ( GEOMETRIC_REPRESENTATION_CONTEXT(2) 
PARAMETRIC_REPRESENTATION_CONTEXT() REPRESENTATION_CONTEXT('2D SPACE',''
  ) );
#1009 = ORIENTED_EDGE('',*,*,#1010,.F.);
#1010 = EDGE_CURVE('',#1011,#985,#1013,.T.);
#1011 = VERTEX_POINT('',#1012);
#1012 = CARTESIAN_POINT('',(-30.69580327545,42.380621396616,5.));
#1013 = SURFACE_CURVE('',#1014,(#1019,#1026),.PCURVE_S1.);
#1014 = CIRCLE('',#1015,6.6);
#1015 = AXIS2_PLACEMENT_3D('',#1016,#1017,#1018);
#1016 = CARTESIAN_POINT('',(-24.4,40.4,5.));
#1017 = DIRECTION('',(0.,0.,1.));
#1018 = DIRECTION('',(-0.,1.,0.));
#1019 = PCURVE('',#100,#1020);
#1020 = DEFINITIONAL_REPRESENTATION('',(#1021),#1025);
#1021 = CIRCLE('',#1022,6.6);
#1022 = AXIS2_PLACEMENT_2D('',#1023,#1024);
#1023 = CARTESIAN_POINT('',(-24.4,40.4));
#1024 = DIRECTION('',(0.,1.));
#1025 = ( GEOMETRIC_REPRESENTATION_CONTEXT(2) 
PARAMETRIC_REPRESENTATION_CONTEXT() REPRESENTATION_CONTEXT('2D SPACE',''
  ) );
#1026 = PCURVE('',#1027,#1032);
#1027 = CYLINDRICAL_SURFACE('',#1028,6.6);
#1028 = AXIS2_PLACEMENT_3D('',#1029,#1030,#1031);
#1029 = CARTESIAN_POINT('',(-24.4,40.4,3.));
#1030 = DIRECTION('',(0.,0.,1.));
#1031 = DIRECTION('',(-0.,1.,0.));
#1032 = DEFINITIONAL_REPRESENTATION('',(#1033),#1037);
#1033 = LINE('',#1034,#1035);
#1034 = CARTESIAN_POINT('',(0.,2.));
#1035 = VECTOR('',#1036,1.);
#1036 = DIRECTION('',(1.,0.));
#1037 = ( GEOMETRIC_REPRESENTATION_CONTEXT(2) 
PARAMETRIC_REPRESENTATION_CONTEXT() REPRESENTATION_CONTEXT('2D SPACE',''
  ) );
#1038 = ORIENTED_EDGE('',*,*,#1039,.T.);
#1039 = EDGE_CURVE('',#1011,#1040,#1042,.T.);
#1040 = VERTEX_POINT('',#1041);
#1041 = CARTESIAN_POINT('',(-30.0206613315,43.85950375004,5.));
#1042 = SURFACE_CURVE('',#1043,(#1048,#1059),.PCURVE_S1.);
#1043 = CIRCLE('',#1044,1.7);
#1044 = AXIS2_PLACEMENT_3D('',#1045,#1046,#1047);
#1045 = CARTESIAN_POINT('',(-29.,42.5,5.));
#1046 = DIRECTION('',(0.,0.,-1.));
#1047 = DIRECTION('',(1.,0.,0.));
#1048 = PCURVE('',#100,#1049);
#1049 = DEFINITIONAL_REPRESENTATION('',(#1050),#1058);
#1050 = ( BOUNDED_CURVE() B_SPLINE_CURVE(2,(#1051,#1052,#1053,#1054,
#1055,#1056,#1057),.UNSPECIFIED.,.T.,.F.) B_SPLINE_CURVE_WITH_KNOTS((1,2
    ,2,2,2,1),(-2.094395102393,0.,2.094395102393,4.188790204786,
6.28318530718,8.377580409573),.UNSPECIFIED.) CURVE() 
GEOMETRIC_REPRESENTATION_ITEM() RATIONAL_B_SPLINE_CURVE((1.,0.5,1.,0.5,
1.,0.5,1.)) REPRESENTATION_ITEM('') );
#1051 = CARTESIAN_POINT('',(-27.3,42.5));
#1052 = CARTESIAN_POINT('',(-27.3,39.555513627133));
#1053 = CARTESIAN_POINT('',(-29.85,41.027756813566));
#1054 = CARTESIAN_POINT('',(-32.4,42.5));
#1055 = CARTESIAN_POINT('',(-29.85,43.972243186434));
#1056 = CARTESIAN_POINT('',(-27.3,45.444486372867));
#1057 = CARTESIAN_POINT('',(-27.3,42.5));
#1058 = ( GEOMETRIC_REPRESENTATION_CONTEXT(2) 
PARAMETRIC_REPRESENTATION_CONTEXT() REPRESENTATION_CONTEXT('2D SPACE',''
  ) );
#1059 = PCURVE('',#497,#1060);
#1060 = DEFINITIONAL_REPRESENTATION('',(#1061),#1065);
#1061 = LINE('',#1062,#1063);
#1062 = CARTESIAN_POINT('',(-6.28318530718,-5.1));
#1063 = VECTOR('',#1064,1.);
#1064 = DIRECTION('',(1.,-0.));
#1065 = ( GEOMETRIC_REPRESENTATION_CONTEXT(2) 
PARAMETRIC_REPRESENTATION_CONTEXT() REPRESENTATION_CONTEXT('2D SPACE',''
  ) );
#1066 = ORIENTED_EDGE('',*,*,#1067,.F.);
#1067 = EDGE_CURVE('',#1068,#1040,#1070,.T.);
#1068 = VERTEX_POINT('',#1069);
#1069 = CARTESIAN_POINT('',(-24.4,47.,5.));
#1070 = SURFACE_CURVE('',#1071,(#1076,#1083),.PCURVE_S1.);
#1071 = CIRCLE('',#1072,6.6);
#1072 = AXIS2_PLACEMENT_3D('',#1073,#1074,#1075);
#1073 = CARTESIAN_POINT('',(-24.4,40.4,5.));
#1074 = DIRECTION('',(0.,0.,1.));
#1075 = DIRECTION('',(-0.,1.,0.));
#1076 = PCURVE('',#100,#1077);
#1077 = DEFINITIONAL_REPRESENTATION('',(#1078),#1082);
#1078 = CIRCLE('',#1079,6.6);
#1079 = AXIS2_PLACEMENT_2D('',#1080,#1081);
#1080 = CARTESIAN_POINT('',(-24.4,40.4));
#1081 = DIRECTION('',(0.,1.));
#1082 = ( GEOMETRIC_REPRESENTATION_CONTEXT(2) 
PARAMETRIC_REPRESENTATION_CONTEXT() REPRESENTATION_CONTEXT('2D SPACE',''
  ) );
#1083 = PCURVE('',#1084,#1089);
#1084 = CYLINDRICAL_SURFACE('',#1085,6.6);
#1085 = AXIS2_PLACEMENT_3D('',#1086,#1087,#1088);
#1086 = CARTESIAN_POINT('',(-24.4,40.4,3.));
#1087 = DIRECTION('',(0.,0.,1.));
#1088 = DIRECTION('',(-0.,1.,0.));
#1089 = DEFINITIONAL_REPRESENTATION('',(#1090),#1094);
#1090 = LINE('',#1091,#1092);
#1091 = CARTESIAN_POINT('',(0.,2.));
#1092 = VECTOR('',#1093,1.);
#1093 = DIRECTION('',(1.,0.));
#1094 = ( GEOMETRIC_REPRESENTATION_CONTEXT(2) 
PARAMETRIC_REPRESENTATION_CONTEXT() REPRESENTATION_CONTEXT('2D SPACE',''
  ) );
#1095 = ORIENTED_EDGE('',*,*,#1096,.T.);
#1096 = EDGE_CURVE('',#1068,#1097,#1099,.T.);
#1097 = VERTEX_POINT('',#1098);
#1098 = CARTESIAN_POINT('',(24.4,47.,5.));
#1099 = SURFACE_CURVE('',#1100,(#1104,#1110),.PCURVE_S1.);
#1100 = LINE('',#1101,#1102);
#1101 = CARTESIAN_POINT('',(15.5,47.,5.));
#1102 = VECTOR('',#1103,1.);
#1103 = DIRECTION('',(1.,0.,-0.));
#1104 = PCURVE('',#100,#1105);
#1105 = DEFINITIONAL_REPRESENTATION('',(#1106),#1109);
#1106 = B_SPLINE_CURVE_WITH_KNOTS('',1,(#1107,#1108),.UNSPECIFIED.,.F.,
  .F.,(2,2),(-39.9,8.9),.PIECEWISE_BEZIER_KNOTS.);
#1107 = CARTESIAN_POINT('',(-24.4,47.));
#1108 = CARTESIAN_POINT('',(24.4,47.));
#1109 = ( GEOMETRIC_REPRESENTATION_CONTEXT(2) 
PARAMETRIC_REPRESENTATION_CONTEXT() REPRESENTATION_CONTEXT('2D SPACE',''
  ) );
#1110 = PCURVE('',#1111,#1116);
#1111 = PLANE('',#1112);
#1112 = AXIS2_PLACEMENT_3D('',#1113,#1114,#1115);
#1113 = CARTESIAN_POINT('',(31.,47.,3.));
#1114 = DIRECTION('',(0.,-1.,0.));
#1115 = DIRECTION('',(-1.,0.,0.));
#1116 = DEFINITIONAL_REPRESENTATION('',(#1117),#1120);
#1117 = B_SPLINE_CURVE_WITH_KNOTS('',1,(#1118,#1119),.UNSPECIFIED.,.F.,
  .F.,(2,2),(-39.9,8.9),.PIECEWISE_BEZIER_KNOTS.);
#1118 = CARTESIAN_POINT('',(55.4,-2.));
#1119 = CARTESIAN_POINT('',(6.6,-2.));
#1120 = ( GEOMETRIC_REPRESENTATION_CONTEXT(2) 
PARAMETRIC_REPRESENTATION_CONTEXT() REPRESENTATION_CONTEXT('2D SPACE',''
  ) );
#1121 = ORIENTED_EDGE('',*,*,#1122,.F.);
#1122 = EDGE_CURVE('',#1123,#1097,#1125,.T.);
#1123 = VERTEX_POINT('',#1124);
#1124 = CARTESIAN_POINT('',(30.020661331503,43.85950375004,5.));
#1125 = SURFACE_CURVE('',#1126,(#1131,#1138),.PCURVE_S1.);
#1126 = CIRCLE('',#1127,6.6);
#1127 = AXIS2_PLACEMENT_3D('',#1128,#1129,#1130);
#1128 = CARTESIAN_POINT('',(24.4,40.4,5.));
#1129 = DIRECTION('',(0.,0.,1.));
#1130 = DIRECTION('',(1.,0.,-0.));
#1131 = PCURVE('',#100,#1132);
#1132 = DEFINITIONAL_REPRESENTATION('',(#1133),#1137);
#1133 = CIRCLE('',#1134,6.6);
#1134 = AXIS2_PLACEMENT_2D('',#1135,#1136);
#1135 = CARTESIAN_POINT('',(24.4,40.4));
#1136 = DIRECTION('',(1.,0.));
#1137 = ( GEOMETRIC_REPRESENTATION_CONTEXT(2) 
PARAMETRIC_REPRESENTATION_CONTEXT() REPRESENTATION_CONTEXT('2D SPACE',''
  ) );
#1138 = PCURVE('',#1139,#1144);
#1139 = CYLINDRICAL_SURFACE('',#1140,6.6);
#1140 = AXIS2_PLACEMENT_3D('',#1141,#1142,#1143);
#1141 = CARTESIAN_POINT('',(24.4,40.4,3.));
#1142 = DIRECTION('',(0.,0.,1.));
#1143 = DIRECTION('',(1.,0.,-0.));
#1144 = DEFINITIONAL_REPRESENTATION('',(#1145),#1149);
#1145 = LINE('',#1146,#1147);
#1146 = CARTESIAN_POINT('',(0.,2.));
#1147 = VECTOR('',#1148,1.);
#1148 = DIRECTION('',(1.,0.));
#1149 = ( GEOMETRIC_REPRESENTATION_CONTEXT(2) 
PARAMETRIC_REPRESENTATION_CONTEXT() REPRESENTATION_CONTEXT('2D SPACE',''
  ) );
#1150 = ORIENTED_EDGE('',*,*,#1151,.T.);
#1151 = EDGE_CURVE('',#1123,#1152,#1154,.T.);
#1152 = VERTEX_POINT('',#1153);
#1153 = CARTESIAN_POINT('',(30.7,42.5,5.));
#1154 = SURFACE_CURVE('',#1155,(#1160,#1171),.PCURVE_S1.);
#1155 = CIRCLE('',#1156,1.7);
#1156 = AXIS2_PLACEMENT_3D('',#1157,#1158,#1159);
#1157 = CARTESIAN_POINT('',(29.,42.5,5.));
#1158 = DIRECTION('',(0.,0.,-1.));
#1159 = DIRECTION('',(1.,0.,0.));
#1160 = PCURVE('',#100,#1161);
#1161 = DEFINITIONAL_REPRESENTATION('',(#1162),#1170);
#1162 = ( BOUNDED_CURVE() B_SPLINE_CURVE(2,(#1163,#1164,#1165,#1166,
#1167,#1168,#1169),.UNSPECIFIED.,.T.,.F.) B_SPLINE_CURVE_WITH_KNOTS((1,2
    ,2,2,2,1),(-2.094395102393,0.,2.094395102393,4.188790204786,
6.28318530718,8.377580409573),.UNSPECIFIED.) CURVE() 
GEOMETRIC_REPRESENTATION_ITEM() RATIONAL_B_SPLINE_CURVE((1.,0.5,1.,0.5,
1.,0.5,1.)) REPRESENTATION_ITEM('') );
#1163 = CARTESIAN_POINT('',(30.7,42.5));
#1164 = CARTESIAN_POINT('',(30.7,39.555513627133));
#1165 = CARTESIAN_POINT('',(28.15,41.027756813566));
#1166 = CARTESIAN_POINT('',(25.6,42.5));
#1167 = CARTESIAN_POINT('',(28.15,43.972243186434));
#1168 = CARTESIAN_POINT('',(30.7,45.444486372867));
#1169 = CARTESIAN_POINT('',(30.7,42.5));
#1170 = ( GEOMETRIC_REPRESENTATION_CONTEXT(2) 
PARAMETRIC_REPRESENTATION_CONTEXT() REPRESENTATION_CONTEXT('2D SPACE',''
  ) );
#1171 = PCURVE('',#602,#1172);
#1172 = DEFINITIONAL_REPRESENTATION('',(#1173),#1177);
#1173 = LINE('',#1174,#1175);
#1174 = CARTESIAN_POINT('',(-6.28318530718,-5.1));
#1175 = VECTOR('',#1176,1.);
#1176 = DIRECTION('',(1.,-0.));
#1177 = ( GEOMETRIC_REPRESENTATION_CONTEXT(2) 
PARAMETRIC_REPRESENTATION_CONTEXT() REPRESENTATION_CONTEXT('2D SPACE',''
  ) );
#1178 = ORIENTED_EDGE('',*,*,#1179,.T.);
#1179 = EDGE_CURVE('',#1152,#1180,#1182,.T.);
#1180 = VERTEX_POINT('',#1181);
#1181 = CARTESIAN_POINT('',(30.695803275458,42.380621396616,5.));
#1182 = SURFACE_CURVE('',#1183,(#1188,#1199),.PCURVE_S1.);
#1183 = CIRCLE('',#1184,1.7);
#1184 = AXIS2_PLACEMENT_3D('',#1185,#1186,#1187);
#1185 = CARTESIAN_POINT('',(29.,42.5,5.));
#1186 = DIRECTION('',(0.,0.,-1.));
#1187 = DIRECTION('',(1.,0.,0.));
#1188 = PCURVE('',#100,#1189);
#1189 = DEFINITIONAL_REPRESENTATION('',(#1190),#1198);
#1190 = ( BOUNDED_CURVE() B_SPLINE_CURVE(2,(#1191,#1192,#1193,#1194,
#1195,#1196,#1197),.UNSPECIFIED.,.T.,.F.) B_SPLINE_CURVE_WITH_KNOTS((1,2
    ,2,2,2,1),(-2.094395102393,0.,2.094395102393,4.188790204786,
6.28318530718,8.377580409573),.UNSPECIFIED.) CURVE() 
GEOMETRIC_REPRESENTATION_ITEM() RATIONAL_B_SPLINE_CURVE((1.,0.5,1.,0.5,
1.,0.5,1.)) REPRESENTATION_ITEM('') );
#1191 = CARTESIAN_POINT('',(30.7,42.5));
#1192 = CARTESIAN_POINT('',(30.7,39.555513627133));
#1193 = CARTESIAN_POINT('',(28.15,41.027756813566));
#1194 = CARTESIAN_POINT('',(25.6,42.5));
#1195 = CARTESIAN_POINT('',(28.15,43.972243186434));
#1196 = CARTESIAN_POINT('',(30.7,45.444486372867));
#1197 = CARTESIAN_POINT('',(30.7,42.5));
#1198 = ( GEOMETRIC_REPRESENTATION_CONTEXT(2) 
PARAMETRIC_REPRESENTATION_CONTEXT() REPRESENTATION_CONTEXT('2D SPACE',''
  ) );
#1199 = PCURVE('',#602,#1200);
#1200 = DEFINITIONAL_REPRESENTATION('',(#1201),#1205);
#1201 = LINE('',#1202,#1203);
#1202 = CARTESIAN_POINT('',(-6.28318530718,-5.1));
#1203 = VECTOR('',#1204,1.);
#1204 = DIRECTION('',(1.,-0.));
#1205 = ( GEOMETRIC_REPRESENTATION_CONTEXT(2) 
PARAMETRIC_REPRESENTATION_CONTEXT() REPRESENTATION_CONTEXT('2D SPACE',''
  ) );
#1206 = ORIENTED_EDGE('',*,*,#1207,.F.);
#1207 = EDGE_CURVE('',#1208,#1180,#1210,.T.);
#1208 = VERTEX_POINT('',#1209);
#1209 = CARTESIAN_POINT('',(31.,40.4,5.));
#1210 = SURFACE_CURVE('',#1211,(#1216,#1223),.PCURVE_S1.);
#1211 = CIRCLE('',#1212,6.6);
#1212 = AXIS2_PLACEMENT_3D('',#1213,#1214,#1215);
#1213 = CARTESIAN_POINT('',(24.4,40.4,5.));
#1214 = DIRECTION('',(0.,0.,1.));
#1215 = DIRECTION('',(1.,0.,-0.));
#1216 = PCURVE('',#100,#1217);
#1217 = DEFINITIONAL_REPRESENTATION('',(#1218),#1222);
#1218 = CIRCLE('',#1219,6.6);
#1219 = AXIS2_PLACEMENT_2D('',#1220,#1221);
#1220 = CARTESIAN_POINT('',(24.4,40.4));
#1221 = DIRECTION('',(1.,0.));
#1222 = ( GEOMETRIC_REPRESENTATION_CONTEXT(2) 
PARAMETRIC_REPRESENTATION_CONTEXT() REPRESENTATION_CONTEXT('2D SPACE',''
  ) );
#1223 = PCURVE('',#1224,#1229);
#1224 = CYLINDRICAL_SURFACE('',#1225,6.6);
#1225 = AXIS2_PLACEMENT_3D('',#1226,#1227,#1228);
#1226 = CARTESIAN_POINT('',(24.4,40.4,3.));
#1227 = DIRECTION('',(0.,0.,1.));
#1228 = DIRECTION('',(1.,0.,-0.));
#1229 = DEFINITIONAL_REPRESENTATION('',(#1230),#1234);
#1230 = LINE('',#1231,#1232);
#1231 = CARTESIAN_POINT('',(0.,2.));
#1232 = VECTOR('',#1233,1.);
#1233 = DIRECTION('',(1.,0.));
#1234 = ( GEOMETRIC_REPRESENTATION_CONTEXT(2) 
PARAMETRIC_REPRESENTATION_CONTEXT() REPRESENTATION_CONTEXT('2D SPACE',''
  ) );
#1235 = ORIENTED_EDGE('',*,*,#1236,.T.);
#1236 = EDGE_CURVE('',#1208,#1237,#1239,.T.);
#1237 = VERTEX_POINT('',#1238);
#1238 = CARTESIAN_POINT('',(31.,-40.4,5.));
#1239 = SURFACE_CURVE('',#1240,(#1244,#1250),.PCURVE_S1.);
#1240 = LINE('',#1241,#1242);
#1241 = CARTESIAN_POINT('',(31.,-23.5,5.));
#1242 = VECTOR('',#1243,1.);
#1243 = DIRECTION('',(0.,-1.,0.));
#1244 = PCURVE('',#100,#1245);
#1245 = DEFINITIONAL_REPRESENTATION('',(#1246),#1249);
#1246 = B_SPLINE_CURVE_WITH_KNOTS('',1,(#1247,#1248),.UNSPECIFIED.,.F.,
  .F.,(2,2),(-63.9,16.9),.PIECEWISE_BEZIER_KNOTS.);
#1247 = CARTESIAN_POINT('',(31.,40.4));
#1248 = CARTESIAN_POINT('',(31.,-40.4));
#1249 = ( GEOMETRIC_REPRESENTATION_CONTEXT(2) 
PARAMETRIC_REPRESENTATION_CONTEXT() REPRESENTATION_CONTEXT('2D SPACE',''
  ) );
#1250 = PCURVE('',#1251,#1256);
#1251 = PLANE('',#1252);
#1252 = AXIS2_PLACEMENT_3D('',#1253,#1254,#1255);
#1253 = CARTESIAN_POINT('',(31.,-47.,3.));
#1254 = DIRECTION('',(-1.,0.,0.));
#1255 = DIRECTION('',(0.,1.,0.));
#1256 = DEFINITIONAL_REPRESENTATION('',(#1257),#1260);
#1257 = B_SPLINE_CURVE_WITH_KNOTS('',1,(#1258,#1259),.UNSPECIFIED.,.F.,
  .F.,(2,2),(-63.9,16.9),.PIECEWISE_BEZIER_KNOTS.);
#1258 = CARTESIAN_POINT('',(87.4,-2.));
#1259 = CARTESIAN_POINT('',(6.6,-2.));
#1260 = ( GEOMETRIC_REPRESENTATION_CONTEXT(2) 
PARAMETRIC_REPRESENTATION_CONTEXT() REPRESENTATION_CONTEXT('2D SPACE',''
  ) );
#1261 = ORIENTED_EDGE('',*,*,#1262,.F.);
#1262 = EDGE_CURVE('',#1263,#1237,#1265,.T.);
#1263 = VERTEX_POINT('',#1264);
#1264 = CARTESIAN_POINT('',(30.695803275458,-42.38062139661,5.));
#1265 = SURFACE_CURVE('',#1266,(#1271,#1278),.PCURVE_S1.);
#1266 = CIRCLE('',#1267,6.6);
#1267 = AXIS2_PLACEMENT_3D('',#1268,#1269,#1270);
#1268 = CARTESIAN_POINT('',(24.4,-40.4,5.));
#1269 = DIRECTION('',(0.,0.,1.));
#1270 = DIRECTION('',(0.,-1.,0.));
#1271 = PCURVE('',#100,#1272);
#1272 = DEFINITIONAL_REPRESENTATION('',(#1273),#1277);
#1273 = CIRCLE('',#1274,6.6);
#1274 = AXIS2_PLACEMENT_2D('',#1275,#1276);
#1275 = CARTESIAN_POINT('',(24.4,-40.4));
#1276 = DIRECTION('',(0.,-1.));
#1277 = ( GEOMETRIC_REPRESENTATION_CONTEXT(2) 
PARAMETRIC_REPRESENTATION_CONTEXT() REPRESENTATION_CONTEXT('2D SPACE',''
  ) );
#1278 = PCURVE('',#1279,#1284);
#1279 = CYLINDRICAL_SURFACE('',#1280,6.6);
#1280 = AXIS2_PLACEMENT_3D('',#1281,#1282,#1283);
#1281 = CARTESIAN_POINT('',(24.4,-40.4,3.));
#1282 = DIRECTION('',(0.,0.,1.));
#1283 = DIRECTION('',(0.,-1.,0.));
#1284 = DEFINITIONAL_REPRESENTATION('',(#1285),#1289);
#1285 = LINE('',#1286,#1287);
#1286 = CARTESIAN_POINT('',(0.,2.));
#1287 = VECTOR('',#1288,1.);
#1288 = DIRECTION('',(1.,0.));
#1289 = ( GEOMETRIC_REPRESENTATION_CONTEXT(2) 
PARAMETRIC_REPRESENTATION_CONTEXT() REPRESENTATION_CONTEXT('2D SPACE',''
  ) );
#1290 = ORIENTED_EDGE('',*,*,#1291,.T.);
#1291 = EDGE_CURVE('',#1263,#1292,#1294,.T.);
#1292 = VERTEX_POINT('',#1293);
#1293 = CARTESIAN_POINT('',(30.7,-42.5,5.));
#1294 = SURFACE_CURVE('',#1295,(#1300,#1311),.PCURVE_S1.);
#1295 = CIRCLE('',#1296,1.7);
#1296 = AXIS2_PLACEMENT_3D('',#1297,#1298,#1299);
#1297 = CARTESIAN_POINT('',(29.,-42.5,5.));
#1298 = DIRECTION('',(0.,0.,-1.));
#1299 = DIRECTION('',(1.,0.,0.));
#1300 = PCURVE('',#100,#1301);
#1301 = DEFINITIONAL_REPRESENTATION('',(#1302),#1310);
#1302 = ( BOUNDED_CURVE() B_SPLINE_CURVE(2,(#1303,#1304,#1305,#1306,
#1307,#1308,#1309),.UNSPECIFIED.,.T.,.F.) B_SPLINE_CURVE_WITH_KNOTS((1,2
    ,2,2,2,1),(-2.094395102393,0.,2.094395102393,4.188790204786,
6.28318530718,8.377580409573),.UNSPECIFIED.) CURVE() 
GEOMETRIC_REPRESENTATION_ITEM() RATIONAL_B_SPLINE_CURVE((1.,0.5,1.,0.5,
1.,0.5,1.)) REPRESENTATION_ITEM('') );
#1303 = CARTESIAN_POINT('',(30.7,-42.5));
#1304 = CARTESIAN_POINT('',(30.7,-45.44448637286));
#1305 = CARTESIAN_POINT('',(28.15,-43.97224318643));
#1306 = CARTESIAN_POINT('',(25.6,-42.5));
#1307 = CARTESIAN_POINT('',(28.15,-41.02775681356));
#1308 = CARTESIAN_POINT('',(30.7,-39.55551362713));
#1309 = CARTESIAN_POINT('',(30.7,-42.5));
#1310 = ( GEOMETRIC_REPRESENTATION_CONTEXT(2) 
PARAMETRIC_REPRESENTATION_CONTEXT() REPRESENTATION_CONTEXT('2D SPACE',''
  ) );
#1311 = PCURVE('',#427,#1312);
#1312 = DEFINITIONAL_REPRESENTATION('',(#1313),#1317);
#1313 = LINE('',#1314,#1315);
#1314 = CARTESIAN_POINT('',(-6.28318530718,-5.1));
#1315 = VECTOR('',#1316,1.);
#1316 = DIRECTION('',(1.,-0.));
#1317 = ( GEOMETRIC_REPRESENTATION_CONTEXT(2) 
PARAMETRIC_REPRESENTATION_CONTEXT() REPRESENTATION_CONTEXT('2D SPACE',''
  ) );
#1318 = ORIENTED_EDGE('',*,*,#1319,.T.);
#1319 = EDGE_CURVE('',#1292,#844,#1320,.T.);
#1320 = SURFACE_CURVE('',#1321,(#1326,#1337),.PCURVE_S1.);
#1321 = CIRCLE('',#1322,1.7);
#1322 = AXIS2_PLACEMENT_3D('',#1323,#1324,#1325);
#1323 = CARTESIAN_POINT('',(29.,-42.5,5.));
#1324 = DIRECTION('',(0.,0.,-1.));
#1325 = DIRECTION('',(1.,0.,0.));
#1326 = PCURVE('',#100,#1327);
#1327 = DEFINITIONAL_REPRESENTATION('',(#1328),#1336);
#1328 = ( BOUNDED_CURVE() B_SPLINE_CURVE(2,(#1329,#1330,#1331,#1332,
#1333,#1334,#1335),.UNSPECIFIED.,.T.,.F.) B_SPLINE_CURVE_WITH_KNOTS((1,2
    ,2,2,2,1),(-2.094395102393,0.,2.094395102393,4.188790204786,
6.28318530718,8.377580409573),.UNSPECIFIED.) CURVE() 
GEOMETRIC_REPRESENTATION_ITEM() RATIONAL_B_SPLINE_CURVE((1.,0.5,1.,0.5,
1.,0.5,1.)) REPRESENTATION_ITEM('') );
#1329 = CARTESIAN_POINT('',(30.7,-42.5));
#1330 = CARTESIAN_POINT('',(30.7,-45.44448637286));
#1331 = CARTESIAN_POINT('',(28.15,-43.97224318643));
#1332 = CARTESIAN_POINT('',(25.6,-42.5));
#1333 = CARTESIAN_POINT('',(28.15,-41.02775681356));
#1334 = CARTESIAN_POINT('',(30.7,-39.55551362713));
#1335 = CARTESIAN_POINT('',(30.7,-42.5));
#1336 = ( GEOMETRIC_REPRESENTATION_CONTEXT(2) 
PARAMETRIC_REPRESENTATION_CONTEXT() REPRESENTATION_CONTEXT('2D SPACE',''
  ) );
#1337 = PCURVE('',#427,#1338);
#1338 = DEFINITIONAL_REPRESENTATION('',(#1339),#1343);
#1339 = LINE('',#1340,#1341);
#1340 = CARTESIAN_POINT('',(-6.28318530718,-5.1));
#1341 = VECTOR('',#1342,1.);
#1342 = DIRECTION('',(1.,-0.));
#1343 = ( GEOMETRIC_REPRESENTATION_CONTEXT(2) 
PARAMETRIC_REPRESENTATION_CONTEXT() REPRESENTATION_CONTEXT('2D SPACE',''
  ) );
#1344 = ADVANCED_FACE('',(#1345),#296,.F.);
#1345 = FACE_BOUND('',#1346,.F.);
#1346 = EDGE_LOOP('',(#1347,#1348,#1369,#1370));
#1347 = ORIENTED_EDGE('',*,*,#280,.F.);
#1348 = ORIENTED_EDGE('',*,*,#1349,.T.);
#1349 = EDGE_CURVE('',#252,#794,#1350,.T.);
#1350 = SURFACE_CURVE('',#1351,(#1355,#1362),.PCURVE_S1.);
#1351 = LINE('',#1352,#1353);
#1352 = CARTESIAN_POINT('',(-32.2,40.6,0.));
#1353 = VECTOR('',#1354,1.);
#1354 = DIRECTION('',(0.,0.,1.));
#1355 = PCURVE('',#296,#1356);
#1356 = DEFINITIONAL_REPRESENTATION('',(#1357),#1361);
#1357 = LINE('',#1358,#1359);
#1358 = CARTESIAN_POINT('',(7.6,0.));
#1359 = VECTOR('',#1360,1.);
#1360 = DIRECTION('',(0.,-1.));
#1361 = ( GEOMETRIC_REPRESENTATION_CONTEXT(2) 
PARAMETRIC_REPRESENTATION_CONTEXT() REPRESENTATION_CONTEXT('2D SPACE',''
  ) );
#1362 = PCURVE('',#268,#1363);
#1363 = DEFINITIONAL_REPRESENTATION('',(#1364),#1368);
#1364 = LINE('',#1365,#1366);
#1365 = CARTESIAN_POINT('',(1.570796326795,0.));
#1366 = VECTOR('',#1367,1.);
#1367 = DIRECTION('',(0.,1.));
#1368 = ( GEOMETRIC_REPRESENTATION_CONTEXT(2) 
PARAMETRIC_REPRESENTATION_CONTEXT() REPRESENTATION_CONTEXT('2D SPACE',''
  ) );
#1369 = ORIENTED_EDGE('',*,*,#817,.T.);
#1370 = ORIENTED_EDGE('',*,*,#618,.F.);
#1371 = ADVANCED_FACE('',(#1372),#182,.F.);
#1372 = FACE_BOUND('',#1373,.F.);
#1373 = EDGE_LOOP('',(#1374,#1375,#1376,#1377));
#1374 = ORIENTED_EDGE('',*,*,#166,.F.);
#1375 = ORIENTED_EDGE('',*,*,#672,.T.);
#1376 = ORIENTED_EDGE('',*,*,#723,.T.);
#1377 = ORIENTED_EDGE('',*,*,#1378,.F.);
#1378 = EDGE_CURVE('',#167,#724,#1379,.T.);
#1379 = SURFACE_CURVE('',#1380,(#1384,#1391),.PCURVE_S1.);
#1380 = LINE('',#1381,#1382);
#1381 = CARTESIAN_POINT('',(32.2,40.6,0.));
#1382 = VECTOR('',#1383,1.);
#1383 = DIRECTION('',(0.,0.,1.));
#1384 = PCURVE('',#182,#1385);
#1385 = DEFINITIONAL_REPRESENTATION('',(#1386),#1390);
#1386 = LINE('',#1387,#1388);
#1387 = CARTESIAN_POINT('',(88.8,0.));
#1388 = VECTOR('',#1389,1.);
#1389 = DIRECTION('',(0.,-1.));
#1390 = ( GEOMETRIC_REPRESENTATION_CONTEXT(2) 
PARAMETRIC_REPRESENTATION_CONTEXT() REPRESENTATION_CONTEXT('2D SPACE',''
  ) );
#1391 = PCURVE('',#211,#1392);
#1392 = DEFINITIONAL_REPRESENTATION('',(#1393),#1397);
#1393 = LINE('',#1394,#1395);
#1394 = CARTESIAN_POINT('',(0.,0.));
#1395 = VECTOR('',#1396,1.);
#1396 = DIRECTION('',(0.,1.));
#1397 = ( GEOMETRIC_REPRESENTATION_CONTEXT(2) 
PARAMETRIC_REPRESENTATION_CONTEXT() REPRESENTATION_CONTEXT('2D SPACE',''
  ) );
#1398 = ADVANCED_FACE('',(#1399),#268,.T.);
#1399 = FACE_BOUND('',#1400,.T.);
#1400 = EDGE_LOOP('',(#1401,#1402,#1403,#1404));
#1401 = ORIENTED_EDGE('',*,*,#251,.T.);
#1402 = ORIENTED_EDGE('',*,*,#1349,.T.);
#1403 = ORIENTED_EDGE('',*,*,#793,.F.);
#1404 = ORIENTED_EDGE('',*,*,#1405,.F.);
#1405 = EDGE_CURVE('',#224,#771,#1406,.T.);
#1406 = SURFACE_CURVE('',#1407,(#1411,#1418),.PCURVE_S1.);
#1407 = LINE('',#1408,#1409);
#1408 = CARTESIAN_POINT('',(-24.6,48.2,0.));
#1409 = VECTOR('',#1410,1.);
#1410 = DIRECTION('',(0.,0.,1.));
#1411 = PCURVE('',#268,#1412);
#1412 = DEFINITIONAL_REPRESENTATION('',(#1413),#1417);
#1413 = LINE('',#1414,#1415);
#1414 = CARTESIAN_POINT('',(0.,0.));
#1415 = VECTOR('',#1416,1.);
#1416 = DIRECTION('',(0.,1.));
#1417 = ( GEOMETRIC_REPRESENTATION_CONTEXT(2) 
PARAMETRIC_REPRESENTATION_CONTEXT() REPRESENTATION_CONTEXT('2D SPACE',''
  ) );
#1418 = PCURVE('',#239,#1419);
#1419 = DEFINITIONAL_REPRESENTATION('',(#1420),#1424);
#1420 = LINE('',#1421,#1422);
#1421 = CARTESIAN_POINT('',(56.8,0.));
#1422 = VECTOR('',#1423,1.);
#1423 = DIRECTION('',(0.,-1.));
#1424 = ( GEOMETRIC_REPRESENTATION_CONTEXT(2) 
PARAMETRIC_REPRESENTATION_CONTEXT() REPRESENTATION_CONTEXT('2D SPACE',''
  ) );
#1425 = ADVANCED_FACE('',(#1426),#211,.T.);
#1426 = FACE_BOUND('',#1427,.T.);
#1427 = EDGE_LOOP('',(#1428,#1429,#1450,#1451));
#1428 = ORIENTED_EDGE('',*,*,#194,.T.);
#1429 = ORIENTED_EDGE('',*,*,#1430,.T.);
#1430 = EDGE_CURVE('',#195,#747,#1431,.T.);
#1431 = SURFACE_CURVE('',#1432,(#1436,#1443),.PCURVE_S1.);
#1432 = LINE('',#1433,#1434);
#1433 = CARTESIAN_POINT('',(24.6,48.2,0.));
#1434 = VECTOR('',#1435,1.);
#1435 = DIRECTION('',(0.,0.,1.));
#1436 = PCURVE('',#211,#1437);
#1437 = DEFINITIONAL_REPRESENTATION('',(#1438),#1442);
#1438 = LINE('',#1439,#1440);
#1439 = CARTESIAN_POINT('',(1.570796326795,0.));
#1440 = VECTOR('',#1441,1.);
#1441 = DIRECTION('',(0.,1.));
#1442 = ( GEOMETRIC_REPRESENTATION_CONTEXT(2) 
PARAMETRIC_REPRESENTATION_CONTEXT() REPRESENTATION_CONTEXT('2D SPACE',''
  ) );
#1443 = PCURVE('',#239,#1444);
#1444 = DEFINITIONAL_REPRESENTATION('',(#1445),#1449);
#1445 = LINE('',#1446,#1447);
#1446 = CARTESIAN_POINT('',(7.6,0.));
#1447 = VECTOR('',#1448,1.);
#1448 = DIRECTION('',(0.,-1.));
#1449 = ( GEOMETRIC_REPRESENTATION_CONTEXT(2) 
PARAMETRIC_REPRESENTATION_CONTEXT() REPRESENTATION_CONTEXT('2D SPACE',''
  ) );
#1450 = ORIENTED_EDGE('',*,*,#746,.F.);
#1451 = ORIENTED_EDGE('',*,*,#1378,.F.);
#1452 = ADVANCED_FACE('',(#1453),#239,.F.);
#1453 = FACE_BOUND('',#1454,.F.);
#1454 = EDGE_LOOP('',(#1455,#1456,#1457,#1458));
#1455 = ORIENTED_EDGE('',*,*,#223,.F.);
#1456 = ORIENTED_EDGE('',*,*,#1430,.T.);
#1457 = ORIENTED_EDGE('',*,*,#770,.T.);
#1458 = ORIENTED_EDGE('',*,*,#1405,.F.);
#1459 = ADVANCED_FACE('',(#1460),#357,.F.);
#1460 = FACE_BOUND('',#1461,.T.);
#1461 = EDGE_LOOP('',(#1462,#1463,#1486,#1519,#1538,#1539,#1560,#1586));
#1462 = ORIENTED_EDGE('',*,*,#336,.T.);
#1463 = ORIENTED_EDGE('',*,*,#1464,.T.);
#1464 = EDGE_CURVE('',#337,#1465,#1467,.T.);
#1465 = VERTEX_POINT('',#1466);
#1466 = CARTESIAN_POINT('',(-27.3,-42.5,3.));
#1467 = SEAM_CURVE('',#1468,(#1472,#1479),.PCURVE_S1.);
#1468 = LINE('',#1469,#1470);
#1469 = CARTESIAN_POINT('',(-27.3,-42.5,-0.1));
#1470 = VECTOR('',#1471,1.);
#1471 = DIRECTION('',(0.,0.,1.));
#1472 = PCURVE('',#357,#1473);
#1473 = DEFINITIONAL_REPRESENTATION('',(#1474),#1478);
#1474 = LINE('',#1475,#1476);
#1475 = CARTESIAN_POINT('',(-6.28318530718,0.));
#1476 = VECTOR('',#1477,1.);
#1477 = DIRECTION('',(-0.,-1.));
#1478 = ( GEOMETRIC_REPRESENTATION_CONTEXT(2) 
PARAMETRIC_REPRESENTATION_CONTEXT() REPRESENTATION_CONTEXT('2D SPACE',''
  ) );
#1479 = PCURVE('',#357,#1480);
#1480 = DEFINITIONAL_REPRESENTATION('',(#1481),#1485);
#1481 = LINE('',#1482,#1483);
#1482 = CARTESIAN_POINT('',(-0.,0.));
#1483 = VECTOR('',#1484,1.);
#1484 = DIRECTION('',(-0.,-1.));
#1485 = ( GEOMETRIC_REPRESENTATION_CONTEXT(2) 
PARAMETRIC_REPRESENTATION_CONTEXT() REPRESENTATION_CONTEXT('2D SPACE',''
  ) );
#1486 = ORIENTED_EDGE('',*,*,#1487,.F.);
#1487 = EDGE_CURVE('',#1488,#1465,#1490,.T.);
#1488 = VERTEX_POINT('',#1489);
#1489 = CARTESIAN_POINT('',(-30.69580327545,-42.38062139661,3.));
#1490 = SURFACE_CURVE('',#1491,(#1496,#1503),.PCURVE_S1.);
#1491 = CIRCLE('',#1492,1.7);
#1492 = AXIS2_PLACEMENT_3D('',#1493,#1494,#1495);
#1493 = CARTESIAN_POINT('',(-29.,-42.5,3.));
#1494 = DIRECTION('',(0.,0.,-1.));
#1495 = DIRECTION('',(1.,0.,0.));
#1496 = PCURVE('',#357,#1497);
#1497 = DEFINITIONAL_REPRESENTATION('',(#1498),#1502);
#1498 = LINE('',#1499,#1500);
#1499 = CARTESIAN_POINT('',(-6.28318530718,-3.1));
#1500 = VECTOR('',#1501,1.);
#1501 = DIRECTION('',(1.,-0.));
#1502 = ( GEOMETRIC_REPRESENTATION_CONTEXT(2) 
PARAMETRIC_REPRESENTATION_CONTEXT() REPRESENTATION_CONTEXT('2D SPACE',''
  ) );
#1503 = PCURVE('',#1504,#1509);
#1504 = PLANE('',#1505);
#1505 = AXIS2_PLACEMENT_3D('',#1506,#1507,#1508);
#1506 = CARTESIAN_POINT('',(0.,0.,3.));
#1507 = DIRECTION('',(0.,0.,1.));
#1508 = DIRECTION('',(1.,0.,-0.));
#1509 = DEFINITIONAL_REPRESENTATION('',(#1510),#1518);
#1510 = ( BOUNDED_CURVE() B_SPLINE_CURVE(2,(#1511,#1512,#1513,#1514,
#1515,#1516,#1517),.UNSPECIFIED.,.T.,.F.) B_SPLINE_CURVE_WITH_KNOTS((1,2
    ,2,2,2,1),(-2.094395102393,0.,2.094395102393,4.188790204786,
6.28318530718,8.377580409573),.UNSPECIFIED.) CURVE() 
GEOMETRIC_REPRESENTATION_ITEM() RATIONAL_B_SPLINE_CURVE((1.,0.5,1.,0.5,
1.,0.5,1.)) REPRESENTATION_ITEM('') );
#1511 = CARTESIAN_POINT('',(-27.3,-42.5));
#1512 = CARTESIAN_POINT('',(-27.3,-45.44448637286));
#1513 = CARTESIAN_POINT('',(-29.85,-43.97224318643));
#1514 = CARTESIAN_POINT('',(-32.4,-42.5));
#1515 = CARTESIAN_POINT('',(-29.85,-41.02775681356));
#1516 = CARTESIAN_POINT('',(-27.3,-39.55551362713));
#1517 = CARTESIAN_POINT('',(-27.3,-42.5));
#1518 = ( GEOMETRIC_REPRESENTATION_CONTEXT(2) 
PARAMETRIC_REPRESENTATION_CONTEXT() REPRESENTATION_CONTEXT('2D SPACE',''
  ) );
#1519 = ORIENTED_EDGE('',*,*,#1520,.T.);
#1520 = EDGE_CURVE('',#1488,#928,#1521,.T.);
#1521 = SURFACE_CURVE('',#1522,(#1526,#1532),.PCURVE_S1.);
#1522 = LINE('',#1523,#1524);
#1523 = CARTESIAN_POINT('',(-30.69580327545,-42.38062139661,3.));
#1524 = VECTOR('',#1525,1.);
#1525 = DIRECTION('',(0.,0.,1.));
#1526 = PCURVE('',#357,#1527);
#1527 = DEFINITIONAL_REPRESENTATION('',(#1528),#1531);
#1528 = B_SPLINE_CURVE_WITH_KNOTS('',1,(#1529,#1530),.UNSPECIFIED.,.F.,
  .F.,(2,2),(-5.999999999062E-07,2.0000006),.PIECEWISE_BEZIER_KNOTS.);
#1529 = CARTESIAN_POINT('',(-3.07131210323,-3.0999994));
#1530 = CARTESIAN_POINT('',(-3.07131210323,-5.1000006));
#1531 = ( GEOMETRIC_REPRESENTATION_CONTEXT(2) 
PARAMETRIC_REPRESENTATION_CONTEXT() REPRESENTATION_CONTEXT('2D SPACE',''
  ) );
#1532 = PCURVE('',#972,#1533);
#1533 = DEFINITIONAL_REPRESENTATION('',(#1534),#1537);
#1534 = B_SPLINE_CURVE_WITH_KNOTS('',1,(#1535,#1536),.UNSPECIFIED.,.F.,
  .F.,(2,2),(-5.999999999062E-07,2.0000006),.PIECEWISE_BEZIER_KNOTS.);
#1535 = CARTESIAN_POINT('',(-1.266004974179,-5.999999999062E-07));
#1536 = CARTESIAN_POINT('',(-1.266004974179,2.0000006));
#1537 = ( GEOMETRIC_REPRESENTATION_CONTEXT(2) 
PARAMETRIC_REPRESENTATION_CONTEXT() REPRESENTATION_CONTEXT('2D SPACE',''
  ) );
#1538 = ORIENTED_EDGE('',*,*,#927,.F.);
#1539 = ORIENTED_EDGE('',*,*,#1540,.F.);
#1540 = EDGE_CURVE('',#1541,#899,#1543,.T.);
#1541 = VERTEX_POINT('',#1542);
#1542 = CARTESIAN_POINT('',(-30.0206613315,-43.85950375004,3.));
#1543 = SURFACE_CURVE('',#1544,(#1548,#1554),.PCURVE_S1.);
#1544 = LINE('',#1545,#1546);
#1545 = CARTESIAN_POINT('',(-30.0206613315,-43.85950375004,3.));
#1546 = VECTOR('',#1547,1.);
#1547 = DIRECTION('',(0.,0.,1.));
#1548 = PCURVE('',#357,#1549);
#1549 = DEFINITIONAL_REPRESENTATION('',(#1550),#1553);
#1550 = B_SPLINE_CURVE_WITH_KNOTS('',1,(#1551,#1552),.UNSPECIFIED.,.F.,
  .F.,(2,2),(-5.999999999062E-07,2.0000006),.PIECEWISE_BEZIER_KNOTS.);
#1551 = CARTESIAN_POINT('',(-4.068401509703,-3.0999994));
#1552 = CARTESIAN_POINT('',(-4.068401509703,-5.1000006));
#1553 = ( GEOMETRIC_REPRESENTATION_CONTEXT(2) 
PARAMETRIC_REPRESENTATION_CONTEXT() REPRESENTATION_CONTEXT('2D SPACE',''
  ) );
#1554 = PCURVE('',#915,#1555);
#1555 = DEFINITIONAL_REPRESENTATION('',(#1556),#1559);
#1556 = B_SPLINE_CURVE_WITH_KNOTS('',1,(#1557,#1558),.UNSPECIFIED.,.F.,
  .F.,(2,2),(-5.999999999062E-07,2.0000006),.PIECEWISE_BEZIER_KNOTS.);
#1557 = CARTESIAN_POINT('',(-1.019059373657,-5.999999999062E-07));
#1558 = CARTESIAN_POINT('',(-1.019059373657,2.0000006));
#1559 = ( GEOMETRIC_REPRESENTATION_CONTEXT(2) 
PARAMETRIC_REPRESENTATION_CONTEXT() REPRESENTATION_CONTEXT('2D SPACE',''
  ) );
#1560 = ORIENTED_EDGE('',*,*,#1561,.F.);
#1561 = EDGE_CURVE('',#1465,#1541,#1562,.T.);
#1562 = SURFACE_CURVE('',#1563,(#1568,#1575),.PCURVE_S1.);
#1563 = CIRCLE('',#1564,1.7);
#1564 = AXIS2_PLACEMENT_3D('',#1565,#1566,#1567);
#1565 = CARTESIAN_POINT('',(-29.,-42.5,3.));
#1566 = DIRECTION('',(0.,0.,-1.));
#1567 = DIRECTION('',(1.,0.,0.));
#1568 = PCURVE('',#357,#1569);
#1569 = DEFINITIONAL_REPRESENTATION('',(#1570),#1574);
#1570 = LINE('',#1571,#1572);
#1571 = CARTESIAN_POINT('',(-6.28318530718,-3.1));
#1572 = VECTOR('',#1573,1.);
#1573 = DIRECTION('',(1.,-0.));
#1574 = ( GEOMETRIC_REPRESENTATION_CONTEXT(2) 
PARAMETRIC_REPRESENTATION_CONTEXT() REPRESENTATION_CONTEXT('2D SPACE',''
  ) );
#1575 = PCURVE('',#1504,#1576);
#1576 = DEFINITIONAL_REPRESENTATION('',(#1577),#1585);
#1577 = ( BOUNDED_CURVE() B_SPLINE_CURVE(2,(#1578,#1579,#1580,#1581,
#1582,#1583,#1584),.UNSPECIFIED.,.T.,.F.) B_SPLINE_CURVE_WITH_KNOTS((1,2
    ,2,2,2,1),(-2.094395102393,0.,2.094395102393,4.188790204786,
6.28318530718,8.377580409573),.UNSPECIFIED.) CURVE() 
GEOMETRIC_REPRESENTATION_ITEM() RATIONAL_B_SPLINE_CURVE((1.,0.5,1.,0.5,
1.,0.5,1.)) REPRESENTATION_ITEM('') );
#1578 = CARTESIAN_POINT('',(-27.3,-42.5));
#1579 = CARTESIAN_POINT('',(-27.3,-45.44448637286));
#1580 = CARTESIAN_POINT('',(-29.85,-43.97224318643));
#1581 = CARTESIAN_POINT('',(-32.4,-42.5));
#1582 = CARTESIAN_POINT('',(-29.85,-41.02775681356));
#1583 = CARTESIAN_POINT('',(-27.3,-39.55551362713));
#1584 = CARTESIAN_POINT('',(-27.3,-42.5));
#1585 = ( GEOMETRIC_REPRESENTATION_CONTEXT(2) 
PARAMETRIC_REPRESENTATION_CONTEXT() REPRESENTATION_CONTEXT('2D SPACE',''
  ) );
#1586 = ORIENTED_EDGE('',*,*,#1464,.F.);
#1587 = ADVANCED_FACE('',(#1588),#392,.F.);
#1588 = FACE_BOUND('',#1589,.T.);
#1589 = EDGE_LOOP('',(#1590,#1591,#1614,#1640));
#1590 = ORIENTED_EDGE('',*,*,#371,.T.);
#1591 = ORIENTED_EDGE('',*,*,#1592,.T.);
#1592 = EDGE_CURVE('',#372,#1593,#1595,.T.);
#1593 = VERTEX_POINT('',#1594);
#1594 = CARTESIAN_POINT('',(1.7,-45.,3.));
#1595 = SEAM_CURVE('',#1596,(#1600,#1607),.PCURVE_S1.);
#1596 = LINE('',#1597,#1598);
#1597 = CARTESIAN_POINT('',(1.7,-45.,-0.1));
#1598 = VECTOR('',#1599,1.);
#1599 = DIRECTION('',(0.,0.,1.));
#1600 = PCURVE('',#392,#1601);
#1601 = DEFINITIONAL_REPRESENTATION('',(#1602),#1606);
#1602 = LINE('',#1603,#1604);
#1603 = CARTESIAN_POINT('',(-6.28318530718,0.));
#1604 = VECTOR('',#1605,1.);
#1605 = DIRECTION('',(-0.,-1.));
#1606 = ( GEOMETRIC_REPRESENTATION_CONTEXT(2) 
PARAMETRIC_REPRESENTATION_CONTEXT() REPRESENTATION_CONTEXT('2D SPACE',''
  ) );
#1607 = PCURVE('',#392,#1608);
#1608 = DEFINITIONAL_REPRESENTATION('',(#1609),#1613);
#1609 = LINE('',#1610,#1611);
#1610 = CARTESIAN_POINT('',(-0.,0.));
#1611 = VECTOR('',#1612,1.);
#1612 = DIRECTION('',(-0.,-1.));
#1613 = ( GEOMETRIC_REPRESENTATION_CONTEXT(2) 
PARAMETRIC_REPRESENTATION_CONTEXT() REPRESENTATION_CONTEXT('2D SPACE',''
  ) );
#1614 = ORIENTED_EDGE('',*,*,#1615,.F.);
#1615 = EDGE_CURVE('',#1593,#1593,#1616,.T.);
#1616 = SURFACE_CURVE('',#1617,(#1622,#1629),.PCURVE_S1.);
#1617 = CIRCLE('',#1618,1.7);
#1618 = AXIS2_PLACEMENT_3D('',#1619,#1620,#1621);
#1619 = CARTESIAN_POINT('',(0.,-45.,3.));
#1620 = DIRECTION('',(0.,0.,-1.));
#1621 = DIRECTION('',(1.,0.,0.));
#1622 = PCURVE('',#392,#1623);
#1623 = DEFINITIONAL_REPRESENTATION('',(#1624),#1628);
#1624 = LINE('',#1625,#1626);
#1625 = CARTESIAN_POINT('',(-6.28318530718,-3.1));
#1626 = VECTOR('',#1627,1.);
#1627 = DIRECTION('',(1.,-0.));
#1628 = ( GEOMETRIC_REPRESENTATION_CONTEXT(2) 
PARAMETRIC_REPRESENTATION_CONTEXT() REPRESENTATION_CONTEXT('2D SPACE',''
  ) );
#1629 = PCURVE('',#1504,#1630);
#1630 = DEFINITIONAL_REPRESENTATION('',(#1631),#1639);
#1631 = ( BOUNDED_CURVE() B_SPLINE_CURVE(2,(#1632,#1633,#1634,#1635,
#1636,#1637,#1638),.UNSPECIFIED.,.T.,.F.) B_SPLINE_CURVE_WITH_KNOTS((1,2
    ,2,2,2,1),(-2.094395102393,0.,2.094395102393,4.188790204786,
6.28318530718,8.377580409573),.UNSPECIFIED.) CURVE() 
GEOMETRIC_REPRESENTATION_ITEM() RATIONAL_B_SPLINE_CURVE((1.,0.5,1.,0.5,
1.,0.5,1.)) REPRESENTATION_ITEM('') );
#1632 = CARTESIAN_POINT('',(1.7,-45.));
#1633 = CARTESIAN_POINT('',(1.7,-47.94448637286));
#1634 = CARTESIAN_POINT('',(-0.85,-46.47224318643));
#1635 = CARTESIAN_POINT('',(-3.4,-45.));
#1636 = CARTESIAN_POINT('',(-0.85,-43.52775681356));
#1637 = CARTESIAN_POINT('',(1.7,-42.05551362713));
#1638 = CARTESIAN_POINT('',(1.7,-45.));
#1639 = ( GEOMETRIC_REPRESENTATION_CONTEXT(2) 
PARAMETRIC_REPRESENTATION_CONTEXT() REPRESENTATION_CONTEXT('2D SPACE',''
  ) );
#1640 = ORIENTED_EDGE('',*,*,#1592,.F.);
#1641 = ADVANCED_FACE('',(#1642),#427,.F.);
#1642 = FACE_BOUND('',#1643,.T.);
#1643 = EDGE_LOOP('',(#1644,#1645,#1666,#1667,#1688,#1716,#1735,#1736));
#1644 = ORIENTED_EDGE('',*,*,#406,.T.);
#1645 = ORIENTED_EDGE('',*,*,#1646,.T.);
#1646 = EDGE_CURVE('',#407,#1292,#1647,.T.);
#1647 = SEAM_CURVE('',#1648,(#1652,#1659),.PCURVE_S1.);
#1648 = LINE('',#1649,#1650);
#1649 = CARTESIAN_POINT('',(30.7,-42.5,-0.1));
#1650 = VECTOR('',#1651,1.);
#1651 = DIRECTION('',(0.,0.,1.));
#1652 = PCURVE('',#427,#1653);
#1653 = DEFINITIONAL_REPRESENTATION('',(#1654),#1658);
#1654 = LINE('',#1655,#1656);
#1655 = CARTESIAN_POINT('',(-6.28318530718,0.));
#1656 = VECTOR('',#1657,1.);
#1657 = DIRECTION('',(-0.,-1.));
#1658 = ( GEOMETRIC_REPRESENTATION_CONTEXT(2) 
PARAMETRIC_REPRESENTATION_CONTEXT() REPRESENTATION_CONTEXT('2D SPACE',''
  ) );
#1659 = PCURVE('',#427,#1660);
#1660 = DEFINITIONAL_REPRESENTATION('',(#1661),#1665);
#1661 = LINE('',#1662,#1663);
#1662 = CARTESIAN_POINT('',(-0.,0.));
#1663 = VECTOR('',#1664,1.);
#1664 = DIRECTION('',(-0.,-1.));
#1665 = ( GEOMETRIC_REPRESENTATION_CONTEXT(2) 
PARAMETRIC_REPRESENTATION_CONTEXT() REPRESENTATION_CONTEXT('2D SPACE',''
  ) );
#1666 = ORIENTED_EDGE('',*,*,#1291,.F.);
#1667 = ORIENTED_EDGE('',*,*,#1668,.F.);
#1668 = EDGE_CURVE('',#1669,#1263,#1671,.T.);
#1669 = VERTEX_POINT('',#1670);
#1670 = CARTESIAN_POINT('',(30.695803275458,-42.38062139661,3.));
#1671 = SURFACE_CURVE('',#1672,(#1676,#1682),.PCURVE_S1.);
#1672 = LINE('',#1673,#1674);
#1673 = CARTESIAN_POINT('',(30.695803275458,-42.38062139661,3.));
#1674 = VECTOR('',#1675,1.);
#1675 = DIRECTION('',(0.,0.,1.));
#1676 = PCURVE('',#427,#1677);
#1677 = DEFINITIONAL_REPRESENTATION('',(#1678),#1681);
#1678 = B_SPLINE_CURVE_WITH_KNOTS('',1,(#1679,#1680),.UNSPECIFIED.,.F.,
  .F.,(2,2),(-5.999999999062E-07,2.0000006),.PIECEWISE_BEZIER_KNOTS.);
#1679 = CARTESIAN_POINT('',(-7.028055035948E-02,-3.0999994));
#1680 = CARTESIAN_POINT('',(-7.028055035948E-02,-5.1000006));
#1681 = ( GEOMETRIC_REPRESENTATION_CONTEXT(2) 
PARAMETRIC_REPRESENTATION_CONTEXT() REPRESENTATION_CONTEXT('2D SPACE',''
  ) );
#1682 = PCURVE('',#1279,#1683);
#1683 = DEFINITIONAL_REPRESENTATION('',(#1684),#1687);
#1684 = B_SPLINE_CURVE_WITH_KNOTS('',1,(#1685,#1686),.UNSPECIFIED.,.F.,
  .F.,(2,2),(-5.999999999062E-07,2.0000006),.PIECEWISE_BEZIER_KNOTS.);
#1685 = CARTESIAN_POINT('',(1.266004974179,-5.999999999062E-07));
#1686 = CARTESIAN_POINT('',(1.266004974179,2.0000006));
#1687 = ( GEOMETRIC_REPRESENTATION_CONTEXT(2) 
PARAMETRIC_REPRESENTATION_CONTEXT() REPRESENTATION_CONTEXT('2D SPACE',''
  ) );
#1688 = ORIENTED_EDGE('',*,*,#1689,.F.);
#1689 = EDGE_CURVE('',#1690,#1669,#1692,.T.);
#1690 = VERTEX_POINT('',#1691);
#1691 = CARTESIAN_POINT('',(30.020661331503,-43.85950375004,3.));
#1692 = SURFACE_CURVE('',#1693,(#1698,#1705),.PCURVE_S1.);
#1693 = CIRCLE('',#1694,1.7);
#1694 = AXIS2_PLACEMENT_3D('',#1695,#1696,#1697);
#1695 = CARTESIAN_POINT('',(29.,-42.5,3.));
#1696 = DIRECTION('',(0.,0.,-1.));
#1697 = DIRECTION('',(1.,0.,0.));
#1698 = PCURVE('',#427,#1699);
#1699 = DEFINITIONAL_REPRESENTATION('',(#1700),#1704);
#1700 = LINE('',#1701,#1702);
#1701 = CARTESIAN_POINT('',(-6.28318530718,-3.1));
#1702 = VECTOR('',#1703,1.);
#1703 = DIRECTION('',(1.,-0.));
#1704 = ( GEOMETRIC_REPRESENTATION_CONTEXT(2) 
PARAMETRIC_REPRESENTATION_CONTEXT() REPRESENTATION_CONTEXT('2D SPACE',''
  ) );
#1705 = PCURVE('',#1504,#1706);
#1706 = DEFINITIONAL_REPRESENTATION('',(#1707),#1715);
#1707 = ( BOUNDED_CURVE() B_SPLINE_CURVE(2,(#1708,#1709,#1710,#1711,
#1712,#1713,#1714),.UNSPECIFIED.,.T.,.F.) B_SPLINE_CURVE_WITH_KNOTS((1,2
    ,2,2,2,1),(-2.094395102393,0.,2.094395102393,4.188790204786,
6.28318530718,8.377580409573),.UNSPECIFIED.) CURVE() 
GEOMETRIC_REPRESENTATION_ITEM() RATIONAL_B_SPLINE_CURVE((1.,0.5,1.,0.5,
1.,0.5,1.)) REPRESENTATION_ITEM('') );
#1708 = CARTESIAN_POINT('',(30.7,-42.5));
#1709 = CARTESIAN_POINT('',(30.7,-45.44448637286));
#1710 = CARTESIAN_POINT('',(28.15,-43.97224318643));
#1711 = CARTESIAN_POINT('',(25.6,-42.5));
#1712 = CARTESIAN_POINT('',(28.15,-41.02775681356));
#1713 = CARTESIAN_POINT('',(30.7,-39.55551362713));
#1714 = CARTESIAN_POINT('',(30.7,-42.5));
#1715 = ( GEOMETRIC_REPRESENTATION_CONTEXT(2) 
PARAMETRIC_REPRESENTATION_CONTEXT() REPRESENTATION_CONTEXT('2D SPACE',''
  ) );
#1716 = ORIENTED_EDGE('',*,*,#1717,.T.);
#1717 = EDGE_CURVE('',#1690,#844,#1718,.T.);
#1718 = SURFACE_CURVE('',#1719,(#1723,#1729),.PCURVE_S1.);
#1719 = LINE('',#1720,#1721);
#1720 = CARTESIAN_POINT('',(30.020661331503,-43.85950375004,3.));
#1721 = VECTOR('',#1722,1.);
#1722 = DIRECTION('',(0.,0.,1.));
#1723 = PCURVE('',#427,#1724);
#1724 = DEFINITIONAL_REPRESENTATION('',(#1725),#1728);
#1725 = B_SPLINE_CURVE_WITH_KNOTS('',1,(#1726,#1727),.UNSPECIFIED.,.F.,
  .F.,(2,2),(-5.999999999062E-07,2.0000006),.PIECEWISE_BEZIER_KNOTS.);
#1726 = CARTESIAN_POINT('',(-5.356376451067,-3.0999994));
#1727 = CARTESIAN_POINT('',(-5.356376451067,-5.1000006));
#1728 = ( GEOMETRIC_REPRESENTATION_CONTEXT(2) 
PARAMETRIC_REPRESENTATION_CONTEXT() REPRESENTATION_CONTEXT('2D SPACE',''
  ) );
#1729 = PCURVE('',#860,#1730);
#1730 = DEFINITIONAL_REPRESENTATION('',(#1731),#1734);
#1731 = B_SPLINE_CURVE_WITH_KNOTS('',1,(#1732,#1733),.UNSPECIFIED.,.F.,
  .F.,(2,2),(-5.999999999062E-07,2.0000006),.PIECEWISE_BEZIER_KNOTS.);
#1732 = CARTESIAN_POINT('',(1.019059373657,-5.999999999062E-07));
#1733 = CARTESIAN_POINT('',(1.019059373657,2.0000006));
#1734 = ( GEOMETRIC_REPRESENTATION_CONTEXT(2) 
PARAMETRIC_REPRESENTATION_CONTEXT() REPRESENTATION_CONTEXT('2D SPACE',''
  ) );
#1735 = ORIENTED_EDGE('',*,*,#1319,.F.);
#1736 = ORIENTED_EDGE('',*,*,#1646,.F.);
#1737 = ADVANCED_FACE('',(#1738),#462,.F.);
#1738 = FACE_BOUND('',#1739,.T.);
#1739 = EDGE_LOOP('',(#1740,#1741,#1764,#1790));
#1740 = ORIENTED_EDGE('',*,*,#441,.T.);
#1741 = ORIENTED_EDGE('',*,*,#1742,.T.);
#1742 = EDGE_CURVE('',#442,#1743,#1745,.T.);
#1743 = VERTEX_POINT('',#1744);
#1744 = CARTESIAN_POINT('',(-27.3,0.,3.));
#1745 = SEAM_CURVE('',#1746,(#1750,#1757),.PCURVE_S1.);
#1746 = LINE('',#1747,#1748);
#1747 = CARTESIAN_POINT('',(-27.3,0.,-0.1));
#1748 = VECTOR('',#1749,1.);
#1749 = DIRECTION('',(0.,0.,1.));
#1750 = PCURVE('',#462,#1751);
#1751 = DEFINITIONAL_REPRESENTATION('',(#1752),#1756);
#1752 = LINE('',#1753,#1754);
#1753 = CARTESIAN_POINT('',(-6.28318530718,0.));
#1754 = VECTOR('',#1755,1.);
#1755 = DIRECTION('',(-0.,-1.));
#1756 = ( GEOMETRIC_REPRESENTATION_CONTEXT(2) 
PARAMETRIC_REPRESENTATION_CONTEXT() REPRESENTATION_CONTEXT('2D SPACE',''
  ) );
#1757 = PCURVE('',#462,#1758);
#1758 = DEFINITIONAL_REPRESENTATION('',(#1759),#1763);
#1759 = LINE('',#1760,#1761);
#1760 = CARTESIAN_POINT('',(-0.,0.));
#1761 = VECTOR('',#1762,1.);
#1762 = DIRECTION('',(-0.,-1.));
#1763 = ( GEOMETRIC_REPRESENTATION_CONTEXT(2) 
PARAMETRIC_REPRESENTATION_CONTEXT() REPRESENTATION_CONTEXT('2D SPACE',''
  ) );
#1764 = ORIENTED_EDGE('',*,*,#1765,.F.);
#1765 = EDGE_CURVE('',#1743,#1743,#1766,.T.);
#1766 = SURFACE_CURVE('',#1767,(#1772,#1779),.PCURVE_S1.);
#1767 = CIRCLE('',#1768,1.7);
#1768 = AXIS2_PLACEMENT_3D('',#1769,#1770,#1771);
#1769 = CARTESIAN_POINT('',(-29.,0.,3.));
#1770 = DIRECTION('',(0.,0.,-1.));
#1771 = DIRECTION('',(1.,0.,0.));
#1772 = PCURVE('',#462,#1773);
#1773 = DEFINITIONAL_REPRESENTATION('',(#1774),#1778);
#1774 = LINE('',#1775,#1776);
#1775 = CARTESIAN_POINT('',(-6.28318530718,-3.1));
#1776 = VECTOR('',#1777,1.);
#1777 = DIRECTION('',(1.,-0.));
#1778 = ( GEOMETRIC_REPRESENTATION_CONTEXT(2) 
PARAMETRIC_REPRESENTATION_CONTEXT() REPRESENTATION_CONTEXT('2D SPACE',''
  ) );
#1779 = PCURVE('',#1504,#1780);
#1780 = DEFINITIONAL_REPRESENTATION('',(#1781),#1789);
#1781 = ( BOUNDED_CURVE() B_SPLINE_CURVE(2,(#1782,#1783,#1784,#1785,
#1786,#1787,#1788),.UNSPECIFIED.,.T.,.F.) B_SPLINE_CURVE_WITH_KNOTS((1,2
    ,2,2,2,1),(-2.094395102393,0.,2.094395102393,4.188790204786,
6.28318530718,8.377580409573),.UNSPECIFIED.) CURVE() 
GEOMETRIC_REPRESENTATION_ITEM() RATIONAL_B_SPLINE_CURVE((1.,0.5,1.,0.5,
1.,0.5,1.)) REPRESENTATION_ITEM('') );
#1782 = CARTESIAN_POINT('',(-27.3,0.));
#1783 = CARTESIAN_POINT('',(-27.3,-2.944486372867));
#1784 = CARTESIAN_POINT('',(-29.85,-1.472243186434));
#1785 = CARTESIAN_POINT('',(-32.4,-4.163799117101E-16));
#1786 = CARTESIAN_POINT('',(-29.85,1.472243186434));
#1787 = CARTESIAN_POINT('',(-27.3,2.944486372867));
#1788 = CARTESIAN_POINT('',(-27.3,0.));
#1789 = ( GEOMETRIC_REPRESENTATION_CONTEXT(2) 
PARAMETRIC_REPRESENTATION_CONTEXT() REPRESENTATION_CONTEXT('2D SPACE',''
  ) );
#1790 = ORIENTED_EDGE('',*,*,#1742,.F.);
#1791 = ADVANCED_FACE('',(#1792),#497,.F.);
#1792 = FACE_BOUND('',#1793,.T.);
#1793 = EDGE_LOOP('',(#1794,#1795,#1818,#1846,#1865,#1866,#1887,#1913));
#1794 = ORIENTED_EDGE('',*,*,#476,.T.);
#1795 = ORIENTED_EDGE('',*,*,#1796,.T.);
#1796 = EDGE_CURVE('',#477,#1797,#1799,.T.);
#1797 = VERTEX_POINT('',#1798);
#1798 = CARTESIAN_POINT('',(-27.3,42.5,3.));
#1799 = SEAM_CURVE('',#1800,(#1804,#1811),.PCURVE_S1.);
#1800 = LINE('',#1801,#1802);
#1801 = CARTESIAN_POINT('',(-27.3,42.5,-0.1));
#1802 = VECTOR('',#1803,1.);
#1803 = DIRECTION('',(0.,0.,1.));
#1804 = PCURVE('',#497,#1805);
#1805 = DEFINITIONAL_REPRESENTATION('',(#1806),#1810);
#1806 = LINE('',#1807,#1808);
#1807 = CARTESIAN_POINT('',(-6.28318530718,0.));
#1808 = VECTOR('',#1809,1.);
#1809 = DIRECTION('',(-0.,-1.));
#1810 = ( GEOMETRIC_REPRESENTATION_CONTEXT(2) 
PARAMETRIC_REPRESENTATION_CONTEXT() REPRESENTATION_CONTEXT('2D SPACE',''
  ) );
#1811 = PCURVE('',#497,#1812);
#1812 = DEFINITIONAL_REPRESENTATION('',(#1813),#1817);
#1813 = LINE('',#1814,#1815);
#1814 = CARTESIAN_POINT('',(-0.,0.));
#1815 = VECTOR('',#1816,1.);
#1816 = DIRECTION('',(-0.,-1.));
#1817 = ( GEOMETRIC_REPRESENTATION_CONTEXT(2) 
PARAMETRIC_REPRESENTATION_CONTEXT() REPRESENTATION_CONTEXT('2D SPACE',''
  ) );
#1818 = ORIENTED_EDGE('',*,*,#1819,.F.);
#1819 = EDGE_CURVE('',#1820,#1797,#1822,.T.);
#1820 = VERTEX_POINT('',#1821);
#1821 = CARTESIAN_POINT('',(-30.0206613315,43.85950375004,3.));
#1822 = SURFACE_CURVE('',#1823,(#1828,#1835),.PCURVE_S1.);
#1823 = CIRCLE('',#1824,1.7);
#1824 = AXIS2_PLACEMENT_3D('',#1825,#1826,#1827);
#1825 = CARTESIAN_POINT('',(-29.,42.5,3.));
#1826 = DIRECTION('',(0.,0.,-1.));
#1827 = DIRECTION('',(1.,0.,0.));
#1828 = PCURVE('',#497,#1829);
#1829 = DEFINITIONAL_REPRESENTATION('',(#1830),#1834);
#1830 = LINE('',#1831,#1832);
#1831 = CARTESIAN_POINT('',(-6.28318530718,-3.1));
#1832 = VECTOR('',#1833,1.);
#1833 = DIRECTION('',(1.,-0.));
#1834 = ( GEOMETRIC_REPRESENTATION_CONTEXT(2) 
PARAMETRIC_REPRESENTATION_CONTEXT() REPRESENTATION_CONTEXT('2D SPACE',''
  ) );
#1835 = PCURVE('',#1504,#1836);
#1836 = DEFINITIONAL_REPRESENTATION('',(#1837),#1845);
#1837 = ( BOUNDED_CURVE() B_SPLINE_CURVE(2,(#1838,#1839,#1840,#1841,
#1842,#1843,#1844),.UNSPECIFIED.,.T.,.F.) B_SPLINE_CURVE_WITH_KNOTS((1,2
    ,2,2,2,1),(-2.094395102393,0.,2.094395102393,4.188790204786,
6.28318530718,8.377580409573),.UNSPECIFIED.) CURVE() 
GEOMETRIC_REPRESENTATION_ITEM() RATIONAL_B_SPLINE_CURVE((1.,0.5,1.,0.5,
1.,0.5,1.)) REPRESENTATION_ITEM('') );
#1838 = CARTESIAN_POINT('',(-27.3,42.5));
#1839 = CARTESIAN_POINT('',(-27.3,39.555513627133));
#1840 = CARTESIAN_POINT('',(-29.85,41.027756813566));
#1841 = CARTESIAN_POINT('',(-32.4,42.5));
#1842 = CARTESIAN_POINT('',(-29.85,43.972243186434));
#1843 = CARTESIAN_POINT('',(-27.3,45.444486372867));
#1844 = CARTESIAN_POINT('',(-27.3,42.5));
#1845 = ( GEOMETRIC_REPRESENTATION_CONTEXT(2) 
PARAMETRIC_REPRESENTATION_CONTEXT() REPRESENTATION_CONTEXT('2D SPACE',''
  ) );
#1846 = ORIENTED_EDGE('',*,*,#1847,.T.);
#1847 = EDGE_CURVE('',#1820,#1040,#1848,.T.);
#1848 = SURFACE_CURVE('',#1849,(#1853,#1859),.PCURVE_S1.);
#1849 = LINE('',#1850,#1851);
#1850 = CARTESIAN_POINT('',(-30.0206613315,43.85950375004,3.));
#1851 = VECTOR('',#1852,1.);
#1852 = DIRECTION('',(0.,0.,1.));
#1853 = PCURVE('',#497,#1854);
#1854 = DEFINITIONAL_REPRESENTATION('',(#1855),#1858);
#1855 = B_SPLINE_CURVE_WITH_KNOTS('',1,(#1856,#1857),.UNSPECIFIED.,.F.,
  .F.,(2,2),(-5.999999999062E-07,2.0000006),.PIECEWISE_BEZIER_KNOTS.);
#1856 = CARTESIAN_POINT('',(-2.214783797477,-3.0999994));
#1857 = CARTESIAN_POINT('',(-2.214783797477,-5.1000006));
#1858 = ( GEOMETRIC_REPRESENTATION_CONTEXT(2) 
PARAMETRIC_REPRESENTATION_CONTEXT() REPRESENTATION_CONTEXT('2D SPACE',''
  ) );
#1859 = PCURVE('',#1084,#1860);
#1860 = DEFINITIONAL_REPRESENTATION('',(#1861),#1864);
#1861 = B_SPLINE_CURVE_WITH_KNOTS('',1,(#1862,#1863),.UNSPECIFIED.,.F.,
  .F.,(2,2),(-5.999999999062E-07,2.0000006),.PIECEWISE_BEZIER_KNOTS.);
#1862 = CARTESIAN_POINT('',(1.019059373657,-5.999999999062E-07));
#1863 = CARTESIAN_POINT('',(1.019059373657,2.0000006));
#1864 = ( GEOMETRIC_REPRESENTATION_CONTEXT(2) 
PARAMETRIC_REPRESENTATION_CONTEXT() REPRESENTATION_CONTEXT('2D SPACE',''
  ) );
#1865 = ORIENTED_EDGE('',*,*,#1039,.F.);
#1866 = ORIENTED_EDGE('',*,*,#1867,.F.);
#1867 = EDGE_CURVE('',#1868,#1011,#1870,.T.);
#1868 = VERTEX_POINT('',#1869);
#1869 = CARTESIAN_POINT('',(-30.69580327545,42.380621396616,3.));
#1870 = SURFACE_CURVE('',#1871,(#1875,#1881),.PCURVE_S1.);
#1871 = LINE('',#1872,#1873);
#1872 = CARTESIAN_POINT('',(-30.69580327545,42.380621396616,3.));
#1873 = VECTOR('',#1874,1.);
#1874 = DIRECTION('',(0.,0.,1.));
#1875 = PCURVE('',#497,#1876);
#1876 = DEFINITIONAL_REPRESENTATION('',(#1877),#1880);
#1877 = B_SPLINE_CURVE_WITH_KNOTS('',1,(#1878,#1879),.UNSPECIFIED.,.F.,
  .F.,(2,2),(-5.999999999062E-07,2.0000006),.PIECEWISE_BEZIER_KNOTS.);
#1878 = CARTESIAN_POINT('',(-3.211873203949,-3.0999994));
#1879 = CARTESIAN_POINT('',(-3.211873203949,-5.1000006));
#1880 = ( GEOMETRIC_REPRESENTATION_CONTEXT(2) 
PARAMETRIC_REPRESENTATION_CONTEXT() REPRESENTATION_CONTEXT('2D SPACE',''
  ) );
#1881 = PCURVE('',#1027,#1882);
#1882 = DEFINITIONAL_REPRESENTATION('',(#1883),#1886);
#1883 = B_SPLINE_CURVE_WITH_KNOTS('',1,(#1884,#1885),.UNSPECIFIED.,.F.,
  .F.,(2,2),(-5.999999999062E-07,2.0000006),.PIECEWISE_BEZIER_KNOTS.);
#1884 = CARTESIAN_POINT('',(1.266004974179,-5.999999999062E-07));
#1885 = CARTESIAN_POINT('',(1.266004974179,2.0000006));
#1886 = ( GEOMETRIC_REPRESENTATION_CONTEXT(2) 
PARAMETRIC_REPRESENTATION_CONTEXT() REPRESENTATION_CONTEXT('2D SPACE',''
  ) );
#1887 = ORIENTED_EDGE('',*,*,#1888,.F.);
#1888 = EDGE_CURVE('',#1797,#1868,#1889,.T.);
#1889 = SURFACE_CURVE('',#1890,(#1895,#1902),.PCURVE_S1.);
#1890 = CIRCLE('',#1891,1.7);
#1891 = AXIS2_PLACEMENT_3D('',#1892,#1893,#1894);
#1892 = CARTESIAN_POINT('',(-29.,42.5,3.));
#1893 = DIRECTION('',(0.,0.,-1.));
#1894 = DIRECTION('',(1.,0.,0.));
#1895 = PCURVE('',#497,#1896);
#1896 = DEFINITIONAL_REPRESENTATION('',(#1897),#1901);
#1897 = LINE('',#1898,#1899);
#1898 = CARTESIAN_POINT('',(-6.28318530718,-3.1));
#1899 = VECTOR('',#1900,1.);
#1900 = DIRECTION('',(1.,-0.));
#1901 = ( GEOMETRIC_REPRESENTATION_CONTEXT(2) 
PARAMETRIC_REPRESENTATION_CONTEXT() REPRESENTATION_CONTEXT('2D SPACE',''
  ) );
#1902 = PCURVE('',#1504,#1903);
#1903 = DEFINITIONAL_REPRESENTATION('',(#1904),#1912);
#1904 = ( BOUNDED_CURVE() B_SPLINE_CURVE(2,(#1905,#1906,#1907,#1908,
#1909,#1910,#1911),.UNSPECIFIED.,.T.,.F.) B_SPLINE_CURVE_WITH_KNOTS((1,2
    ,2,2,2,1),(-2.094395102393,0.,2.094395102393,4.188790204786,
6.28318530718,8.377580409573),.UNSPECIFIED.) CURVE() 
GEOMETRIC_REPRESENTATION_ITEM() RATIONAL_B_SPLINE_CURVE((1.,0.5,1.,0.5,
1.,0.5,1.)) REPRESENTATION_ITEM('') );
#1905 = CARTESIAN_POINT('',(-27.3,42.5));
#1906 = CARTESIAN_POINT('',(-27.3,39.555513627133));
#1907 = CARTESIAN_POINT('',(-29.85,41.027756813566));
#1908 = CARTESIAN_POINT('',(-32.4,42.5));
#1909 = CARTESIAN_POINT('',(-29.85,43.972243186434));
#1910 = CARTESIAN_POINT('',(-27.3,45.444486372867));
#1911 = CARTESIAN_POINT('',(-27.3,42.5));
#1912 = ( GEOMETRIC_REPRESENTATION_CONTEXT(2) 
PARAMETRIC_REPRESENTATION_CONTEXT() REPRESENTATION_CONTEXT('2D SPACE',''
  ) );
#1913 = ORIENTED_EDGE('',*,*,#1796,.F.);
#1914 = ADVANCED_FACE('',(#1915),#532,.F.);
#1915 = FACE_BOUND('',#1916,.T.);
#1916 = EDGE_LOOP('',(#1917,#1918,#1941,#1967));
#1917 = ORIENTED_EDGE('',*,*,#511,.T.);
#1918 = ORIENTED_EDGE('',*,*,#1919,.T.);
#1919 = EDGE_CURVE('',#512,#1920,#1922,.T.);
#1920 = VERTEX_POINT('',#1921);
#1921 = CARTESIAN_POINT('',(30.7,0.,3.));
#1922 = SEAM_CURVE('',#1923,(#1927,#1934),.PCURVE_S1.);
#1923 = LINE('',#1924,#1925);
#1924 = CARTESIAN_POINT('',(30.7,0.,-0.1));
#1925 = VECTOR('',#1926,1.);
#1926 = DIRECTION('',(0.,0.,1.));
#1927 = PCURVE('',#532,#1928);
#1928 = DEFINITIONAL_REPRESENTATION('',(#1929),#1933);
#1929 = LINE('',#1930,#1931);
#1930 = CARTESIAN_POINT('',(-6.28318530718,0.));
#1931 = VECTOR('',#1932,1.);
#1932 = DIRECTION('',(-0.,-1.));
#1933 = ( GEOMETRIC_REPRESENTATION_CONTEXT(2) 
PARAMETRIC_REPRESENTATION_CONTEXT() REPRESENTATION_CONTEXT('2D SPACE',''
  ) );
#1934 = PCURVE('',#532,#1935);
#1935 = DEFINITIONAL_REPRESENTATION('',(#1936),#1940);
#1936 = LINE('',#1937,#1938);
#1937 = CARTESIAN_POINT('',(-0.,0.));
#1938 = VECTOR('',#1939,1.);
#1939 = DIRECTION('',(-0.,-1.));
#1940 = ( GEOMETRIC_REPRESENTATION_CONTEXT(2) 
PARAMETRIC_REPRESENTATION_CONTEXT() REPRESENTATION_CONTEXT('2D SPACE',''
  ) );
#1941 = ORIENTED_EDGE('',*,*,#1942,.F.);
#1942 = EDGE_CURVE('',#1920,#1920,#1943,.T.);
#1943 = SURFACE_CURVE('',#1944,(#1949,#1956),.PCURVE_S1.);
#1944 = CIRCLE('',#1945,1.7);
#1945 = AXIS2_PLACEMENT_3D('',#1946,#1947,#1948);
#1946 = CARTESIAN_POINT('',(29.,0.,3.));
#1947 = DIRECTION('',(0.,0.,-1.));
#1948 = DIRECTION('',(1.,0.,0.));
#1949 = PCURVE('',#532,#1950);
#1950 = DEFINITIONAL_REPRESENTATION('',(#1951),#1955);
#1951 = LINE('',#1952,#1953);
#1952 = CARTESIAN_POINT('',(-6.28318530718,-3.1));
#1953 = VECTOR('',#1954,1.);
#1954 = DIRECTION('',(1.,-0.));
#1955 = ( GEOMETRIC_REPRESENTATION_CONTEXT(2) 
PARAMETRIC_REPRESENTATION_CONTEXT() REPRESENTATION_CONTEXT('2D SPACE',''
  ) );
#1956 = PCURVE('',#1504,#1957);
#1957 = DEFINITIONAL_REPRESENTATION('',(#1958),#1966);
#1958 = ( BOUNDED_CURVE() B_SPLINE_CURVE(2,(#1959,#1960,#1961,#1962,
#1963,#1964,#1965),.UNSPECIFIED.,.T.,.F.) B_SPLINE_CURVE_WITH_KNOTS((1,2
    ,2,2,2,1),(-2.094395102393,0.,2.094395102393,4.188790204786,
6.28318530718,8.377580409573),.UNSPECIFIED.) CURVE() 
GEOMETRIC_REPRESENTATION_ITEM() RATIONAL_B_SPLINE_CURVE((1.,0.5,1.,0.5,
1.,0.5,1.)) REPRESENTATION_ITEM('') );
#1959 = CARTESIAN_POINT('',(30.7,0.));
#1960 = CARTESIAN_POINT('',(30.7,-2.944486372867));
#1961 = CARTESIAN_POINT('',(28.15,-1.472243186434));
#1962 = CARTESIAN_POINT('',(25.6,-4.163799117101E-16));
#1963 = CARTESIAN_POINT('',(28.15,1.472243186434));
#1964 = CARTESIAN_POINT('',(30.7,2.944486372867));
#1965 = CARTESIAN_POINT('',(30.7,0.));
#1966 = ( GEOMETRIC_REPRESENTATION_CONTEXT(2) 
PARAMETRIC_REPRESENTATION_CONTEXT() REPRESENTATION_CONTEXT('2D SPACE',''
  ) );
#1967 = ORIENTED_EDGE('',*,*,#1919,.F.);
#1968 = ADVANCED_FACE('',(#1969),#567,.F.);
#1969 = FACE_BOUND('',#1970,.T.);
#1970 = EDGE_LOOP('',(#1971,#1972,#1995,#2021));
#1971 = ORIENTED_EDGE('',*,*,#546,.T.);
#1972 = ORIENTED_EDGE('',*,*,#1973,.T.);
#1973 = EDGE_CURVE('',#547,#1974,#1976,.T.);
#1974 = VERTEX_POINT('',#1975);
#1975 = CARTESIAN_POINT('',(1.7,45.,3.));
#1976 = SEAM_CURVE('',#1977,(#1981,#1988),.PCURVE_S1.);
#1977 = LINE('',#1978,#1979);
#1978 = CARTESIAN_POINT('',(1.7,45.,-0.1));
#1979 = VECTOR('',#1980,1.);
#1980 = DIRECTION('',(0.,0.,1.));
#1981 = PCURVE('',#567,#1982);
#1982 = DEFINITIONAL_REPRESENTATION('',(#1983),#1987);
#1983 = LINE('',#1984,#1985);
#1984 = CARTESIAN_POINT('',(-6.28318530718,0.));
#1985 = VECTOR('',#1986,1.);
#1986 = DIRECTION('',(-0.,-1.));
#1987 = ( GEOMETRIC_REPRESENTATION_CONTEXT(2) 
PARAMETRIC_REPRESENTATION_CONTEXT() REPRESENTATION_CONTEXT('2D SPACE',''
  ) );
#1988 = PCURVE('',#567,#1989);
#1989 = DEFINITIONAL_REPRESENTATION('',(#1990),#1994);
#1990 = LINE('',#1991,#1992);
#1991 = CARTESIAN_POINT('',(-0.,0.));
#1992 = VECTOR('',#1993,1.);
#1993 = DIRECTION('',(-0.,-1.));
#1994 = ( GEOMETRIC_REPRESENTATION_CONTEXT(2) 
PARAMETRIC_REPRESENTATION_CONTEXT() REPRESENTATION_CONTEXT('2D SPACE',''
  ) );
#1995 = ORIENTED_EDGE('',*,*,#1996,.F.);
#1996 = EDGE_CURVE('',#1974,#1974,#1997,.T.);
#1997 = SURFACE_CURVE('',#1998,(#2003,#2010),.PCURVE_S1.);
#1998 = CIRCLE('',#1999,1.7);
#1999 = AXIS2_PLACEMENT_3D('',#2000,#2001,#2002);
#2000 = CARTESIAN_POINT('',(0.,45.,3.));
#2001 = DIRECTION('',(0.,0.,-1.));
#2002 = DIRECTION('',(1.,0.,0.));
#2003 = PCURVE('',#567,#2004);
#2004 = DEFINITIONAL_REPRESENTATION('',(#2005),#2009);
#2005 = LINE('',#2006,#2007);
#2006 = CARTESIAN_POINT('',(-6.28318530718,-3.1));
#2007 = VECTOR('',#2008,1.);
#2008 = DIRECTION('',(1.,-0.));
#2009 = ( GEOMETRIC_REPRESENTATION_CONTEXT(2) 
PARAMETRIC_REPRESENTATION_CONTEXT() REPRESENTATION_CONTEXT('2D SPACE',''
  ) );
#2010 = PCURVE('',#1504,#2011);
#2011 = DEFINITIONAL_REPRESENTATION('',(#2012),#2020);
#2012 = ( BOUNDED_CURVE() B_SPLINE_CURVE(2,(#2013,#2014,#2015,#2016,
#2017,#2018,#2019),.UNSPECIFIED.,.T.,.F.) B_SPLINE_CURVE_WITH_KNOTS((1,2
    ,2,2,2,1),(-2.094395102393,0.,2.094395102393,4.188790204786,
6.28318530718,8.377580409573),.UNSPECIFIED.) CURVE() 
GEOMETRIC_REPRESENTATION_ITEM() RATIONAL_B_SPLINE_CURVE((1.,0.5,1.,0.5,
1.,0.5,1.)) REPRESENTATION_ITEM('') );
#2013 = CARTESIAN_POINT('',(1.7,45.));
#2014 = CARTESIAN_POINT('',(1.7,42.055513627133));
#2015 = CARTESIAN_POINT('',(-0.85,43.527756813566));
#2016 = CARTESIAN_POINT('',(-3.4,45.));
#2017 = CARTESIAN_POINT('',(-0.85,46.472243186434));
#2018 = CARTESIAN_POINT('',(1.7,47.944486372867));
#2019 = CARTESIAN_POINT('',(1.7,45.));
#2020 = ( GEOMETRIC_REPRESENTATION_CONTEXT(2) 
PARAMETRIC_REPRESENTATION_CONTEXT() REPRESENTATION_CONTEXT('2D SPACE',''
  ) );
#2021 = ORIENTED_EDGE('',*,*,#1973,.F.);
#2022 = ADVANCED_FACE('',(#2023),#602,.F.);
#2023 = FACE_BOUND('',#2024,.T.);
#2024 = EDGE_LOOP('',(#2025,#2026,#2047,#2048,#2069,#2097,#2116,#2117));
#2025 = ORIENTED_EDGE('',*,*,#581,.T.);
#2026 = ORIENTED_EDGE('',*,*,#2027,.T.);
#2027 = EDGE_CURVE('',#582,#1152,#2028,.T.);
#2028 = SEAM_CURVE('',#2029,(#2033,#2040),.PCURVE_S1.);
#2029 = LINE('',#2030,#2031);
#2030 = CARTESIAN_POINT('',(30.7,42.5,-0.1));
#2031 = VECTOR('',#2032,1.);
#2032 = DIRECTION('',(0.,0.,1.));
#2033 = PCURVE('',#602,#2034);
#2034 = DEFINITIONAL_REPRESENTATION('',(#2035),#2039);
#2035 = LINE('',#2036,#2037);
#2036 = CARTESIAN_POINT('',(-6.28318530718,0.));
#2037 = VECTOR('',#2038,1.);
#2038 = DIRECTION('',(-0.,-1.));
#2039 = ( GEOMETRIC_REPRESENTATION_CONTEXT(2) 
PARAMETRIC_REPRESENTATION_CONTEXT() REPRESENTATION_CONTEXT('2D SPACE',''
  ) );
#2040 = PCURVE('',#602,#2041);
#2041 = DEFINITIONAL_REPRESENTATION('',(#2042),#2046);
#2042 = LINE('',#2043,#2044);
#2043 = CARTESIAN_POINT('',(-0.,0.));
#2044 = VECTOR('',#2045,1.);
#2045 = DIRECTION('',(-0.,-1.));
#2046 = ( GEOMETRIC_REPRESENTATION_CONTEXT(2) 
PARAMETRIC_REPRESENTATION_CONTEXT() REPRESENTATION_CONTEXT('2D SPACE',''
  ) );
#2047 = ORIENTED_EDGE('',*,*,#1151,.F.);
#2048 = ORIENTED_EDGE('',*,*,#2049,.F.);
#2049 = EDGE_CURVE('',#2050,#1123,#2052,.T.);
#2050 = VERTEX_POINT('',#2051);
#2051 = CARTESIAN_POINT('',(30.020661331503,43.85950375004,3.));
#2052 = SURFACE_CURVE('',#2053,(#2057,#2063),.PCURVE_S1.);
#2053 = LINE('',#2054,#2055);
#2054 = CARTESIAN_POINT('',(30.020661331503,43.85950375004,3.));
#2055 = VECTOR('',#2056,1.);
#2056 = DIRECTION('',(0.,0.,1.));
#2057 = PCURVE('',#602,#2058);
#2058 = DEFINITIONAL_REPRESENTATION('',(#2059),#2062);
#2059 = B_SPLINE_CURVE_WITH_KNOTS('',1,(#2060,#2061),.UNSPECIFIED.,.F.,
  .F.,(2,2),(-5.999999999062E-07,2.0000006),.PIECEWISE_BEZIER_KNOTS.);
#2060 = CARTESIAN_POINT('',(-0.926808856113,-3.0999994));
#2061 = CARTESIAN_POINT('',(-0.926808856113,-5.1000006));
#2062 = ( GEOMETRIC_REPRESENTATION_CONTEXT(2) 
PARAMETRIC_REPRESENTATION_CONTEXT() REPRESENTATION_CONTEXT('2D SPACE',''
  ) );
#2063 = PCURVE('',#1139,#2064);
#2064 = DEFINITIONAL_REPRESENTATION('',(#2065),#2068);
#2065 = B_SPLINE_CURVE_WITH_KNOTS('',1,(#2066,#2067),.UNSPECIFIED.,.F.,
  .F.,(2,2),(-5.999999999062E-07,2.0000006),.PIECEWISE_BEZIER_KNOTS.);
#2066 = CARTESIAN_POINT('',(0.551736953138,-5.999999999062E-07));
#2067 = CARTESIAN_POINT('',(0.551736953138,2.0000006));
#2068 = ( GEOMETRIC_REPRESENTATION_CONTEXT(2) 
PARAMETRIC_REPRESENTATION_CONTEXT() REPRESENTATION_CONTEXT('2D SPACE',''
  ) );
#2069 = ORIENTED_EDGE('',*,*,#2070,.F.);
#2070 = EDGE_CURVE('',#2071,#2050,#2073,.T.);
#2071 = VERTEX_POINT('',#2072);
#2072 = CARTESIAN_POINT('',(30.695803275458,42.380621396616,3.));
#2073 = SURFACE_CURVE('',#2074,(#2079,#2086),.PCURVE_S1.);
#2074 = CIRCLE('',#2075,1.7);
#2075 = AXIS2_PLACEMENT_3D('',#2076,#2077,#2078);
#2076 = CARTESIAN_POINT('',(29.,42.5,3.));
#2077 = DIRECTION('',(0.,0.,-1.));
#2078 = DIRECTION('',(1.,0.,0.));
#2079 = PCURVE('',#602,#2080);
#2080 = DEFINITIONAL_REPRESENTATION('',(#2081),#2085);
#2081 = LINE('',#2082,#2083);
#2082 = CARTESIAN_POINT('',(-6.28318530718,-3.1));
#2083 = VECTOR('',#2084,1.);
#2084 = DIRECTION('',(1.,-0.));
#2085 = ( GEOMETRIC_REPRESENTATION_CONTEXT(2) 
PARAMETRIC_REPRESENTATION_CONTEXT() REPRESENTATION_CONTEXT('2D SPACE',''
  ) );
#2086 = PCURVE('',#1504,#2087);
#2087 = DEFINITIONAL_REPRESENTATION('',(#2088),#2096);
#2088 = ( BOUNDED_CURVE() B_SPLINE_CURVE(2,(#2089,#2090,#2091,#2092,
#2093,#2094,#2095),.UNSPECIFIED.,.T.,.F.) B_SPLINE_CURVE_WITH_KNOTS((1,2
    ,2,2,2,1),(-2.094395102393,0.,2.094395102393,4.188790204786,
6.28318530718,8.377580409573),.UNSPECIFIED.) CURVE() 
GEOMETRIC_REPRESENTATION_ITEM() RATIONAL_B_SPLINE_CURVE((1.,0.5,1.,0.5,
1.,0.5,1.)) REPRESENTATION_ITEM('') );
#2089 = CARTESIAN_POINT('',(30.7,42.5));
#2090 = CARTESIAN_POINT('',(30.7,39.555513627133));
#2091 = CARTESIAN_POINT('',(28.15,41.027756813566));
#2092 = CARTESIAN_POINT('',(25.6,42.5));
#2093 = CARTESIAN_POINT('',(28.15,43.972243186434));
#2094 = CARTESIAN_POINT('',(30.7,45.444486372867));
#2095 = CARTESIAN_POINT('',(30.7,42.5));
#2096 = ( GEOMETRIC_REPRESENTATION_CONTEXT(2) 
PARAMETRIC_REPRESENTATION_CONTEXT() REPRESENTATION_CONTEXT('2D SPACE',''
  ) );
#2097 = ORIENTED_EDGE('',*,*,#2098,.T.);
#2098 = EDGE_CURVE('',#2071,#1180,#2099,.T.);
#2099 = SURFACE_CURVE('',#2100,(#2104,#2110),.PCURVE_S1.);
#2100 = LINE('',#2101,#2102);
#2101 = CARTESIAN_POINT('',(30.695803275458,42.380621396616,3.));
#2102 = VECTOR('',#2103,1.);
#2103 = DIRECTION('',(0.,0.,1.));
#2104 = PCURVE('',#602,#2105);
#2105 = DEFINITIONAL_REPRESENTATION('',(#2106),#2109);
#2106 = B_SPLINE_CURVE_WITH_KNOTS('',1,(#2107,#2108),.UNSPECIFIED.,.F.,
  .F.,(2,2),(-5.999999999062E-07,2.0000006),.PIECEWISE_BEZIER_KNOTS.);
#2107 = CARTESIAN_POINT('',(-6.21290475682,-3.0999994));
#2108 = CARTESIAN_POINT('',(-6.21290475682,-5.1000006));
#2109 = ( GEOMETRIC_REPRESENTATION_CONTEXT(2) 
PARAMETRIC_REPRESENTATION_CONTEXT() REPRESENTATION_CONTEXT('2D SPACE',''
  ) );
#2110 = PCURVE('',#1224,#2111);
#2111 = DEFINITIONAL_REPRESENTATION('',(#2112),#2115);
#2112 = B_SPLINE_CURVE_WITH_KNOTS('',1,(#2113,#2114),.UNSPECIFIED.,.F.,
  .F.,(2,2),(-5.999999999062E-07,2.0000006),.PIECEWISE_BEZIER_KNOTS.);
#2113 = CARTESIAN_POINT('',(0.304791352616,-5.999999999062E-07));
#2114 = CARTESIAN_POINT('',(0.304791352616,2.0000006));
#2115 = ( GEOMETRIC_REPRESENTATION_CONTEXT(2) 
PARAMETRIC_REPRESENTATION_CONTEXT() REPRESENTATION_CONTEXT('2D SPACE',''
  ) );
#2116 = ORIENTED_EDGE('',*,*,#1179,.F.);
#2117 = ORIENTED_EDGE('',*,*,#2027,.F.);
#2118 = ADVANCED_FACE('',(#2119),#860,.F.);
#2119 = FACE_BOUND('',#2120,.F.);
#2120 = EDGE_LOOP('',(#2121,#2144,#2166,#2167));
#2121 = ORIENTED_EDGE('',*,*,#2122,.F.);
#2122 = EDGE_CURVE('',#2123,#842,#2125,.T.);
#2123 = VERTEX_POINT('',#2124);
#2124 = CARTESIAN_POINT('',(24.4,-47.,3.));
#2125 = SURFACE_CURVE('',#2126,(#2130,#2137),.PCURVE_S1.);
#2126 = LINE('',#2127,#2128);
#2127 = CARTESIAN_POINT('',(24.4,-47.,3.));
#2128 = VECTOR('',#2129,1.);
#2129 = DIRECTION('',(0.,0.,1.));
#2130 = PCURVE('',#860,#2131);
#2131 = DEFINITIONAL_REPRESENTATION('',(#2132),#2136);
#2132 = LINE('',#2133,#2134);
#2133 = CARTESIAN_POINT('',(0.,0.));
#2134 = VECTOR('',#2135,1.);
#2135 = DIRECTION('',(0.,1.));
#2136 = ( GEOMETRIC_REPRESENTATION_CONTEXT(2) 
PARAMETRIC_REPRESENTATION_CONTEXT() REPRESENTATION_CONTEXT('2D SPACE',''
  ) );
#2137 = PCURVE('',#887,#2138);
#2138 = DEFINITIONAL_REPRESENTATION('',(#2139),#2143);
#2139 = LINE('',#2140,#2141);
#2140 = CARTESIAN_POINT('',(55.4,0.));
#2141 = VECTOR('',#2142,1.);
#2142 = DIRECTION('',(0.,-1.));
#2143 = ( GEOMETRIC_REPRESENTATION_CONTEXT(2) 
PARAMETRIC_REPRESENTATION_CONTEXT() REPRESENTATION_CONTEXT('2D SPACE',''
  ) );
#2144 = ORIENTED_EDGE('',*,*,#2145,.T.);
#2145 = EDGE_CURVE('',#2123,#1690,#2146,.T.);
#2146 = SURFACE_CURVE('',#2147,(#2152,#2159),.PCURVE_S1.);
#2147 = CIRCLE('',#2148,6.6);
#2148 = AXIS2_PLACEMENT_3D('',#2149,#2150,#2151);
#2149 = CARTESIAN_POINT('',(24.4,-40.4,3.));
#2150 = DIRECTION('',(0.,0.,1.));
#2151 = DIRECTION('',(0.,-1.,0.));
#2152 = PCURVE('',#860,#2153);
#2153 = DEFINITIONAL_REPRESENTATION('',(#2154),#2158);
#2154 = LINE('',#2155,#2156);
#2155 = CARTESIAN_POINT('',(0.,0.));
#2156 = VECTOR('',#2157,1.);
#2157 = DIRECTION('',(1.,0.));
#2158 = ( GEOMETRIC_REPRESENTATION_CONTEXT(2) 
PARAMETRIC_REPRESENTATION_CONTEXT() REPRESENTATION_CONTEXT('2D SPACE',''
  ) );
#2159 = PCURVE('',#1504,#2160);
#2160 = DEFINITIONAL_REPRESENTATION('',(#2161),#2165);
#2161 = CIRCLE('',#2162,6.6);
#2162 = AXIS2_PLACEMENT_2D('',#2163,#2164);
#2163 = CARTESIAN_POINT('',(24.4,-40.4));
#2164 = DIRECTION('',(0.,-1.));
#2165 = ( GEOMETRIC_REPRESENTATION_CONTEXT(2) 
PARAMETRIC_REPRESENTATION_CONTEXT() REPRESENTATION_CONTEXT('2D SPACE',''
  ) );
#2166 = ORIENTED_EDGE('',*,*,#1717,.T.);
#2167 = ORIENTED_EDGE('',*,*,#841,.F.);
#2168 = ADVANCED_FACE('',(#2169),#1279,.F.);
#2169 = FACE_BOUND('',#2170,.F.);
#2170 = EDGE_LOOP('',(#2171,#2172,#2196,#2217));
#2171 = ORIENTED_EDGE('',*,*,#1668,.F.);
#2172 = ORIENTED_EDGE('',*,*,#2173,.T.);
#2173 = EDGE_CURVE('',#1669,#2174,#2176,.T.);
#2174 = VERTEX_POINT('',#2175);
#2175 = CARTESIAN_POINT('',(31.,-40.4,3.));
#2176 = SURFACE_CURVE('',#2177,(#2182,#2189),.PCURVE_S1.);
#2177 = CIRCLE('',#2178,6.6);
#2178 = AXIS2_PLACEMENT_3D('',#2179,#2180,#2181);
#2179 = CARTESIAN_POINT('',(24.4,-40.4,3.));
#2180 = DIRECTION('',(0.,0.,1.));
#2181 = DIRECTION('',(0.,-1.,0.));
#2182 = PCURVE('',#1279,#2183);
#2183 = DEFINITIONAL_REPRESENTATION('',(#2184),#2188);
#2184 = LINE('',#2185,#2186);
#2185 = CARTESIAN_POINT('',(0.,0.));
#2186 = VECTOR('',#2187,1.);
#2187 = DIRECTION('',(1.,0.));
#2188 = ( GEOMETRIC_REPRESENTATION_CONTEXT(2) 
PARAMETRIC_REPRESENTATION_CONTEXT() REPRESENTATION_CONTEXT('2D SPACE',''
  ) );
#2189 = PCURVE('',#1504,#2190);
#2190 = DEFINITIONAL_REPRESENTATION('',(#2191),#2195);
#2191 = CIRCLE('',#2192,6.6);
#2192 = AXIS2_PLACEMENT_2D('',#2193,#2194);
#2193 = CARTESIAN_POINT('',(24.4,-40.4));
#2194 = DIRECTION('',(0.,-1.));
#2195 = ( GEOMETRIC_REPRESENTATION_CONTEXT(2) 
PARAMETRIC_REPRESENTATION_CONTEXT() REPRESENTATION_CONTEXT('2D SPACE',''
  ) );
#2196 = ORIENTED_EDGE('',*,*,#2197,.T.);
#2197 = EDGE_CURVE('',#2174,#1237,#2198,.T.);
#2198 = SURFACE_CURVE('',#2199,(#2203,#2210),.PCURVE_S1.);
#2199 = LINE('',#2200,#2201);
#2200 = CARTESIAN_POINT('',(31.,-40.4,3.));
#2201 = VECTOR('',#2202,1.);
#2202 = DIRECTION('',(0.,0.,1.));
#2203 = PCURVE('',#1279,#2204);
#2204 = DEFINITIONAL_REPRESENTATION('',(#2205),#2209);
#2205 = LINE('',#2206,#2207);
#2206 = CARTESIAN_POINT('',(1.570796326795,0.));
#2207 = VECTOR('',#2208,1.);
#2208 = DIRECTION('',(0.,1.));
#2209 = ( GEOMETRIC_REPRESENTATION_CONTEXT(2) 
PARAMETRIC_REPRESENTATION_CONTEXT() REPRESENTATION_CONTEXT('2D SPACE',''
  ) );
#2210 = PCURVE('',#1251,#2211);
#2211 = DEFINITIONAL_REPRESENTATION('',(#2212),#2216);
#2212 = LINE('',#2213,#2214);
#2213 = CARTESIAN_POINT('',(6.6,0.));
#2214 = VECTOR('',#2215,1.);
#2215 = DIRECTION('',(0.,-1.));
#2216 = ( GEOMETRIC_REPRESENTATION_CONTEXT(2) 
PARAMETRIC_REPRESENTATION_CONTEXT() REPRESENTATION_CONTEXT('2D SPACE',''
  ) );
#2217 = ORIENTED_EDGE('',*,*,#1262,.F.);
#2218 = ADVANCED_FACE('',(#2219),#1251,.T.);
#2219 = FACE_BOUND('',#2220,.T.);
#2220 = EDGE_LOOP('',(#2221,#2244,#2245,#2246));
#2221 = ORIENTED_EDGE('',*,*,#2222,.F.);
#2222 = EDGE_CURVE('',#2174,#2223,#2225,.T.);
#2223 = VERTEX_POINT('',#2224);
#2224 = CARTESIAN_POINT('',(31.,40.4,3.));
#2225 = SURFACE_CURVE('',#2226,(#2230,#2237),.PCURVE_S1.);
#2226 = LINE('',#2227,#2228);
#2227 = CARTESIAN_POINT('',(31.,-47.,3.));
#2228 = VECTOR('',#2229,1.);
#2229 = DIRECTION('',(0.,1.,0.));
#2230 = PCURVE('',#1251,#2231);
#2231 = DEFINITIONAL_REPRESENTATION('',(#2232),#2236);
#2232 = LINE('',#2233,#2234);
#2233 = CARTESIAN_POINT('',(0.,0.));
#2234 = VECTOR('',#2235,1.);
#2235 = DIRECTION('',(1.,0.));
#2236 = ( GEOMETRIC_REPRESENTATION_CONTEXT(2) 
PARAMETRIC_REPRESENTATION_CONTEXT() REPRESENTATION_CONTEXT('2D SPACE',''
  ) );
#2237 = PCURVE('',#1504,#2238);
#2238 = DEFINITIONAL_REPRESENTATION('',(#2239),#2243);
#2239 = LINE('',#2240,#2241);
#2240 = CARTESIAN_POINT('',(31.,-47.));
#2241 = VECTOR('',#2242,1.);
#2242 = DIRECTION('',(0.,1.));
#2243 = ( GEOMETRIC_REPRESENTATION_CONTEXT(2) 
PARAMETRIC_REPRESENTATION_CONTEXT() REPRESENTATION_CONTEXT('2D SPACE',''
  ) );
#2244 = ORIENTED_EDGE('',*,*,#2197,.T.);
#2245 = ORIENTED_EDGE('',*,*,#1236,.F.);
#2246 = ORIENTED_EDGE('',*,*,#2247,.F.);
#2247 = EDGE_CURVE('',#2223,#1208,#2248,.T.);
#2248 = SURFACE_CURVE('',#2249,(#2253,#2260),.PCURVE_S1.);
#2249 = LINE('',#2250,#2251);
#2250 = CARTESIAN_POINT('',(31.,40.4,3.));
#2251 = VECTOR('',#2252,1.);
#2252 = DIRECTION('',(0.,0.,1.));
#2253 = PCURVE('',#1251,#2254);
#2254 = DEFINITIONAL_REPRESENTATION('',(#2255),#2259);
#2255 = LINE('',#2256,#2257);
#2256 = CARTESIAN_POINT('',(87.4,0.));
#2257 = VECTOR('',#2258,1.);
#2258 = DIRECTION('',(0.,-1.));
#2259 = ( GEOMETRIC_REPRESENTATION_CONTEXT(2) 
PARAMETRIC_REPRESENTATION_CONTEXT() REPRESENTATION_CONTEXT('2D SPACE',''
  ) );
#2260 = PCURVE('',#1224,#2261);
#2261 = DEFINITIONAL_REPRESENTATION('',(#2262),#2266);
#2262 = LINE('',#2263,#2264);
#2263 = CARTESIAN_POINT('',(0.,0.));
#2264 = VECTOR('',#2265,1.);
#2265 = DIRECTION('',(0.,1.));
#2266 = ( GEOMETRIC_REPRESENTATION_CONTEXT(2) 
PARAMETRIC_REPRESENTATION_CONTEXT() REPRESENTATION_CONTEXT('2D SPACE',''
  ) );
#2267 = ADVANCED_FACE('',(#2268),#1224,.F.);
#2268 = FACE_BOUND('',#2269,.F.);
#2269 = EDGE_LOOP('',(#2270,#2271,#2293,#2294));
#2270 = ORIENTED_EDGE('',*,*,#2247,.F.);
#2271 = ORIENTED_EDGE('',*,*,#2272,.T.);
#2272 = EDGE_CURVE('',#2223,#2071,#2273,.T.);
#2273 = SURFACE_CURVE('',#2274,(#2279,#2286),.PCURVE_S1.);
#2274 = CIRCLE('',#2275,6.6);
#2275 = AXIS2_PLACEMENT_3D('',#2276,#2277,#2278);
#2276 = CARTESIAN_POINT('',(24.4,40.4,3.));
#2277 = DIRECTION('',(0.,0.,1.));
#2278 = DIRECTION('',(0.,-1.,0.));
#2279 = PCURVE('',#1224,#2280);
#2280 = DEFINITIONAL_REPRESENTATION('',(#2281),#2285);
#2281 = LINE('',#2282,#2283);
#2282 = CARTESIAN_POINT('',(-1.570796326795,0.));
#2283 = VECTOR('',#2284,1.);
#2284 = DIRECTION('',(1.,0.));
#2285 = ( GEOMETRIC_REPRESENTATION_CONTEXT(2) 
PARAMETRIC_REPRESENTATION_CONTEXT() REPRESENTATION_CONTEXT('2D SPACE',''
  ) );
#2286 = PCURVE('',#1504,#2287);
#2287 = DEFINITIONAL_REPRESENTATION('',(#2288),#2292);
#2288 = CIRCLE('',#2289,6.6);
#2289 = AXIS2_PLACEMENT_2D('',#2290,#2291);
#2290 = CARTESIAN_POINT('',(24.4,40.4));
#2291 = DIRECTION('',(0.,-1.));
#2292 = ( GEOMETRIC_REPRESENTATION_CONTEXT(2) 
PARAMETRIC_REPRESENTATION_CONTEXT() REPRESENTATION_CONTEXT('2D SPACE',''
  ) );
#2293 = ORIENTED_EDGE('',*,*,#2098,.T.);
#2294 = ORIENTED_EDGE('',*,*,#1207,.F.);
#2295 = ADVANCED_FACE('',(#2296),#1139,.F.);
#2296 = FACE_BOUND('',#2297,.F.);
#2297 = EDGE_LOOP('',(#2298,#2299,#2323,#2344));
#2298 = ORIENTED_EDGE('',*,*,#2049,.F.);
#2299 = ORIENTED_EDGE('',*,*,#2300,.T.);
#2300 = EDGE_CURVE('',#2050,#2301,#2303,.T.);
#2301 = VERTEX_POINT('',#2302);
#2302 = CARTESIAN_POINT('',(24.4,47.,3.));
#2303 = SURFACE_CURVE('',#2304,(#2309,#2316),.PCURVE_S1.);
#2304 = CIRCLE('',#2305,6.6);
#2305 = AXIS2_PLACEMENT_3D('',#2306,#2307,#2308);
#2306 = CARTESIAN_POINT('',(24.4,40.4,3.));
#2307 = DIRECTION('',(0.,0.,1.));
#2308 = DIRECTION('',(0.,-1.,0.));
#2309 = PCURVE('',#1139,#2310);
#2310 = DEFINITIONAL_REPRESENTATION('',(#2311),#2315);
#2311 = LINE('',#2312,#2313);
#2312 = CARTESIAN_POINT('',(-1.570796326795,0.));
#2313 = VECTOR('',#2314,1.);
#2314 = DIRECTION('',(1.,0.));
#2315 = ( GEOMETRIC_REPRESENTATION_CONTEXT(2) 
PARAMETRIC_REPRESENTATION_CONTEXT() REPRESENTATION_CONTEXT('2D SPACE',''
  ) );
#2316 = PCURVE('',#1504,#2317);
#2317 = DEFINITIONAL_REPRESENTATION('',(#2318),#2322);
#2318 = CIRCLE('',#2319,6.6);
#2319 = AXIS2_PLACEMENT_2D('',#2320,#2321);
#2320 = CARTESIAN_POINT('',(24.4,40.4));
#2321 = DIRECTION('',(0.,-1.));
#2322 = ( GEOMETRIC_REPRESENTATION_CONTEXT(2) 
PARAMETRIC_REPRESENTATION_CONTEXT() REPRESENTATION_CONTEXT('2D SPACE',''
  ) );
#2323 = ORIENTED_EDGE('',*,*,#2324,.T.);
#2324 = EDGE_CURVE('',#2301,#1097,#2325,.T.);
#2325 = SURFACE_CURVE('',#2326,(#2330,#2337),.PCURVE_S1.);
#2326 = LINE('',#2327,#2328);
#2327 = CARTESIAN_POINT('',(24.4,47.,3.));
#2328 = VECTOR('',#2329,1.);
#2329 = DIRECTION('',(0.,0.,1.));
#2330 = PCURVE('',#1139,#2331);
#2331 = DEFINITIONAL_REPRESENTATION('',(#2332),#2336);
#2332 = LINE('',#2333,#2334);
#2333 = CARTESIAN_POINT('',(1.570796326795,0.));
#2334 = VECTOR('',#2335,1.);
#2335 = DIRECTION('',(0.,1.));
#2336 = ( GEOMETRIC_REPRESENTATION_CONTEXT(2) 
PARAMETRIC_REPRESENTATION_CONTEXT() REPRESENTATION_CONTEXT('2D SPACE',''
  ) );
#2337 = PCURVE('',#1111,#2338);
#2338 = DEFINITIONAL_REPRESENTATION('',(#2339),#2343);
#2339 = LINE('',#2340,#2341);
#2340 = CARTESIAN_POINT('',(6.6,0.));
#2341 = VECTOR('',#2342,1.);
#2342 = DIRECTION('',(0.,-1.));
#2343 = ( GEOMETRIC_REPRESENTATION_CONTEXT(2) 
PARAMETRIC_REPRESENTATION_CONTEXT() REPRESENTATION_CONTEXT('2D SPACE',''
  ) );
#2344 = ORIENTED_EDGE('',*,*,#1122,.F.);
#2345 = ADVANCED_FACE('',(#2346),#1111,.T.);
#2346 = FACE_BOUND('',#2347,.T.);
#2347 = EDGE_LOOP('',(#2348,#2371,#2372,#2373));
#2348 = ORIENTED_EDGE('',*,*,#2349,.F.);
#2349 = EDGE_CURVE('',#2301,#2350,#2352,.T.);
#2350 = VERTEX_POINT('',#2351);
#2351 = CARTESIAN_POINT('',(-24.4,47.,3.));
#2352 = SURFACE_CURVE('',#2353,(#2357,#2364),.PCURVE_S1.);
#2353 = LINE('',#2354,#2355);
#2354 = CARTESIAN_POINT('',(31.,47.,3.));
#2355 = VECTOR('',#2356,1.);
#2356 = DIRECTION('',(-1.,0.,0.));
#2357 = PCURVE('',#1111,#2358);
#2358 = DEFINITIONAL_REPRESENTATION('',(#2359),#2363);
#2359 = LINE('',#2360,#2361);
#2360 = CARTESIAN_POINT('',(0.,-0.));
#2361 = VECTOR('',#2362,1.);
#2362 = DIRECTION('',(1.,0.));
#2363 = ( GEOMETRIC_REPRESENTATION_CONTEXT(2) 
PARAMETRIC_REPRESENTATION_CONTEXT() REPRESENTATION_CONTEXT('2D SPACE',''
  ) );
#2364 = PCURVE('',#1504,#2365);
#2365 = DEFINITIONAL_REPRESENTATION('',(#2366),#2370);
#2366 = LINE('',#2367,#2368);
#2367 = CARTESIAN_POINT('',(31.,47.));
#2368 = VECTOR('',#2369,1.);
#2369 = DIRECTION('',(-1.,0.));
#2370 = ( GEOMETRIC_REPRESENTATION_CONTEXT(2) 
PARAMETRIC_REPRESENTATION_CONTEXT() REPRESENTATION_CONTEXT('2D SPACE',''
  ) );
#2371 = ORIENTED_EDGE('',*,*,#2324,.T.);
#2372 = ORIENTED_EDGE('',*,*,#1096,.F.);
#2373 = ORIENTED_EDGE('',*,*,#2374,.F.);
#2374 = EDGE_CURVE('',#2350,#1068,#2375,.T.);
#2375 = SURFACE_CURVE('',#2376,(#2380,#2387),.PCURVE_S1.);
#2376 = LINE('',#2377,#2378);
#2377 = CARTESIAN_POINT('',(-24.4,47.,3.));
#2378 = VECTOR('',#2379,1.);
#2379 = DIRECTION('',(0.,0.,1.));
#2380 = PCURVE('',#1111,#2381);
#2381 = DEFINITIONAL_REPRESENTATION('',(#2382),#2386);
#2382 = LINE('',#2383,#2384);
#2383 = CARTESIAN_POINT('',(55.4,0.));
#2384 = VECTOR('',#2385,1.);
#2385 = DIRECTION('',(0.,-1.));
#2386 = ( GEOMETRIC_REPRESENTATION_CONTEXT(2) 
PARAMETRIC_REPRESENTATION_CONTEXT() REPRESENTATION_CONTEXT('2D SPACE',''
  ) );
#2387 = PCURVE('',#1084,#2388);
#2388 = DEFINITIONAL_REPRESENTATION('',(#2389),#2393);
#2389 = LINE('',#2390,#2391);
#2390 = CARTESIAN_POINT('',(0.,0.));
#2391 = VECTOR('',#2392,1.);
#2392 = DIRECTION('',(0.,1.));
#2393 = ( GEOMETRIC_REPRESENTATION_CONTEXT(2) 
PARAMETRIC_REPRESENTATION_CONTEXT() REPRESENTATION_CONTEXT('2D SPACE',''
  ) );
#2394 = ADVANCED_FACE('',(#2395),#1084,.F.);
#2395 = FACE_BOUND('',#2396,.F.);
#2396 = EDGE_LOOP('',(#2397,#2398,#2420,#2421));
#2397 = ORIENTED_EDGE('',*,*,#2374,.F.);
#2398 = ORIENTED_EDGE('',*,*,#2399,.T.);
#2399 = EDGE_CURVE('',#2350,#1820,#2400,.T.);
#2400 = SURFACE_CURVE('',#2401,(#2406,#2413),.PCURVE_S1.);
#2401 = CIRCLE('',#2402,6.6);
#2402 = AXIS2_PLACEMENT_3D('',#2403,#2404,#2405);
#2403 = CARTESIAN_POINT('',(-24.4,40.4,3.));
#2404 = DIRECTION('',(0.,0.,1.));
#2405 = DIRECTION('',(0.,-1.,0.));
#2406 = PCURVE('',#1084,#2407);
#2407 = DEFINITIONAL_REPRESENTATION('',(#2408),#2412);
#2408 = LINE('',#2409,#2410);
#2409 = CARTESIAN_POINT('',(-3.14159265359,0.));
#2410 = VECTOR('',#2411,1.);
#2411 = DIRECTION('',(1.,0.));
#2412 = ( GEOMETRIC_REPRESENTATION_CONTEXT(2) 
PARAMETRIC_REPRESENTATION_CONTEXT() REPRESENTATION_CONTEXT('2D SPACE',''
  ) );
#2413 = PCURVE('',#1504,#2414);
#2414 = DEFINITIONAL_REPRESENTATION('',(#2415),#2419);
#2415 = CIRCLE('',#2416,6.6);
#2416 = AXIS2_PLACEMENT_2D('',#2417,#2418);
#2417 = CARTESIAN_POINT('',(-24.4,40.4));
#2418 = DIRECTION('',(0.,-1.));
#2419 = ( GEOMETRIC_REPRESENTATION_CONTEXT(2) 
PARAMETRIC_REPRESENTATION_CONTEXT() REPRESENTATION_CONTEXT('2D SPACE',''
  ) );
#2420 = ORIENTED_EDGE('',*,*,#1847,.T.);
#2421 = ORIENTED_EDGE('',*,*,#1067,.F.);
#2422 = ADVANCED_FACE('',(#2423),#1027,.F.);
#2423 = FACE_BOUND('',#2424,.F.);
#2424 = EDGE_LOOP('',(#2425,#2426,#2450,#2471));
#2425 = ORIENTED_EDGE('',*,*,#1867,.F.);
#2426 = ORIENTED_EDGE('',*,*,#2427,.T.);
#2427 = EDGE_CURVE('',#1868,#2428,#2430,.T.);
#2428 = VERTEX_POINT('',#2429);
#2429 = CARTESIAN_POINT('',(-31.,40.4,3.));
#2430 = SURFACE_CURVE('',#2431,(#2436,#2443),.PCURVE_S1.);
#2431 = CIRCLE('',#2432,6.6);
#2432 = AXIS2_PLACEMENT_3D('',#2433,#2434,#2435);
#2433 = CARTESIAN_POINT('',(-24.4,40.4,3.));
#2434 = DIRECTION('',(0.,0.,1.));
#2435 = DIRECTION('',(0.,-1.,0.));
#2436 = PCURVE('',#1027,#2437);
#2437 = DEFINITIONAL_REPRESENTATION('',(#2438),#2442);
#2438 = LINE('',#2439,#2440);
#2439 = CARTESIAN_POINT('',(-3.14159265359,0.));
#2440 = VECTOR('',#2441,1.);
#2441 = DIRECTION('',(1.,0.));
#2442 = ( GEOMETRIC_REPRESENTATION_CONTEXT(2) 
PARAMETRIC_REPRESENTATION_CONTEXT() REPRESENTATION_CONTEXT('2D SPACE',''
  ) );
#2443 = PCURVE('',#1504,#2444);
#2444 = DEFINITIONAL_REPRESENTATION('',(#2445),#2449);
#2445 = CIRCLE('',#2446,6.6);
#2446 = AXIS2_PLACEMENT_2D('',#2447,#2448);
#2447 = CARTESIAN_POINT('',(-24.4,40.4));
#2448 = DIRECTION('',(0.,-1.));
#2449 = ( GEOMETRIC_REPRESENTATION_CONTEXT(2) 
PARAMETRIC_REPRESENTATION_CONTEXT() REPRESENTATION_CONTEXT('2D SPACE',''
  ) );
#2450 = ORIENTED_EDGE('',*,*,#2451,.T.);
#2451 = EDGE_CURVE('',#2428,#985,#2452,.T.);
#2452 = SURFACE_CURVE('',#2453,(#2457,#2464),.PCURVE_S1.);
#2453 = LINE('',#2454,#2455);
#2454 = CARTESIAN_POINT('',(-31.,40.4,3.));
#2455 = VECTOR('',#2456,1.);
#2456 = DIRECTION('',(0.,0.,1.));
#2457 = PCURVE('',#1027,#2458);
#2458 = DEFINITIONAL_REPRESENTATION('',(#2459),#2463);
#2459 = LINE('',#2460,#2461);
#2460 = CARTESIAN_POINT('',(1.570796326795,0.));
#2461 = VECTOR('',#2462,1.);
#2462 = DIRECTION('',(0.,1.));
#2463 = ( GEOMETRIC_REPRESENTATION_CONTEXT(2) 
PARAMETRIC_REPRESENTATION_CONTEXT() REPRESENTATION_CONTEXT('2D SPACE',''
  ) );
#2464 = PCURVE('',#999,#2465);
#2465 = DEFINITIONAL_REPRESENTATION('',(#2466),#2470);
#2466 = LINE('',#2467,#2468);
#2467 = CARTESIAN_POINT('',(6.6,0.));
#2468 = VECTOR('',#2469,1.);
#2469 = DIRECTION('',(0.,-1.));
#2470 = ( GEOMETRIC_REPRESENTATION_CONTEXT(2) 
PARAMETRIC_REPRESENTATION_CONTEXT() REPRESENTATION_CONTEXT('2D SPACE',''
  ) );
#2471 = ORIENTED_EDGE('',*,*,#1010,.F.);
#2472 = ADVANCED_FACE('',(#2473),#999,.T.);
#2473 = FACE_BOUND('',#2474,.T.);
#2474 = EDGE_LOOP('',(#2475,#2498,#2499,#2500));
#2475 = ORIENTED_EDGE('',*,*,#2476,.F.);
#2476 = EDGE_CURVE('',#2428,#2477,#2479,.T.);
#2477 = VERTEX_POINT('',#2478);
#2478 = CARTESIAN_POINT('',(-31.,-40.4,3.));
#2479 = SURFACE_CURVE('',#2480,(#2484,#2491),.PCURVE_S1.);
#2480 = LINE('',#2481,#2482);
#2481 = CARTESIAN_POINT('',(-31.,47.,3.));
#2482 = VECTOR('',#2483,1.);
#2483 = DIRECTION('',(0.,-1.,0.));
#2484 = PCURVE('',#999,#2485);
#2485 = DEFINITIONAL_REPRESENTATION('',(#2486),#2490);
#2486 = LINE('',#2487,#2488);
#2487 = CARTESIAN_POINT('',(0.,0.));
#2488 = VECTOR('',#2489,1.);
#2489 = DIRECTION('',(1.,0.));
#2490 = ( GEOMETRIC_REPRESENTATION_CONTEXT(2) 
PARAMETRIC_REPRESENTATION_CONTEXT() REPRESENTATION_CONTEXT('2D SPACE',''
  ) );
#2491 = PCURVE('',#1504,#2492);
#2492 = DEFINITIONAL_REPRESENTATION('',(#2493),#2497);
#2493 = LINE('',#2494,#2495);
#2494 = CARTESIAN_POINT('',(-31.,47.));
#2495 = VECTOR('',#2496,1.);
#2496 = DIRECTION('',(0.,-1.));
#2497 = ( GEOMETRIC_REPRESENTATION_CONTEXT(2) 
PARAMETRIC_REPRESENTATION_CONTEXT() REPRESENTATION_CONTEXT('2D SPACE',''
  ) );
#2498 = ORIENTED_EDGE('',*,*,#2451,.T.);
#2499 = ORIENTED_EDGE('',*,*,#984,.F.);
#2500 = ORIENTED_EDGE('',*,*,#2501,.F.);
#2501 = EDGE_CURVE('',#2477,#956,#2502,.T.);
#2502 = SURFACE_CURVE('',#2503,(#2507,#2514),.PCURVE_S1.);
#2503 = LINE('',#2504,#2505);
#2504 = CARTESIAN_POINT('',(-31.,-40.4,3.));
#2505 = VECTOR('',#2506,1.);
#2506 = DIRECTION('',(0.,0.,1.));
#2507 = PCURVE('',#999,#2508);
#2508 = DEFINITIONAL_REPRESENTATION('',(#2509),#2513);
#2509 = LINE('',#2510,#2511);
#2510 = CARTESIAN_POINT('',(87.4,0.));
#2511 = VECTOR('',#2512,1.);
#2512 = DIRECTION('',(0.,-1.));
#2513 = ( GEOMETRIC_REPRESENTATION_CONTEXT(2) 
PARAMETRIC_REPRESENTATION_CONTEXT() REPRESENTATION_CONTEXT('2D SPACE',''
  ) );
#2514 = PCURVE('',#972,#2515);
#2515 = DEFINITIONAL_REPRESENTATION('',(#2516),#2520);
#2516 = LINE('',#2517,#2518);
#2517 = CARTESIAN_POINT('',(-1.570796326795,0.));
#2518 = VECTOR('',#2519,1.);
#2519 = DIRECTION('',(-0.,1.));
#2520 = ( GEOMETRIC_REPRESENTATION_CONTEXT(2) 
PARAMETRIC_REPRESENTATION_CONTEXT() REPRESENTATION_CONTEXT('2D SPACE',''
  ) );
#2521 = ADVANCED_FACE('',(#2522),#972,.F.);
#2522 = FACE_BOUND('',#2523,.T.);
#2523 = EDGE_LOOP('',(#2524,#2525,#2551,#2552));
#2524 = ORIENTED_EDGE('',*,*,#1520,.F.);
#2525 = ORIENTED_EDGE('',*,*,#2526,.T.);
#2526 = EDGE_CURVE('',#1488,#2477,#2527,.T.);
#2527 = SURFACE_CURVE('',#2528,(#2533,#2540),.PCURVE_S1.);
#2528 = CIRCLE('',#2529,6.6);
#2529 = AXIS2_PLACEMENT_3D('',#2530,#2531,#2532);
#2530 = CARTESIAN_POINT('',(-24.4,-40.4,3.));
#2531 = DIRECTION('',(-0.,-0.,-1.));
#2532 = DIRECTION('',(0.,-1.,0.));
#2533 = PCURVE('',#972,#2534);
#2534 = DEFINITIONAL_REPRESENTATION('',(#2535),#2539);
#2535 = LINE('',#2536,#2537);
#2536 = CARTESIAN_POINT('',(-0.,0.));
#2537 = VECTOR('',#2538,1.);
#2538 = DIRECTION('',(-1.,0.));
#2539 = ( GEOMETRIC_REPRESENTATION_CONTEXT(2) 
PARAMETRIC_REPRESENTATION_CONTEXT() REPRESENTATION_CONTEXT('2D SPACE',''
  ) );
#2540 = PCURVE('',#1504,#2541);
#2541 = DEFINITIONAL_REPRESENTATION('',(#2542),#2550);
#2542 = ( BOUNDED_CURVE() B_SPLINE_CURVE(2,(#2543,#2544,#2545,#2546,
#2547,#2548,#2549),.UNSPECIFIED.,.T.,.F.) B_SPLINE_CURVE_WITH_KNOTS((1,2
    ,2,2,2,1),(-2.094395102393,0.,2.094395102393,4.188790204786,
6.28318530718,8.377580409573),.UNSPECIFIED.) CURVE() 
GEOMETRIC_REPRESENTATION_ITEM() RATIONAL_B_SPLINE_CURVE((1.,0.5,1.,0.5,
1.,0.5,1.)) REPRESENTATION_ITEM('') );
#2543 = CARTESIAN_POINT('',(-24.4,-47.));
#2544 = CARTESIAN_POINT('',(-35.83153532995,-47.));
#2545 = CARTESIAN_POINT('',(-30.11576766497,-37.1));
#2546 = CARTESIAN_POINT('',(-24.4,-27.2));
#2547 = CARTESIAN_POINT('',(-18.68423233502,-37.1));
#2548 = CARTESIAN_POINT('',(-12.96846467004,-47.));
#2549 = CARTESIAN_POINT('',(-24.4,-47.));
#2550 = ( GEOMETRIC_REPRESENTATION_CONTEXT(2) 
PARAMETRIC_REPRESENTATION_CONTEXT() REPRESENTATION_CONTEXT('2D SPACE',''
  ) );
#2551 = ORIENTED_EDGE('',*,*,#2501,.T.);
#2552 = ORIENTED_EDGE('',*,*,#955,.T.);
#2553 = ADVANCED_FACE('',(#2554),#915,.F.);
#2554 = FACE_BOUND('',#2555,.T.);
#2555 = EDGE_LOOP('',(#2556,#2579,#2605,#2606));
#2556 = ORIENTED_EDGE('',*,*,#2557,.F.);
#2557 = EDGE_CURVE('',#2558,#873,#2560,.T.);
#2558 = VERTEX_POINT('',#2559);
#2559 = CARTESIAN_POINT('',(-24.4,-47.,3.));
#2560 = SURFACE_CURVE('',#2561,(#2565,#2572),.PCURVE_S1.);
#2561 = LINE('',#2562,#2563);
#2562 = CARTESIAN_POINT('',(-24.4,-47.,3.));
#2563 = VECTOR('',#2564,1.);
#2564 = DIRECTION('',(0.,0.,1.));
#2565 = PCURVE('',#915,#2566);
#2566 = DEFINITIONAL_REPRESENTATION('',(#2567),#2571);
#2567 = LINE('',#2568,#2569);
#2568 = CARTESIAN_POINT('',(-0.,0.));
#2569 = VECTOR('',#2570,1.);
#2570 = DIRECTION('',(-0.,1.));
#2571 = ( GEOMETRIC_REPRESENTATION_CONTEXT(2) 
PARAMETRIC_REPRESENTATION_CONTEXT() REPRESENTATION_CONTEXT('2D SPACE',''
  ) );
#2572 = PCURVE('',#887,#2573);
#2573 = DEFINITIONAL_REPRESENTATION('',(#2574),#2578);
#2574 = LINE('',#2575,#2576);
#2575 = CARTESIAN_POINT('',(6.6,0.));
#2576 = VECTOR('',#2577,1.);
#2577 = DIRECTION('',(0.,-1.));
#2578 = ( GEOMETRIC_REPRESENTATION_CONTEXT(2) 
PARAMETRIC_REPRESENTATION_CONTEXT() REPRESENTATION_CONTEXT('2D SPACE',''
  ) );
#2579 = ORIENTED_EDGE('',*,*,#2580,.T.);
#2580 = EDGE_CURVE('',#2558,#1541,#2581,.T.);
#2581 = SURFACE_CURVE('',#2582,(#2587,#2594),.PCURVE_S1.);
#2582 = CIRCLE('',#2583,6.6);
#2583 = AXIS2_PLACEMENT_3D('',#2584,#2585,#2586);
#2584 = CARTESIAN_POINT('',(-24.4,-40.4,3.));
#2585 = DIRECTION('',(-0.,-0.,-1.));
#2586 = DIRECTION('',(0.,-1.,0.));
#2587 = PCURVE('',#915,#2588);
#2588 = DEFINITIONAL_REPRESENTATION('',(#2589),#2593);
#2589 = LINE('',#2590,#2591);
#2590 = CARTESIAN_POINT('',(-0.,0.));
#2591 = VECTOR('',#2592,1.);
#2592 = DIRECTION('',(-1.,0.));
#2593 = ( GEOMETRIC_REPRESENTATION_CONTEXT(2) 
PARAMETRIC_REPRESENTATION_CONTEXT() REPRESENTATION_CONTEXT('2D SPACE',''
  ) );
#2594 = PCURVE('',#1504,#2595);
#2595 = DEFINITIONAL_REPRESENTATION('',(#2596),#2604);
#2596 = ( BOUNDED_CURVE() B_SPLINE_CURVE(2,(#2597,#2598,#2599,#2600,
#2601,#2602,#2603),.UNSPECIFIED.,.T.,.F.) B_SPLINE_CURVE_WITH_KNOTS((1,2
    ,2,2,2,1),(-2.094395102393,0.,2.094395102393,4.188790204786,
6.28318530718,8.377580409573),.UNSPECIFIED.) CURVE() 
GEOMETRIC_REPRESENTATION_ITEM() RATIONAL_B_SPLINE_CURVE((1.,0.5,1.,0.5,
1.,0.5,1.)) REPRESENTATION_ITEM('') );
#2597 = CARTESIAN_POINT('',(-24.4,-47.));
#2598 = CARTESIAN_POINT('',(-35.83153532995,-47.));
#2599 = CARTESIAN_POINT('',(-30.11576766497,-37.1));
#2600 = CARTESIAN_POINT('',(-24.4,-27.2));
#2601 = CARTESIAN_POINT('',(-18.68423233502,-37.1));
#2602 = CARTESIAN_POINT('',(-12.96846467004,-47.));
#2603 = CARTESIAN_POINT('',(-24.4,-47.));
#2604 = ( GEOMETRIC_REPRESENTATION_CONTEXT(2) 
PARAMETRIC_REPRESENTATION_CONTEXT() REPRESENTATION_CONTEXT('2D SPACE',''
  ) );
#2605 = ORIENTED_EDGE('',*,*,#1540,.T.);
#2606 = ORIENTED_EDGE('',*,*,#898,.T.);
#2607 = ADVANCED_FACE('',(#2608),#887,.T.);
#2608 = FACE_BOUND('',#2609,.T.);
#2609 = EDGE_LOOP('',(#2610,#2631,#2632,#2633));
#2610 = ORIENTED_EDGE('',*,*,#2611,.F.);
#2611 = EDGE_CURVE('',#2558,#2123,#2612,.T.);
#2612 = SURFACE_CURVE('',#2613,(#2617,#2624),.PCURVE_S1.);
#2613 = LINE('',#2614,#2615);
#2614 = CARTESIAN_POINT('',(-31.,-47.,3.));
#2615 = VECTOR('',#2616,1.);
#2616 = DIRECTION('',(1.,0.,0.));
#2617 = PCURVE('',#887,#2618);
#2618 = DEFINITIONAL_REPRESENTATION('',(#2619),#2623);
#2619 = LINE('',#2620,#2621);
#2620 = CARTESIAN_POINT('',(0.,0.));
#2621 = VECTOR('',#2622,1.);
#2622 = DIRECTION('',(1.,0.));
#2623 = ( GEOMETRIC_REPRESENTATION_CONTEXT(2) 
PARAMETRIC_REPRESENTATION_CONTEXT() REPRESENTATION_CONTEXT('2D SPACE',''
  ) );
#2624 = PCURVE('',#1504,#2625);
#2625 = DEFINITIONAL_REPRESENTATION('',(#2626),#2630);
#2626 = LINE('',#2627,#2628);
#2627 = CARTESIAN_POINT('',(-31.,-47.));
#2628 = VECTOR('',#2629,1.);
#2629 = DIRECTION('',(1.,0.));
#2630 = ( GEOMETRIC_REPRESENTATION_CONTEXT(2) 
PARAMETRIC_REPRESENTATION_CONTEXT() REPRESENTATION_CONTEXT('2D SPACE',''
  ) );
#2631 = ORIENTED_EDGE('',*,*,#2557,.T.);
#2632 = ORIENTED_EDGE('',*,*,#872,.F.);
#2633 = ORIENTED_EDGE('',*,*,#2122,.F.);
#2634 = ADVANCED_FACE('',(#2635,#2655,#2658,#2661,#2883,#2886),#1504,.T.
  );
#2635 = FACE_BOUND('',#2636,.T.);
#2636 = EDGE_LOOP('',(#2637,#2638,#2639,#2640,#2641,#2642,#2643,#2644,
    #2645,#2646,#2647,#2648,#2649,#2650,#2651,#2652,#2653,#2654));
#2637 = ORIENTED_EDGE('',*,*,#2580,.F.);
#2638 = ORIENTED_EDGE('',*,*,#2611,.T.);
#2639 = ORIENTED_EDGE('',*,*,#2145,.T.);
#2640 = ORIENTED_EDGE('',*,*,#1689,.T.);
#2641 = ORIENTED_EDGE('',*,*,#2173,.T.);
#2642 = ORIENTED_EDGE('',*,*,#2222,.T.);
#2643 = ORIENTED_EDGE('',*,*,#2272,.T.);
#2644 = ORIENTED_EDGE('',*,*,#2070,.T.);
#2645 = ORIENTED_EDGE('',*,*,#2300,.T.);
#2646 = ORIENTED_EDGE('',*,*,#2349,.T.);
#2647 = ORIENTED_EDGE('',*,*,#2399,.T.);
#2648 = ORIENTED_EDGE('',*,*,#1819,.T.);
#2649 = ORIENTED_EDGE('',*,*,#1888,.T.);
#2650 = ORIENTED_EDGE('',*,*,#2427,.T.);
#2651 = ORIENTED_EDGE('',*,*,#2476,.T.);
#2652 = ORIENTED_EDGE('',*,*,#2526,.F.);
#2653 = ORIENTED_EDGE('',*,*,#1487,.T.);
#2654 = ORIENTED_EDGE('',*,*,#1561,.T.);
#2655 = FACE_BOUND('',#2656,.T.);
#2656 = EDGE_LOOP('',(#2657));
#2657 = ORIENTED_EDGE('',*,*,#1615,.T.);
#2658 = FACE_BOUND('',#2659,.T.);
#2659 = EDGE_LOOP('',(#2660));
#2660 = ORIENTED_EDGE('',*,*,#1765,.T.);
#2661 = FACE_BOUND('',#2662,.T.);
#2662 = EDGE_LOOP('',(#2663,#2694,#2720,#2749,#2775,#2804,#2830,#2859));
#2663 = ORIENTED_EDGE('',*,*,#2664,.F.);
#2664 = EDGE_CURVE('',#2665,#2667,#2669,.T.);
#2665 = VERTEX_POINT('',#2666);
#2666 = CARTESIAN_POINT('',(24.4,-43.,3.));
#2667 = VERTEX_POINT('',#2668);
#2668 = CARTESIAN_POINT('',(27.,-40.4,3.));
#2669 = SURFACE_CURVE('',#2670,(#2675,#2682),.PCURVE_S1.);
#2670 = CIRCLE('',#2671,2.6);
#2671 = AXIS2_PLACEMENT_3D('',#2672,#2673,#2674);
#2672 = CARTESIAN_POINT('',(24.4,-40.4,3.));
#2673 = DIRECTION('',(0.,0.,1.));
#2674 = DIRECTION('',(0.,-1.,0.));
#2675 = PCURVE('',#1504,#2676);
#2676 = DEFINITIONAL_REPRESENTATION('',(#2677),#2681);
#2677 = CIRCLE('',#2678,2.6);
#2678 = AXIS2_PLACEMENT_2D('',#2679,#2680);
#2679 = CARTESIAN_POINT('',(24.4,-40.4));
#2680 = DIRECTION('',(0.,-1.));
#2681 = ( GEOMETRIC_REPRESENTATION_CONTEXT(2) 
PARAMETRIC_REPRESENTATION_CONTEXT() REPRESENTATION_CONTEXT('2D SPACE',''
  ) );
#2682 = PCURVE('',#2683,#2688);
#2683 = CYLINDRICAL_SURFACE('',#2684,2.6);
#2684 = AXIS2_PLACEMENT_3D('',#2685,#2686,#2687);
#2685 = CARTESIAN_POINT('',(24.4,-40.4,2.5));
#2686 = DIRECTION('',(0.,0.,1.));
#2687 = DIRECTION('',(0.,-1.,0.));
#2688 = DEFINITIONAL_REPRESENTATION('',(#2689),#2693);
#2689 = LINE('',#2690,#2691);
#2690 = CARTESIAN_POINT('',(0.,0.5));
#2691 = VECTOR('',#2692,1.);
#2692 = DIRECTION('',(1.,0.));
#2693 = ( GEOMETRIC_REPRESENTATION_CONTEXT(2) 
PARAMETRIC_REPRESENTATION_CONTEXT() REPRESENTATION_CONTEXT('2D SPACE',''
  ) );
#2694 = ORIENTED_EDGE('',*,*,#2695,.T.);
#2695 = EDGE_CURVE('',#2665,#2696,#2698,.T.);
#2696 = VERTEX_POINT('',#2697);
#2697 = CARTESIAN_POINT('',(-24.4,-43.,3.));
#2698 = SURFACE_CURVE('',#2699,(#2703,#2709),.PCURVE_S1.);
#2699 = LINE('',#2700,#2701);
#2700 = CARTESIAN_POINT('',(-13.5,-43.,3.));
#2701 = VECTOR('',#2702,1.);
#2702 = DIRECTION('',(-1.,0.,0.));
#2703 = PCURVE('',#1504,#2704);
#2704 = DEFINITIONAL_REPRESENTATION('',(#2705),#2708);
#2705 = B_SPLINE_CURVE_WITH_KNOTS('',1,(#2706,#2707),.UNSPECIFIED.,.F.,
  .F.,(2,2),(-37.9,10.9),.PIECEWISE_BEZIER_KNOTS.);
#2706 = CARTESIAN_POINT('',(24.4,-43.));
#2707 = CARTESIAN_POINT('',(-24.4,-43.));
#2708 = ( GEOMETRIC_REPRESENTATION_CONTEXT(2) 
PARAMETRIC_REPRESENTATION_CONTEXT() REPRESENTATION_CONTEXT('2D SPACE',''
  ) );
#2709 = PCURVE('',#2710,#2715);
#2710 = PLANE('',#2711);
#2711 = AXIS2_PLACEMENT_3D('',#2712,#2713,#2714);
#2712 = CARTESIAN_POINT('',(-27.,-43.,2.5));
#2713 = DIRECTION('',(0.,1.,0.));
#2714 = DIRECTION('',(1.,0.,0.));
#2715 = DEFINITIONAL_REPRESENTATION('',(#2716),#2719);
#2716 = B_SPLINE_CURVE_WITH_KNOTS('',1,(#2717,#2718),.UNSPECIFIED.,.F.,
  .F.,(2,2),(-37.9,10.9),.PIECEWISE_BEZIER_KNOTS.);
#2717 = CARTESIAN_POINT('',(51.4,-0.5));
#2718 = CARTESIAN_POINT('',(2.6,-0.5));
#2719 = ( GEOMETRIC_REPRESENTATION_CONTEXT(2) 
PARAMETRIC_REPRESENTATION_CONTEXT() REPRESENTATION_CONTEXT('2D SPACE',''
  ) );
#2720 = ORIENTED_EDGE('',*,*,#2721,.F.);
#2721 = EDGE_CURVE('',#2722,#2696,#2724,.T.);
#2722 = VERTEX_POINT('',#2723);
#2723 = CARTESIAN_POINT('',(-27.,-40.4,3.));
#2724 = SURFACE_CURVE('',#2725,(#2730,#2737),.PCURVE_S1.);
#2725 = CIRCLE('',#2726,2.6);
#2726 = AXIS2_PLACEMENT_3D('',#2727,#2728,#2729);
#2727 = CARTESIAN_POINT('',(-24.4,-40.4,3.));
#2728 = DIRECTION('',(0.,0.,1.));
#2729 = DIRECTION('',(0.,-1.,0.));
#2730 = PCURVE('',#1504,#2731);
#2731 = DEFINITIONAL_REPRESENTATION('',(#2732),#2736);
#2732 = CIRCLE('',#2733,2.6);
#2733 = AXIS2_PLACEMENT_2D('',#2734,#2735);
#2734 = CARTESIAN_POINT('',(-24.4,-40.4));
#2735 = DIRECTION('',(0.,-1.));
#2736 = ( GEOMETRIC_REPRESENTATION_CONTEXT(2) 
PARAMETRIC_REPRESENTATION_CONTEXT() REPRESENTATION_CONTEXT('2D SPACE',''
  ) );
#2737 = PCURVE('',#2738,#2743);
#2738 = CYLINDRICAL_SURFACE('',#2739,2.6);
#2739 = AXIS2_PLACEMENT_3D('',#2740,#2741,#2742);
#2740 = CARTESIAN_POINT('',(-24.4,-40.4,2.5));
#2741 = DIRECTION('',(0.,0.,1.));
#2742 = DIRECTION('',(0.,-1.,0.));
#2743 = DEFINITIONAL_REPRESENTATION('',(#2744),#2748);
#2744 = LINE('',#2745,#2746);
#2745 = CARTESIAN_POINT('',(-6.28318530718,0.5));
#2746 = VECTOR('',#2747,1.);
#2747 = DIRECTION('',(1.,-0.));
#2748 = ( GEOMETRIC_REPRESENTATION_CONTEXT(2) 
PARAMETRIC_REPRESENTATION_CONTEXT() REPRESENTATION_CONTEXT('2D SPACE',''
  ) );
#2749 = ORIENTED_EDGE('',*,*,#2750,.T.);
#2750 = EDGE_CURVE('',#2722,#2751,#2753,.T.);
#2751 = VERTEX_POINT('',#2752);
#2752 = CARTESIAN_POINT('',(-27.,40.4,3.));
#2753 = SURFACE_CURVE('',#2754,(#2758,#2764),.PCURVE_S1.);
#2754 = LINE('',#2755,#2756);
#2755 = CARTESIAN_POINT('',(-27.,21.5,3.));
#2756 = VECTOR('',#2757,1.);
#2757 = DIRECTION('',(-0.,1.,0.));
#2758 = PCURVE('',#1504,#2759);
#2759 = DEFINITIONAL_REPRESENTATION('',(#2760),#2763);
#2760 = B_SPLINE_CURVE_WITH_KNOTS('',1,(#2761,#2762),.UNSPECIFIED.,.F.,
  .F.,(2,2),(-61.9,18.9),.PIECEWISE_BEZIER_KNOTS.);
#2761 = CARTESIAN_POINT('',(-27.,-40.4));
#2762 = CARTESIAN_POINT('',(-27.,40.4));
#2763 = ( GEOMETRIC_REPRESENTATION_CONTEXT(2) 
PARAMETRIC_REPRESENTATION_CONTEXT() REPRESENTATION_CONTEXT('2D SPACE',''
  ) );
#2764 = PCURVE('',#2765,#2770);
#2765 = PLANE('',#2766);
#2766 = AXIS2_PLACEMENT_3D('',#2767,#2768,#2769);
#2767 = CARTESIAN_POINT('',(-27.,43.,2.5));
#2768 = DIRECTION('',(1.,0.,-0.));
#2769 = DIRECTION('',(0.,-1.,0.));
#2770 = DEFINITIONAL_REPRESENTATION('',(#2771),#2774);
#2771 = B_SPLINE_CURVE_WITH_KNOTS('',1,(#2772,#2773),.UNSPECIFIED.,.F.,
  .F.,(2,2),(-61.9,18.9),.PIECEWISE_BEZIER_KNOTS.);
#2772 = CARTESIAN_POINT('',(83.4,-0.5));
#2773 = CARTESIAN_POINT('',(2.6,-0.5));
#2774 = ( GEOMETRIC_REPRESENTATION_CONTEXT(2) 
PARAMETRIC_REPRESENTATION_CONTEXT() REPRESENTATION_CONTEXT('2D SPACE',''
  ) );
#2775 = ORIENTED_EDGE('',*,*,#2776,.F.);
#2776 = EDGE_CURVE('',#2777,#2751,#2779,.T.);
#2777 = VERTEX_POINT('',#2778);
#2778 = CARTESIAN_POINT('',(-24.4,43.,3.));
#2779 = SURFACE_CURVE('',#2780,(#2785,#2792),.PCURVE_S1.);
#2780 = CIRCLE('',#2781,2.6);
#2781 = AXIS2_PLACEMENT_3D('',#2782,#2783,#2784);
#2782 = CARTESIAN_POINT('',(-24.4,40.4,3.));
#2783 = DIRECTION('',(0.,0.,1.));
#2784 = DIRECTION('',(-0.,1.,0.));
#2785 = PCURVE('',#1504,#2786);
#2786 = DEFINITIONAL_REPRESENTATION('',(#2787),#2791);
#2787 = CIRCLE('',#2788,2.6);
#2788 = AXIS2_PLACEMENT_2D('',#2789,#2790);
#2789 = CARTESIAN_POINT('',(-24.4,40.4));
#2790 = DIRECTION('',(0.,1.));
#2791 = ( GEOMETRIC_REPRESENTATION_CONTEXT(2) 
PARAMETRIC_REPRESENTATION_CONTEXT() REPRESENTATION_CONTEXT('2D SPACE',''
  ) );
#2792 = PCURVE('',#2793,#2798);
#2793 = CYLINDRICAL_SURFACE('',#2794,2.6);
#2794 = AXIS2_PLACEMENT_3D('',#2795,#2796,#2797);
#2795 = CARTESIAN_POINT('',(-24.4,40.4,2.5));
#2796 = DIRECTION('',(0.,0.,1.));
#2797 = DIRECTION('',(-0.,1.,0.));
#2798 = DEFINITIONAL_REPRESENTATION('',(#2799),#2803);
#2799 = LINE('',#2800,#2801);
#2800 = CARTESIAN_POINT('',(0.,0.5));
#2801 = VECTOR('',#2802,1.);
#2802 = DIRECTION('',(1.,0.));
#2803 = ( GEOMETRIC_REPRESENTATION_CONTEXT(2) 
PARAMETRIC_REPRESENTATION_CONTEXT() REPRESENTATION_CONTEXT('2D SPACE',''
  ) );
#2804 = ORIENTED_EDGE('',*,*,#2805,.T.);
#2805 = EDGE_CURVE('',#2777,#2806,#2808,.T.);
#2806 = VERTEX_POINT('',#2807);
#2807 = CARTESIAN_POINT('',(24.4,43.,3.));
#2808 = SURFACE_CURVE('',#2809,(#2813,#2819),.PCURVE_S1.);
#2809 = LINE('',#2810,#2811);
#2810 = CARTESIAN_POINT('',(13.5,43.,3.));
#2811 = VECTOR('',#2812,1.);
#2812 = DIRECTION('',(1.,0.,-0.));
#2813 = PCURVE('',#1504,#2814);
#2814 = DEFINITIONAL_REPRESENTATION('',(#2815),#2818);
#2815 = B_SPLINE_CURVE_WITH_KNOTS('',1,(#2816,#2817),.UNSPECIFIED.,.F.,
  .F.,(2,2),(-37.9,10.9),.PIECEWISE_BEZIER_KNOTS.);
#2816 = CARTESIAN_POINT('',(-24.4,43.));
#2817 = CARTESIAN_POINT('',(24.4,43.));
#2818 = ( GEOMETRIC_REPRESENTATION_CONTEXT(2) 
PARAMETRIC_REPRESENTATION_CONTEXT() REPRESENTATION_CONTEXT('2D SPACE',''
  ) );
#2819 = PCURVE('',#2820,#2825);
#2820 = PLANE('',#2821);
#2821 = AXIS2_PLACEMENT_3D('',#2822,#2823,#2824);
#2822 = CARTESIAN_POINT('',(27.,43.,2.5));
#2823 = DIRECTION('',(0.,-1.,0.));
#2824 = DIRECTION('',(-1.,0.,0.));
#2825 = DEFINITIONAL_REPRESENTATION('',(#2826),#2829);
#2826 = B_SPLINE_CURVE_WITH_KNOTS('',1,(#2827,#2828),.UNSPECIFIED.,.F.,
  .F.,(2,2),(-37.9,10.9),.PIECEWISE_BEZIER_KNOTS.);
#2827 = CARTESIAN_POINT('',(51.4,-0.5));
#2828 = CARTESIAN_POINT('',(2.6,-0.5));
#2829 = ( GEOMETRIC_REPRESENTATION_CONTEXT(2) 
PARAMETRIC_REPRESENTATION_CONTEXT() REPRESENTATION_CONTEXT('2D SPACE',''
  ) );
#2830 = ORIENTED_EDGE('',*,*,#2831,.F.);
#2831 = EDGE_CURVE('',#2832,#2806,#2834,.T.);
#2832 = VERTEX_POINT('',#2833);
#2833 = CARTESIAN_POINT('',(27.,40.4,3.));
#2834 = SURFACE_CURVE('',#2835,(#2840,#2847),.PCURVE_S1.);
#2835 = CIRCLE('',#2836,2.6);
#2836 = AXIS2_PLACEMENT_3D('',#2837,#2838,#2839);
#2837 = CARTESIAN_POINT('',(24.4,40.4,3.));
#2838 = DIRECTION('',(0.,0.,1.));
#2839 = DIRECTION('',(1.,0.,-0.));
#2840 = PCURVE('',#1504,#2841);
#2841 = DEFINITIONAL_REPRESENTATION('',(#2842),#2846);
#2842 = CIRCLE('',#2843,2.6);
#2843 = AXIS2_PLACEMENT_2D('',#2844,#2845);
#2844 = CARTESIAN_POINT('',(24.4,40.4));
#2845 = DIRECTION('',(1.,0.));
#2846 = ( GEOMETRIC_REPRESENTATION_CONTEXT(2) 
PARAMETRIC_REPRESENTATION_CONTEXT() REPRESENTATION_CONTEXT('2D SPACE',''
  ) );
#2847 = PCURVE('',#2848,#2853);
#2848 = CYLINDRICAL_SURFACE('',#2849,2.6);
#2849 = AXIS2_PLACEMENT_3D('',#2850,#2851,#2852);
#2850 = CARTESIAN_POINT('',(24.4,40.4,2.5));
#2851 = DIRECTION('',(0.,0.,1.));
#2852 = DIRECTION('',(1.,0.,-0.));
#2853 = DEFINITIONAL_REPRESENTATION('',(#2854),#2858);
#2854 = LINE('',#2855,#2856);
#2855 = CARTESIAN_POINT('',(0.,0.5));
#2856 = VECTOR('',#2857,1.);
#2857 = DIRECTION('',(1.,0.));
#2858 = ( GEOMETRIC_REPRESENTATION_CONTEXT(2) 
PARAMETRIC_REPRESENTATION_CONTEXT() REPRESENTATION_CONTEXT('2D SPACE',''
  ) );
#2859 = ORIENTED_EDGE('',*,*,#2860,.T.);
#2860 = EDGE_CURVE('',#2832,#2667,#2861,.T.);
#2861 = SURFACE_CURVE('',#2862,(#2866,#2872),.PCURVE_S1.);
#2862 = LINE('',#2863,#2864);
#2863 = CARTESIAN_POINT('',(27.,-21.5,3.));
#2864 = VECTOR('',#2865,1.);
#2865 = DIRECTION('',(0.,-1.,0.));
#2866 = PCURVE('',#1504,#2867);
#2867 = DEFINITIONAL_REPRESENTATION('',(#2868),#2871);
#2868 = B_SPLINE_CURVE_WITH_KNOTS('',1,(#2869,#2870),.UNSPECIFIED.,.F.,
  .F.,(2,2),(-61.9,18.9),.PIECEWISE_BEZIER_KNOTS.);
#2869 = CARTESIAN_POINT('',(27.,40.4));
#2870 = CARTESIAN_POINT('',(27.,-40.4));
#2871 = ( GEOMETRIC_REPRESENTATION_CONTEXT(2) 
PARAMETRIC_REPRESENTATION_CONTEXT() REPRESENTATION_CONTEXT('2D SPACE',''
  ) );
#2872 = PCURVE('',#2873,#2878);
#2873 = PLANE('',#2874);
#2874 = AXIS2_PLACEMENT_3D('',#2875,#2876,#2877);
#2875 = CARTESIAN_POINT('',(27.,-43.,2.5));
#2876 = DIRECTION('',(-1.,0.,0.));
#2877 = DIRECTION('',(0.,1.,0.));
#2878 = DEFINITIONAL_REPRESENTATION('',(#2879),#2882);
#2879 = B_SPLINE_CURVE_WITH_KNOTS('',1,(#2880,#2881),.UNSPECIFIED.,.F.,
  .F.,(2,2),(-61.9,18.9),.PIECEWISE_BEZIER_KNOTS.);
#2880 = CARTESIAN_POINT('',(83.4,-0.5));
#2881 = CARTESIAN_POINT('',(2.6,-0.5));
#2882 = ( GEOMETRIC_REPRESENTATION_CONTEXT(2) 
PARAMETRIC_REPRESENTATION_CONTEXT() REPRESENTATION_CONTEXT('2D SPACE',''
  ) );
#2883 = FACE_BOUND('',#2884,.T.);
#2884 = EDGE_LOOP('',(#2885));
#2885 = ORIENTED_EDGE('',*,*,#1942,.T.);
#2886 = FACE_BOUND('',#2887,.T.);
#2887 = EDGE_LOOP('',(#2888));
#2888 = ORIENTED_EDGE('',*,*,#1996,.T.);
#2889 = ADVANCED_FACE('',(#2890),#2683,.T.);
#2890 = FACE_BOUND('',#2891,.T.);
#2891 = EDGE_LOOP('',(#2892,#2915,#2916,#2939));
#2892 = ORIENTED_EDGE('',*,*,#2893,.F.);
#2893 = EDGE_CURVE('',#2665,#2894,#2896,.T.);
#2894 = VERTEX_POINT('',#2895);
#2895 = CARTESIAN_POINT('',(24.4,-43.,5.));
#2896 = SURFACE_CURVE('',#2897,(#2901,#2908),.PCURVE_S1.);
#2897 = LINE('',#2898,#2899);
#2898 = CARTESIAN_POINT('',(24.4,-43.,2.5));
#2899 = VECTOR('',#2900,1.);
#2900 = DIRECTION('',(0.,0.,1.));
#2901 = PCURVE('',#2683,#2902);
#2902 = DEFINITIONAL_REPRESENTATION('',(#2903),#2907);
#2903 = LINE('',#2904,#2905);
#2904 = CARTESIAN_POINT('',(0.,0.));
#2905 = VECTOR('',#2906,1.);
#2906 = DIRECTION('',(0.,1.));
#2907 = ( GEOMETRIC_REPRESENTATION_CONTEXT(2) 
PARAMETRIC_REPRESENTATION_CONTEXT() REPRESENTATION_CONTEXT('2D SPACE',''
  ) );
#2908 = PCURVE('',#2710,#2909);
#2909 = DEFINITIONAL_REPRESENTATION('',(#2910),#2914);
#2910 = LINE('',#2911,#2912);
#2911 = CARTESIAN_POINT('',(51.4,0.));
#2912 = VECTOR('',#2913,1.);
#2913 = DIRECTION('',(0.,-1.));
#2914 = ( GEOMETRIC_REPRESENTATION_CONTEXT(2) 
PARAMETRIC_REPRESENTATION_CONTEXT() REPRESENTATION_CONTEXT('2D SPACE',''
  ) );
#2915 = ORIENTED_EDGE('',*,*,#2664,.T.);
#2916 = ORIENTED_EDGE('',*,*,#2917,.T.);
#2917 = EDGE_CURVE('',#2667,#2918,#2920,.T.);
#2918 = VERTEX_POINT('',#2919);
#2919 = CARTESIAN_POINT('',(27.,-40.4,5.));
#2920 = SURFACE_CURVE('',#2921,(#2925,#2932),.PCURVE_S1.);
#2921 = LINE('',#2922,#2923);
#2922 = CARTESIAN_POINT('',(27.,-40.4,2.5));
#2923 = VECTOR('',#2924,1.);
#2924 = DIRECTION('',(0.,0.,1.));
#2925 = PCURVE('',#2683,#2926);
#2926 = DEFINITIONAL_REPRESENTATION('',(#2927),#2931);
#2927 = LINE('',#2928,#2929);
#2928 = CARTESIAN_POINT('',(1.570796326795,0.));
#2929 = VECTOR('',#2930,1.);
#2930 = DIRECTION('',(0.,1.));
#2931 = ( GEOMETRIC_REPRESENTATION_CONTEXT(2) 
PARAMETRIC_REPRESENTATION_CONTEXT() REPRESENTATION_CONTEXT('2D SPACE',''
  ) );
#2932 = PCURVE('',#2873,#2933);
#2933 = DEFINITIONAL_REPRESENTATION('',(#2934),#2938);
#2934 = LINE('',#2935,#2936);
#2935 = CARTESIAN_POINT('',(2.6,0.));
#2936 = VECTOR('',#2937,1.);
#2937 = DIRECTION('',(0.,-1.));
#2938 = ( GEOMETRIC_REPRESENTATION_CONTEXT(2) 
PARAMETRIC_REPRESENTATION_CONTEXT() REPRESENTATION_CONTEXT('2D SPACE',''
  ) );
#2939 = ORIENTED_EDGE('',*,*,#2940,.F.);
#2940 = EDGE_CURVE('',#2894,#2918,#2941,.T.);
#2941 = SURFACE_CURVE('',#2942,(#2947,#2954),.PCURVE_S1.);
#2942 = CIRCLE('',#2943,2.6);
#2943 = AXIS2_PLACEMENT_3D('',#2944,#2945,#2946);
#2944 = CARTESIAN_POINT('',(24.4,-40.4,5.));
#2945 = DIRECTION('',(0.,0.,1.));
#2946 = DIRECTION('',(0.,-1.,0.));
#2947 = PCURVE('',#2683,#2948);
#2948 = DEFINITIONAL_REPRESENTATION('',(#2949),#2953);
#2949 = LINE('',#2950,#2951);
#2950 = CARTESIAN_POINT('',(0.,2.5));
#2951 = VECTOR('',#2952,1.);
#2952 = DIRECTION('',(1.,0.));
#2953 = ( GEOMETRIC_REPRESENTATION_CONTEXT(2) 
PARAMETRIC_REPRESENTATION_CONTEXT() REPRESENTATION_CONTEXT('2D SPACE',''
  ) );
#2954 = PCURVE('',#2955,#2960);
#2955 = PLANE('',#2956);
#2956 = AXIS2_PLACEMENT_3D('',#2957,#2958,#2959);
#2957 = CARTESIAN_POINT('',(-1.414015394547E-15,0.,5.));
#2958 = DIRECTION('',(0.,0.,1.));
#2959 = DIRECTION('',(1.,0.,-0.));
#2960 = DEFINITIONAL_REPRESENTATION('',(#2961),#2965);
#2961 = CIRCLE('',#2962,2.6);
#2962 = AXIS2_PLACEMENT_2D('',#2963,#2964);
#2963 = CARTESIAN_POINT('',(24.4,-40.4));
#2964 = DIRECTION('',(0.,-1.));
#2965 = ( GEOMETRIC_REPRESENTATION_CONTEXT(2) 
PARAMETRIC_REPRESENTATION_CONTEXT() REPRESENTATION_CONTEXT('2D SPACE',''
  ) );
#2966 = ADVANCED_FACE('',(#2967),#2710,.F.);
#2967 = FACE_BOUND('',#2968,.F.);
#2968 = EDGE_LOOP('',(#2969,#2970,#2971,#2994));
#2969 = ORIENTED_EDGE('',*,*,#2893,.F.);
#2970 = ORIENTED_EDGE('',*,*,#2695,.T.);
#2971 = ORIENTED_EDGE('',*,*,#2972,.T.);
#2972 = EDGE_CURVE('',#2696,#2973,#2975,.T.);
#2973 = VERTEX_POINT('',#2974);
#2974 = CARTESIAN_POINT('',(-24.4,-43.,5.));
#2975 = SURFACE_CURVE('',#2976,(#2980,#2987),.PCURVE_S1.);
#2976 = LINE('',#2977,#2978);
#2977 = CARTESIAN_POINT('',(-24.4,-43.,2.5));
#2978 = VECTOR('',#2979,1.);
#2979 = DIRECTION('',(0.,0.,1.));
#2980 = PCURVE('',#2710,#2981);
#2981 = DEFINITIONAL_REPRESENTATION('',(#2982),#2986);
#2982 = LINE('',#2983,#2984);
#2983 = CARTESIAN_POINT('',(2.6,0.));
#2984 = VECTOR('',#2985,1.);
#2985 = DIRECTION('',(0.,-1.));
#2986 = ( GEOMETRIC_REPRESENTATION_CONTEXT(2) 
PARAMETRIC_REPRESENTATION_CONTEXT() REPRESENTATION_CONTEXT('2D SPACE',''
  ) );
#2987 = PCURVE('',#2738,#2988);
#2988 = DEFINITIONAL_REPRESENTATION('',(#2989),#2993);
#2989 = LINE('',#2990,#2991);
#2990 = CARTESIAN_POINT('',(-0.,0.));
#2991 = VECTOR('',#2992,1.);
#2992 = DIRECTION('',(-0.,1.));
#2993 = ( GEOMETRIC_REPRESENTATION_CONTEXT(2) 
PARAMETRIC_REPRESENTATION_CONTEXT() REPRESENTATION_CONTEXT('2D SPACE',''
  ) );
#2994 = ORIENTED_EDGE('',*,*,#2995,.F.);
#2995 = EDGE_CURVE('',#2894,#2973,#2996,.T.);
#2996 = SURFACE_CURVE('',#2997,(#3001,#3007),.PCURVE_S1.);
#2997 = LINE('',#2998,#2999);
#2998 = CARTESIAN_POINT('',(-13.5,-43.,5.));
#2999 = VECTOR('',#3000,1.);
#3000 = DIRECTION('',(-1.,0.,0.));
#3001 = PCURVE('',#2710,#3002);
#3002 = DEFINITIONAL_REPRESENTATION('',(#3003),#3006);
#3003 = B_SPLINE_CURVE_WITH_KNOTS('',1,(#3004,#3005),.UNSPECIFIED.,.F.,
  .F.,(2,2),(-37.9,10.9),.PIECEWISE_BEZIER_KNOTS.);
#3004 = CARTESIAN_POINT('',(51.4,-2.5));
#3005 = CARTESIAN_POINT('',(2.6,-2.5));
#3006 = ( GEOMETRIC_REPRESENTATION_CONTEXT(2) 
PARAMETRIC_REPRESENTATION_CONTEXT() REPRESENTATION_CONTEXT('2D SPACE',''
  ) );
#3007 = PCURVE('',#2955,#3008);
#3008 = DEFINITIONAL_REPRESENTATION('',(#3009),#3012);
#3009 = B_SPLINE_CURVE_WITH_KNOTS('',1,(#3010,#3011),.UNSPECIFIED.,.F.,
  .F.,(2,2),(-37.9,10.9),.PIECEWISE_BEZIER_KNOTS.);
#3010 = CARTESIAN_POINT('',(24.4,-43.));
#3011 = CARTESIAN_POINT('',(-24.4,-43.));
#3012 = ( GEOMETRIC_REPRESENTATION_CONTEXT(2) 
PARAMETRIC_REPRESENTATION_CONTEXT() REPRESENTATION_CONTEXT('2D SPACE',''
  ) );
#3013 = ADVANCED_FACE('',(#3014),#2873,.F.);
#3014 = FACE_BOUND('',#3015,.F.);
#3015 = EDGE_LOOP('',(#3016,#3039,#3040,#3041));
#3016 = ORIENTED_EDGE('',*,*,#3017,.F.);
#3017 = EDGE_CURVE('',#2832,#3018,#3020,.T.);
#3018 = VERTEX_POINT('',#3019);
#3019 = CARTESIAN_POINT('',(27.,40.4,5.));
#3020 = SURFACE_CURVE('',#3021,(#3025,#3032),.PCURVE_S1.);
#3021 = LINE('',#3022,#3023);
#3022 = CARTESIAN_POINT('',(27.,40.4,2.5));
#3023 = VECTOR('',#3024,1.);
#3024 = DIRECTION('',(0.,0.,1.));
#3025 = PCURVE('',#2873,#3026);
#3026 = DEFINITIONAL_REPRESENTATION('',(#3027),#3031);
#3027 = LINE('',#3028,#3029);
#3028 = CARTESIAN_POINT('',(83.4,0.));
#3029 = VECTOR('',#3030,1.);
#3030 = DIRECTION('',(0.,-1.));
#3031 = ( GEOMETRIC_REPRESENTATION_CONTEXT(2) 
PARAMETRIC_REPRESENTATION_CONTEXT() REPRESENTATION_CONTEXT('2D SPACE',''
  ) );
#3032 = PCURVE('',#2848,#3033);
#3033 = DEFINITIONAL_REPRESENTATION('',(#3034),#3038);
#3034 = LINE('',#3035,#3036);
#3035 = CARTESIAN_POINT('',(0.,0.));
#3036 = VECTOR('',#3037,1.);
#3037 = DIRECTION('',(0.,1.));
#3038 = ( GEOMETRIC_REPRESENTATION_CONTEXT(2) 
PARAMETRIC_REPRESENTATION_CONTEXT() REPRESENTATION_CONTEXT('2D SPACE',''
  ) );
#3039 = ORIENTED_EDGE('',*,*,#2860,.T.);
#3040 = ORIENTED_EDGE('',*,*,#2917,.T.);
#3041 = ORIENTED_EDGE('',*,*,#3042,.F.);
#3042 = EDGE_CURVE('',#3018,#2918,#3043,.T.);
#3043 = SURFACE_CURVE('',#3044,(#3048,#3054),.PCURVE_S1.);
#3044 = LINE('',#3045,#3046);
#3045 = CARTESIAN_POINT('',(27.,-21.5,5.));
#3046 = VECTOR('',#3047,1.);
#3047 = DIRECTION('',(0.,-1.,0.));
#3048 = PCURVE('',#2873,#3049);
#3049 = DEFINITIONAL_REPRESENTATION('',(#3050),#3053);
#3050 = B_SPLINE_CURVE_WITH_KNOTS('',1,(#3051,#3052),.UNSPECIFIED.,.F.,
  .F.,(2,2),(-61.9,18.9),.PIECEWISE_BEZIER_KNOTS.);
#3051 = CARTESIAN_POINT('',(83.4,-2.5));
#3052 = CARTESIAN_POINT('',(2.6,-2.5));
#3053 = ( GEOMETRIC_REPRESENTATION_CONTEXT(2) 
PARAMETRIC_REPRESENTATION_CONTEXT() REPRESENTATION_CONTEXT('2D SPACE',''
  ) );
#3054 = PCURVE('',#2955,#3055);
#3055 = DEFINITIONAL_REPRESENTATION('',(#3056),#3059);
#3056 = B_SPLINE_CURVE_WITH_KNOTS('',1,(#3057,#3058),.UNSPECIFIED.,.F.,
  .F.,(2,2),(-61.9,18.9),.PIECEWISE_BEZIER_KNOTS.);
#3057 = CARTESIAN_POINT('',(27.,40.4));
#3058 = CARTESIAN_POINT('',(27.,-40.4));
#3059 = ( GEOMETRIC_REPRESENTATION_CONTEXT(2) 
PARAMETRIC_REPRESENTATION_CONTEXT() REPRESENTATION_CONTEXT('2D SPACE',''
  ) );
#3060 = ADVANCED_FACE('',(#3061),#2738,.T.);
#3061 = FACE_BOUND('',#3062,.F.);
#3062 = EDGE_LOOP('',(#3063,#3064,#3065,#3088));
#3063 = ORIENTED_EDGE('',*,*,#2972,.F.);
#3064 = ORIENTED_EDGE('',*,*,#2721,.F.);
#3065 = ORIENTED_EDGE('',*,*,#3066,.T.);
#3066 = EDGE_CURVE('',#2722,#3067,#3069,.T.);
#3067 = VERTEX_POINT('',#3068);
#3068 = CARTESIAN_POINT('',(-27.,-40.4,5.));
#3069 = SURFACE_CURVE('',#3070,(#3074,#3081),.PCURVE_S1.);
#3070 = LINE('',#3071,#3072);
#3071 = CARTESIAN_POINT('',(-27.,-40.4,2.5));
#3072 = VECTOR('',#3073,1.);
#3073 = DIRECTION('',(0.,0.,1.));
#3074 = PCURVE('',#2738,#3075);
#3075 = DEFINITIONAL_REPRESENTATION('',(#3076),#3080);
#3076 = LINE('',#3077,#3078);
#3077 = CARTESIAN_POINT('',(-1.570796326795,0.));
#3078 = VECTOR('',#3079,1.);
#3079 = DIRECTION('',(-0.,1.));
#3080 = ( GEOMETRIC_REPRESENTATION_CONTEXT(2) 
PARAMETRIC_REPRESENTATION_CONTEXT() REPRESENTATION_CONTEXT('2D SPACE',''
  ) );
#3081 = PCURVE('',#2765,#3082);
#3082 = DEFINITIONAL_REPRESENTATION('',(#3083),#3087);
#3083 = LINE('',#3084,#3085);
#3084 = CARTESIAN_POINT('',(83.4,0.));
#3085 = VECTOR('',#3086,1.);
#3086 = DIRECTION('',(0.,-1.));
#3087 = ( GEOMETRIC_REPRESENTATION_CONTEXT(2) 
PARAMETRIC_REPRESENTATION_CONTEXT() REPRESENTATION_CONTEXT('2D SPACE',''
  ) );
#3088 = ORIENTED_EDGE('',*,*,#3089,.T.);
#3089 = EDGE_CURVE('',#3067,#2973,#3090,.T.);
#3090 = SURFACE_CURVE('',#3091,(#3096,#3103),.PCURVE_S1.);
#3091 = CIRCLE('',#3092,2.6);
#3092 = AXIS2_PLACEMENT_3D('',#3093,#3094,#3095);
#3093 = CARTESIAN_POINT('',(-24.4,-40.4,5.));
#3094 = DIRECTION('',(0.,0.,1.));
#3095 = DIRECTION('',(0.,-1.,0.));
#3096 = PCURVE('',#2738,#3097);
#3097 = DEFINITIONAL_REPRESENTATION('',(#3098),#3102);
#3098 = LINE('',#3099,#3100);
#3099 = CARTESIAN_POINT('',(-6.28318530718,2.5));
#3100 = VECTOR('',#3101,1.);
#3101 = DIRECTION('',(1.,-0.));
#3102 = ( GEOMETRIC_REPRESENTATION_CONTEXT(2) 
PARAMETRIC_REPRESENTATION_CONTEXT() REPRESENTATION_CONTEXT('2D SPACE',''
  ) );
#3103 = PCURVE('',#2955,#3104);
#3104 = DEFINITIONAL_REPRESENTATION('',(#3105),#3109);
#3105 = CIRCLE('',#3106,2.6);
#3106 = AXIS2_PLACEMENT_2D('',#3107,#3108);
#3107 = CARTESIAN_POINT('',(-24.4,-40.4));
#3108 = DIRECTION('',(0.,-1.));
#3109 = ( GEOMETRIC_REPRESENTATION_CONTEXT(2) 
PARAMETRIC_REPRESENTATION_CONTEXT() REPRESENTATION_CONTEXT('2D SPACE',''
  ) );
#3110 = ADVANCED_FACE('',(#3111),#2848,.T.);
#3111 = FACE_BOUND('',#3112,.T.);
#3112 = EDGE_LOOP('',(#3113,#3114,#3115,#3138));
#3113 = ORIENTED_EDGE('',*,*,#3017,.F.);
#3114 = ORIENTED_EDGE('',*,*,#2831,.T.);
#3115 = ORIENTED_EDGE('',*,*,#3116,.T.);
#3116 = EDGE_CURVE('',#2806,#3117,#3119,.T.);
#3117 = VERTEX_POINT('',#3118);
#3118 = CARTESIAN_POINT('',(24.4,43.,5.));
#3119 = SURFACE_CURVE('',#3120,(#3124,#3131),.PCURVE_S1.);
#3120 = LINE('',#3121,#3122);
#3121 = CARTESIAN_POINT('',(24.4,43.,2.5));
#3122 = VECTOR('',#3123,1.);
#3123 = DIRECTION('',(0.,0.,1.));
#3124 = PCURVE('',#2848,#3125);
#3125 = DEFINITIONAL_REPRESENTATION('',(#3126),#3130);
#3126 = LINE('',#3127,#3128);
#3127 = CARTESIAN_POINT('',(1.570796326795,0.));
#3128 = VECTOR('',#3129,1.);
#3129 = DIRECTION('',(0.,1.));
#3130 = ( GEOMETRIC_REPRESENTATION_CONTEXT(2) 
PARAMETRIC_REPRESENTATION_CONTEXT() REPRESENTATION_CONTEXT('2D SPACE',''
  ) );
#3131 = PCURVE('',#2820,#3132);
#3132 = DEFINITIONAL_REPRESENTATION('',(#3133),#3137);
#3133 = LINE('',#3134,#3135);
#3134 = CARTESIAN_POINT('',(2.6,0.));
#3135 = VECTOR('',#3136,1.);
#3136 = DIRECTION('',(0.,-1.));
#3137 = ( GEOMETRIC_REPRESENTATION_CONTEXT(2) 
PARAMETRIC_REPRESENTATION_CONTEXT() REPRESENTATION_CONTEXT('2D SPACE',''
  ) );
#3138 = ORIENTED_EDGE('',*,*,#3139,.F.);
#3139 = EDGE_CURVE('',#3018,#3117,#3140,.T.);
#3140 = SURFACE_CURVE('',#3141,(#3146,#3153),.PCURVE_S1.);
#3141 = CIRCLE('',#3142,2.6);
#3142 = AXIS2_PLACEMENT_3D('',#3143,#3144,#3145);
#3143 = CARTESIAN_POINT('',(24.4,40.4,5.));
#3144 = DIRECTION('',(0.,0.,1.));
#3145 = DIRECTION('',(1.,0.,-0.));
#3146 = PCURVE('',#2848,#3147);
#3147 = DEFINITIONAL_REPRESENTATION('',(#3148),#3152);
#3148 = LINE('',#3149,#3150);
#3149 = CARTESIAN_POINT('',(0.,2.5));
#3150 = VECTOR('',#3151,1.);
#3151 = DIRECTION('',(1.,0.));
#3152 = ( GEOMETRIC_REPRESENTATION_CONTEXT(2) 
PARAMETRIC_REPRESENTATION_CONTEXT() REPRESENTATION_CONTEXT('2D SPACE',''
  ) );
#3153 = PCURVE('',#2955,#3154);
#3154 = DEFINITIONAL_REPRESENTATION('',(#3155),#3159);
#3155 = CIRCLE('',#3156,2.6);
#3156 = AXIS2_PLACEMENT_2D('',#3157,#3158);
#3157 = CARTESIAN_POINT('',(24.4,40.4));
#3158 = DIRECTION('',(1.,0.));
#3159 = ( GEOMETRIC_REPRESENTATION_CONTEXT(2) 
PARAMETRIC_REPRESENTATION_CONTEXT() REPRESENTATION_CONTEXT('2D SPACE',''
  ) );
#3160 = ADVANCED_FACE('',(#3161),#2765,.F.);
#3161 = FACE_BOUND('',#3162,.F.);
#3162 = EDGE_LOOP('',(#3163,#3164,#3165,#3188));
#3163 = ORIENTED_EDGE('',*,*,#3066,.F.);
#3164 = ORIENTED_EDGE('',*,*,#2750,.T.);
#3165 = ORIENTED_EDGE('',*,*,#3166,.T.);
#3166 = EDGE_CURVE('',#2751,#3167,#3169,.T.);
#3167 = VERTEX_POINT('',#3168);
#3168 = CARTESIAN_POINT('',(-27.,40.4,5.));
#3169 = SURFACE_CURVE('',#3170,(#3174,#3181),.PCURVE_S1.);
#3170 = LINE('',#3171,#3172);
#3171 = CARTESIAN_POINT('',(-27.,40.4,2.5));
#3172 = VECTOR('',#3173,1.);
#3173 = DIRECTION('',(0.,0.,1.));
#3174 = PCURVE('',#2765,#3175);
#3175 = DEFINITIONAL_REPRESENTATION('',(#3176),#3180);
#3176 = LINE('',#3177,#3178);
#3177 = CARTESIAN_POINT('',(2.6,0.));
#3178 = VECTOR('',#3179,1.);
#3179 = DIRECTION('',(0.,-1.));
#3180 = ( GEOMETRIC_REPRESENTATION_CONTEXT(2) 
PARAMETRIC_REPRESENTATION_CONTEXT() REPRESENTATION_CONTEXT('2D SPACE',''
  ) );
#3181 = PCURVE('',#2793,#3182);
#3182 = DEFINITIONAL_REPRESENTATION('',(#3183),#3187);
#3183 = LINE('',#3184,#3185);
#3184 = CARTESIAN_POINT('',(1.570796326795,0.));
#3185 = VECTOR('',#3186,1.);
#3186 = DIRECTION('',(0.,1.));
#3187 = ( GEOMETRIC_REPRESENTATION_CONTEXT(2) 
PARAMETRIC_REPRESENTATION_CONTEXT() REPRESENTATION_CONTEXT('2D SPACE',''
  ) );
#3188 = ORIENTED_EDGE('',*,*,#3189,.F.);
#3189 = EDGE_CURVE('',#3067,#3167,#3190,.T.);
#3190 = SURFACE_CURVE('',#3191,(#3195,#3201),.PCURVE_S1.);
#3191 = LINE('',#3192,#3193);
#3192 = CARTESIAN_POINT('',(-27.,21.5,5.));
#3193 = VECTOR('',#3194,1.);
#3194 = DIRECTION('',(-0.,1.,0.));
#3195 = PCURVE('',#2765,#3196);
#3196 = DEFINITIONAL_REPRESENTATION('',(#3197),#3200);
#3197 = B_SPLINE_CURVE_WITH_KNOTS('',1,(#3198,#3199),.UNSPECIFIED.,.F.,
  .F.,(2,2),(-61.9,18.9),.PIECEWISE_BEZIER_KNOTS.);
#3198 = CARTESIAN_POINT('',(83.4,-2.5));
#3199 = CARTESIAN_POINT('',(2.6,-2.5));
#3200 = ( GEOMETRIC_REPRESENTATION_CONTEXT(2) 
PARAMETRIC_REPRESENTATION_CONTEXT() REPRESENTATION_CONTEXT('2D SPACE',''
  ) );
#3201 = PCURVE('',#2955,#3202);
#3202 = DEFINITIONAL_REPRESENTATION('',(#3203),#3206);
#3203 = B_SPLINE_CURVE_WITH_KNOTS('',1,(#3204,#3205),.UNSPECIFIED.,.F.,
  .F.,(2,2),(-61.9,18.9),.PIECEWISE_BEZIER_KNOTS.);
#3204 = CARTESIAN_POINT('',(-27.,-40.4));
#3205 = CARTESIAN_POINT('',(-27.,40.4));
#3206 = ( GEOMETRIC_REPRESENTATION_CONTEXT(2) 
PARAMETRIC_REPRESENTATION_CONTEXT() REPRESENTATION_CONTEXT('2D SPACE',''
  ) );
#3207 = ADVANCED_FACE('',(#3208),#2820,.F.);
#3208 = FACE_BOUND('',#3209,.F.);
#3209 = EDGE_LOOP('',(#3210,#3233,#3234,#3235));
#3210 = ORIENTED_EDGE('',*,*,#3211,.F.);
#3211 = EDGE_CURVE('',#2777,#3212,#3214,.T.);
#3212 = VERTEX_POINT('',#3213);
#3213 = CARTESIAN_POINT('',(-24.4,43.,5.));
#3214 = SURFACE_CURVE('',#3215,(#3219,#3226),.PCURVE_S1.);
#3215 = LINE('',#3216,#3217);
#3216 = CARTESIAN_POINT('',(-24.4,43.,2.5));
#3217 = VECTOR('',#3218,1.);
#3218 = DIRECTION('',(0.,0.,1.));
#3219 = PCURVE('',#2820,#3220);
#3220 = DEFINITIONAL_REPRESENTATION('',(#3221),#3225);
#3221 = LINE('',#3222,#3223);
#3222 = CARTESIAN_POINT('',(51.4,0.));
#3223 = VECTOR('',#3224,1.);
#3224 = DIRECTION('',(0.,-1.));
#3225 = ( GEOMETRIC_REPRESENTATION_CONTEXT(2) 
PARAMETRIC_REPRESENTATION_CONTEXT() REPRESENTATION_CONTEXT('2D SPACE',''
  ) );
#3226 = PCURVE('',#2793,#3227);
#3227 = DEFINITIONAL_REPRESENTATION('',(#3228),#3232);
#3228 = LINE('',#3229,#3230);
#3229 = CARTESIAN_POINT('',(0.,0.));
#3230 = VECTOR('',#3231,1.);
#3231 = DIRECTION('',(0.,1.));
#3232 = ( GEOMETRIC_REPRESENTATION_CONTEXT(2) 
PARAMETRIC_REPRESENTATION_CONTEXT() REPRESENTATION_CONTEXT('2D SPACE',''
  ) );
#3233 = ORIENTED_EDGE('',*,*,#2805,.T.);
#3234 = ORIENTED_EDGE('',*,*,#3116,.T.);
#3235 = ORIENTED_EDGE('',*,*,#3236,.F.);
#3236 = EDGE_CURVE('',#3212,#3117,#3237,.T.);
#3237 = SURFACE_CURVE('',#3238,(#3242,#3248),.PCURVE_S1.);
#3238 = LINE('',#3239,#3240);
#3239 = CARTESIAN_POINT('',(13.5,43.,5.));
#3240 = VECTOR('',#3241,1.);
#3241 = DIRECTION('',(1.,0.,-0.));
#3242 = PCURVE('',#2820,#3243);
#3243 = DEFINITIONAL_REPRESENTATION('',(#3244),#3247);
#3244 = B_SPLINE_CURVE_WITH_KNOTS('',1,(#3245,#3246),.UNSPECIFIED.,.F.,
  .F.,(2,2),(-37.9,10.9),.PIECEWISE_BEZIER_KNOTS.);
#3245 = CARTESIAN_POINT('',(51.4,-2.5));
#3246 = CARTESIAN_POINT('',(2.6,-2.5));
#3247 = ( GEOMETRIC_REPRESENTATION_CONTEXT(2) 
PARAMETRIC_REPRESENTATION_CONTEXT() REPRESENTATION_CONTEXT('2D SPACE',''
  ) );
#3248 = PCURVE('',#2955,#3249);
#3249 = DEFINITIONAL_REPRESENTATION('',(#3250),#3253);
#3250 = B_SPLINE_CURVE_WITH_KNOTS('',1,(#3251,#3252),.UNSPECIFIED.,.F.,
  .F.,(2,2),(-37.9,10.9),.PIECEWISE_BEZIER_KNOTS.);
#3251 = CARTESIAN_POINT('',(-24.4,43.));
#3252 = CARTESIAN_POINT('',(24.4,43.));
#3253 = ( GEOMETRIC_REPRESENTATION_CONTEXT(2) 
PARAMETRIC_REPRESENTATION_CONTEXT() REPRESENTATION_CONTEXT('2D SPACE',''
  ) );
#3254 = ADVANCED_FACE('',(#3255),#2793,.T.);
#3255 = FACE_BOUND('',#3256,.T.);
#3256 = EDGE_LOOP('',(#3257,#3258,#3259,#3260));
#3257 = ORIENTED_EDGE('',*,*,#3211,.F.);
#3258 = ORIENTED_EDGE('',*,*,#2776,.T.);
#3259 = ORIENTED_EDGE('',*,*,#3166,.T.);
#3260 = ORIENTED_EDGE('',*,*,#3261,.F.);
#3261 = EDGE_CURVE('',#3212,#3167,#3262,.T.);
#3262 = SURFACE_CURVE('',#3263,(#3268,#3275),.PCURVE_S1.);
#3263 = CIRCLE('',#3264,2.6);
#3264 = AXIS2_PLACEMENT_3D('',#3265,#3266,#3267);
#3265 = CARTESIAN_POINT('',(-24.4,40.4,5.));
#3266 = DIRECTION('',(0.,0.,1.));
#3267 = DIRECTION('',(-0.,1.,0.));
#3268 = PCURVE('',#2793,#3269);
#3269 = DEFINITIONAL_REPRESENTATION('',(#3270),#3274);
#3270 = LINE('',#3271,#3272);
#3271 = CARTESIAN_POINT('',(0.,2.5));
#3272 = VECTOR('',#3273,1.);
#3273 = DIRECTION('',(1.,0.));
#3274 = ( GEOMETRIC_REPRESENTATION_CONTEXT(2) 
PARAMETRIC_REPRESENTATION_CONTEXT() REPRESENTATION_CONTEXT('2D SPACE',''
  ) );
#3275 = PCURVE('',#2955,#3276);
#3276 = DEFINITIONAL_REPRESENTATION('',(#3277),#3281);
#3277 = CIRCLE('',#3278,2.6);
#3278 = AXIS2_PLACEMENT_2D('',#3279,#3280);
#3279 = CARTESIAN_POINT('',(-24.4,40.4));
#3280 = DIRECTION('',(0.,1.));
#3281 = ( GEOMETRIC_REPRESENTATION_CONTEXT(2) 
PARAMETRIC_REPRESENTATION_CONTEXT() REPRESENTATION_CONTEXT('2D SPACE',''
  ) );
#3282 = ADVANCED_FACE('',(#3283,#3293),#2955,.T.);
#3283 = FACE_BOUND('',#3284,.T.);
#3284 = EDGE_LOOP('',(#3285,#3286,#3287,#3288,#3289,#3290,#3291,#3292));
#3285 = ORIENTED_EDGE('',*,*,#2995,.F.);
#3286 = ORIENTED_EDGE('',*,*,#2940,.T.);
#3287 = ORIENTED_EDGE('',*,*,#3042,.F.);
#3288 = ORIENTED_EDGE('',*,*,#3139,.T.);
#3289 = ORIENTED_EDGE('',*,*,#3236,.F.);
#3290 = ORIENTED_EDGE('',*,*,#3261,.T.);
#3291 = ORIENTED_EDGE('',*,*,#3189,.F.);
#3292 = ORIENTED_EDGE('',*,*,#3089,.T.);
#3293 = FACE_BOUND('',#3294,.T.);
#3294 = EDGE_LOOP('',(#3295,#3325,#3358,#3386,#3415,#3443,#3472,#3500));
#3295 = ORIENTED_EDGE('',*,*,#3296,.F.);
#3296 = EDGE_CURVE('',#3297,#3299,#3301,.T.);
#3297 = VERTEX_POINT('',#3298);
#3298 = CARTESIAN_POINT('',(-24.4,-42.,5.));
#3299 = VERTEX_POINT('',#3300);
#3300 = CARTESIAN_POINT('',(24.4,-42.,5.));
#3301 = SURFACE_CURVE('',#3302,(#3306,#3313),.PCURVE_S1.);
#3302 = LINE('',#3303,#3304);
#3303 = CARTESIAN_POINT('',(-26.,-42.,5.));
#3304 = VECTOR('',#3305,1.);
#3305 = DIRECTION('',(1.,0.,0.));
#3306 = PCURVE('',#2955,#3307);
#3307 = DEFINITIONAL_REPRESENTATION('',(#3308),#3312);
#3308 = LINE('',#3309,#3310);
#3309 = CARTESIAN_POINT('',(-26.,-42.));
#3310 = VECTOR('',#3311,1.);
#3311 = DIRECTION('',(1.,0.));
#3312 = ( GEOMETRIC_REPRESENTATION_CONTEXT(2) 
PARAMETRIC_REPRESENTATION_CONTEXT() REPRESENTATION_CONTEXT('2D SPACE',''
  ) );
#3313 = PCURVE('',#3314,#3319);
#3314 = PLANE('',#3315);
#3315 = AXIS2_PLACEMENT_3D('',#3316,#3317,#3318);
#3316 = CARTESIAN_POINT('',(-26.,-42.,5.));
#3317 = DIRECTION('',(0.,1.,0.));
#3318 = DIRECTION('',(1.,0.,0.));
#3319 = DEFINITIONAL_REPRESENTATION('',(#3320),#3324);
#3320 = LINE('',#3321,#3322);
#3321 = CARTESIAN_POINT('',(0.,0.));
#3322 = VECTOR('',#3323,1.);
#3323 = DIRECTION('',(1.,0.));
#3324 = ( GEOMETRIC_REPRESENTATION_CONTEXT(2) 
PARAMETRIC_REPRESENTATION_CONTEXT() REPRESENTATION_CONTEXT('2D SPACE',''
  ) );
#3325 = ORIENTED_EDGE('',*,*,#3326,.T.);
#3326 = EDGE_CURVE('',#3297,#3327,#3329,.T.);
#3327 = VERTEX_POINT('',#3328);
#3328 = CARTESIAN_POINT('',(-26.,-40.4,5.));
#3329 = SURFACE_CURVE('',#3330,(#3335,#3346),.PCURVE_S1.);
#3330 = CIRCLE('',#3331,1.6);
#3331 = AXIS2_PLACEMENT_3D('',#3332,#3333,#3334);
#3332 = CARTESIAN_POINT('',(-24.4,-40.4,5.));
#3333 = DIRECTION('',(-0.,-0.,-1.));
#3334 = DIRECTION('',(0.,-1.,0.));
#3335 = PCURVE('',#2955,#3336);
#3336 = DEFINITIONAL_REPRESENTATION('',(#3337),#3345);
#3337 = ( BOUNDED_CURVE() B_SPLINE_CURVE(2,(#3338,#3339,#3340,#3341,
#3342,#3343,#3344),.UNSPECIFIED.,.T.,.F.) B_SPLINE_CURVE_WITH_KNOTS((1,2
    ,2,2,2,1),(-2.094395102393,0.,2.094395102393,4.188790204786,
6.28318530718,8.377580409573),.UNSPECIFIED.) CURVE() 
GEOMETRIC_REPRESENTATION_ITEM() RATIONAL_B_SPLINE_CURVE((1.,0.5,1.,0.5,
1.,0.5,1.)) REPRESENTATION_ITEM('') );
#3338 = CARTESIAN_POINT('',(-24.4,-42.));
#3339 = CARTESIAN_POINT('',(-27.17128129211,-42.));
#3340 = CARTESIAN_POINT('',(-25.78564064605,-39.6));
#3341 = CARTESIAN_POINT('',(-24.4,-37.2));
#3342 = CARTESIAN_POINT('',(-23.01435935394,-39.6));
#3343 = CARTESIAN_POINT('',(-21.62871870789,-42.));
#3344 = CARTESIAN_POINT('',(-24.4,-42.));
#3345 = ( GEOMETRIC_REPRESENTATION_CONTEXT(2) 
PARAMETRIC_REPRESENTATION_CONTEXT() REPRESENTATION_CONTEXT('2D SPACE',''
  ) );
#3346 = PCURVE('',#3347,#3352);
#3347 = CYLINDRICAL_SURFACE('',#3348,1.6);
#3348 = AXIS2_PLACEMENT_3D('',#3349,#3350,#3351);
#3349 = CARTESIAN_POINT('',(-24.4,-40.4,5.));
#3350 = DIRECTION('',(0.,0.,1.));
#3351 = DIRECTION('',(0.,-1.,0.));
#3352 = DEFINITIONAL_REPRESENTATION('',(#3353),#3357);
#3353 = LINE('',#3354,#3355);
#3354 = CARTESIAN_POINT('',(-0.,0.));
#3355 = VECTOR('',#3356,1.);
#3356 = DIRECTION('',(-1.,0.));
#3357 = ( GEOMETRIC_REPRESENTATION_CONTEXT(2) 
PARAMETRIC_REPRESENTATION_CONTEXT() REPRESENTATION_CONTEXT('2D SPACE',''
  ) );
#3358 = ORIENTED_EDGE('',*,*,#3359,.F.);
#3359 = EDGE_CURVE('',#3360,#3327,#3362,.T.);
#3360 = VERTEX_POINT('',#3361);
#3361 = CARTESIAN_POINT('',(-26.,40.4,5.));
#3362 = SURFACE_CURVE('',#3363,(#3367,#3374),.PCURVE_S1.);
#3363 = LINE('',#3364,#3365);
#3364 = CARTESIAN_POINT('',(-26.,42.,5.));
#3365 = VECTOR('',#3366,1.);
#3366 = DIRECTION('',(0.,-1.,0.));
#3367 = PCURVE('',#2955,#3368);
#3368 = DEFINITIONAL_REPRESENTATION('',(#3369),#3373);
#3369 = LINE('',#3370,#3371);
#3370 = CARTESIAN_POINT('',(-26.,42.));
#3371 = VECTOR('',#3372,1.);
#3372 = DIRECTION('',(0.,-1.));
#3373 = ( GEOMETRIC_REPRESENTATION_CONTEXT(2) 
PARAMETRIC_REPRESENTATION_CONTEXT() REPRESENTATION_CONTEXT('2D SPACE',''
  ) );
#3374 = PCURVE('',#3375,#3380);
#3375 = PLANE('',#3376);
#3376 = AXIS2_PLACEMENT_3D('',#3377,#3378,#3379);
#3377 = CARTESIAN_POINT('',(-26.,42.,5.));
#3378 = DIRECTION('',(1.,0.,-0.));
#3379 = DIRECTION('',(0.,-1.,0.));
#3380 = DEFINITIONAL_REPRESENTATION('',(#3381),#3385);
#3381 = LINE('',#3382,#3383);
#3382 = CARTESIAN_POINT('',(0.,0.));
#3383 = VECTOR('',#3384,1.);
#3384 = DIRECTION('',(1.,0.));
#3385 = ( GEOMETRIC_REPRESENTATION_CONTEXT(2) 
PARAMETRIC_REPRESENTATION_CONTEXT() REPRESENTATION_CONTEXT('2D SPACE',''
  ) );
#3386 = ORIENTED_EDGE('',*,*,#3387,.F.);
#3387 = EDGE_CURVE('',#3388,#3360,#3390,.T.);
#3388 = VERTEX_POINT('',#3389);
#3389 = CARTESIAN_POINT('',(-24.4,42.,5.));
#3390 = SURFACE_CURVE('',#3391,(#3396,#3403),.PCURVE_S1.);
#3391 = CIRCLE('',#3392,1.6);
#3392 = AXIS2_PLACEMENT_3D('',#3393,#3394,#3395);
#3393 = CARTESIAN_POINT('',(-24.4,40.4,5.));
#3394 = DIRECTION('',(0.,0.,1.));
#3395 = DIRECTION('',(0.,-1.,0.));
#3396 = PCURVE('',#2955,#3397);
#3397 = DEFINITIONAL_REPRESENTATION('',(#3398),#3402);
#3398 = CIRCLE('',#3399,1.6);
#3399 = AXIS2_PLACEMENT_2D('',#3400,#3401);
#3400 = CARTESIAN_POINT('',(-24.4,40.4));
#3401 = DIRECTION('',(0.,-1.));
#3402 = ( GEOMETRIC_REPRESENTATION_CONTEXT(2) 
PARAMETRIC_REPRESENTATION_CONTEXT() REPRESENTATION_CONTEXT('2D SPACE',''
  ) );
#3403 = PCURVE('',#3404,#3409);
#3404 = CYLINDRICAL_SURFACE('',#3405,1.6);
#3405 = AXIS2_PLACEMENT_3D('',#3406,#3407,#3408);
#3406 = CARTESIAN_POINT('',(-24.4,40.4,5.));
#3407 = DIRECTION('',(0.,0.,1.));
#3408 = DIRECTION('',(-0.,1.,0.));
#3409 = DEFINITIONAL_REPRESENTATION('',(#3410),#3414);
#3410 = LINE('',#3411,#3412);
#3411 = CARTESIAN_POINT('',(-3.14159265359,0.));
#3412 = VECTOR('',#3413,1.);
#3413 = DIRECTION('',(1.,0.));
#3414 = ( GEOMETRIC_REPRESENTATION_CONTEXT(2) 
PARAMETRIC_REPRESENTATION_CONTEXT() REPRESENTATION_CONTEXT('2D SPACE',''
  ) );
#3415 = ORIENTED_EDGE('',*,*,#3416,.F.);
#3416 = EDGE_CURVE('',#3417,#3388,#3419,.T.);
#3417 = VERTEX_POINT('',#3418);
#3418 = CARTESIAN_POINT('',(24.4,42.,5.));
#3419 = SURFACE_CURVE('',#3420,(#3424,#3431),.PCURVE_S1.);
#3420 = LINE('',#3421,#3422);
#3421 = CARTESIAN_POINT('',(26.,42.,5.));
#3422 = VECTOR('',#3423,1.);
#3423 = DIRECTION('',(-1.,0.,0.));
#3424 = PCURVE('',#2955,#3425);
#3425 = DEFINITIONAL_REPRESENTATION('',(#3426),#3430);
#3426 = LINE('',#3427,#3428);
#3427 = CARTESIAN_POINT('',(26.,42.));
#3428 = VECTOR('',#3429,1.);
#3429 = DIRECTION('',(-1.,0.));
#3430 = ( GEOMETRIC_REPRESENTATION_CONTEXT(2) 
PARAMETRIC_REPRESENTATION_CONTEXT() REPRESENTATION_CONTEXT('2D SPACE',''
  ) );
#3431 = PCURVE('',#3432,#3437);
#3432 = PLANE('',#3433);
#3433 = AXIS2_PLACEMENT_3D('',#3434,#3435,#3436);
#3434 = CARTESIAN_POINT('',(26.,42.,5.));
#3435 = DIRECTION('',(0.,-1.,0.));
#3436 = DIRECTION('',(-1.,0.,0.));
#3437 = DEFINITIONAL_REPRESENTATION('',(#3438),#3442);
#3438 = LINE('',#3439,#3440);
#3439 = CARTESIAN_POINT('',(0.,-0.));
#3440 = VECTOR('',#3441,1.);
#3441 = DIRECTION('',(1.,0.));
#3442 = ( GEOMETRIC_REPRESENTATION_CONTEXT(2) 
PARAMETRIC_REPRESENTATION_CONTEXT() REPRESENTATION_CONTEXT('2D SPACE',''
  ) );
#3443 = ORIENTED_EDGE('',*,*,#3444,.F.);
#3444 = EDGE_CURVE('',#3445,#3417,#3447,.T.);
#3445 = VERTEX_POINT('',#3446);
#3446 = CARTESIAN_POINT('',(26.,40.4,5.));
#3447 = SURFACE_CURVE('',#3448,(#3453,#3460),.PCURVE_S1.);
#3448 = CIRCLE('',#3449,1.6);
#3449 = AXIS2_PLACEMENT_3D('',#3450,#3451,#3452);
#3450 = CARTESIAN_POINT('',(24.4,40.4,5.));
#3451 = DIRECTION('',(0.,0.,1.));
#3452 = DIRECTION('',(0.,-1.,0.));
#3453 = PCURVE('',#2955,#3454);
#3454 = DEFINITIONAL_REPRESENTATION('',(#3455),#3459);
#3455 = CIRCLE('',#3456,1.6);
#3456 = AXIS2_PLACEMENT_2D('',#3457,#3458);
#3457 = CARTESIAN_POINT('',(24.4,40.4));
#3458 = DIRECTION('',(0.,-1.));
#3459 = ( GEOMETRIC_REPRESENTATION_CONTEXT(2) 
PARAMETRIC_REPRESENTATION_CONTEXT() REPRESENTATION_CONTEXT('2D SPACE',''
  ) );
#3460 = PCURVE('',#3461,#3466);
#3461 = CYLINDRICAL_SURFACE('',#3462,1.6);
#3462 = AXIS2_PLACEMENT_3D('',#3463,#3464,#3465);
#3463 = CARTESIAN_POINT('',(24.4,40.4,5.));
#3464 = DIRECTION('',(0.,0.,1.));
#3465 = DIRECTION('',(1.,0.,-0.));
#3466 = DEFINITIONAL_REPRESENTATION('',(#3467),#3471);
#3467 = LINE('',#3468,#3469);
#3468 = CARTESIAN_POINT('',(-1.570796326795,0.));
#3469 = VECTOR('',#3470,1.);
#3470 = DIRECTION('',(1.,0.));
#3471 = ( GEOMETRIC_REPRESENTATION_CONTEXT(2) 
PARAMETRIC_REPRESENTATION_CONTEXT() REPRESENTATION_CONTEXT('2D SPACE',''
  ) );
#3472 = ORIENTED_EDGE('',*,*,#3473,.F.);
#3473 = EDGE_CURVE('',#3474,#3445,#3476,.T.);
#3474 = VERTEX_POINT('',#3475);
#3475 = CARTESIAN_POINT('',(26.,-40.4,5.));
#3476 = SURFACE_CURVE('',#3477,(#3481,#3488),.PCURVE_S1.);
#3477 = LINE('',#3478,#3479);
#3478 = CARTESIAN_POINT('',(26.,-42.,5.));
#3479 = VECTOR('',#3480,1.);
#3480 = DIRECTION('',(0.,1.,0.));
#3481 = PCURVE('',#2955,#3482);
#3482 = DEFINITIONAL_REPRESENTATION('',(#3483),#3487);
#3483 = LINE('',#3484,#3485);
#3484 = CARTESIAN_POINT('',(26.,-42.));
#3485 = VECTOR('',#3486,1.);
#3486 = DIRECTION('',(0.,1.));
#3487 = ( GEOMETRIC_REPRESENTATION_CONTEXT(2) 
PARAMETRIC_REPRESENTATION_CONTEXT() REPRESENTATION_CONTEXT('2D SPACE',''
  ) );
#3488 = PCURVE('',#3489,#3494);
#3489 = PLANE('',#3490);
#3490 = AXIS2_PLACEMENT_3D('',#3491,#3492,#3493);
#3491 = CARTESIAN_POINT('',(26.,-42.,5.));
#3492 = DIRECTION('',(-1.,0.,0.));
#3493 = DIRECTION('',(0.,1.,0.));
#3494 = DEFINITIONAL_REPRESENTATION('',(#3495),#3499);
#3495 = LINE('',#3496,#3497);
#3496 = CARTESIAN_POINT('',(0.,0.));
#3497 = VECTOR('',#3498,1.);
#3498 = DIRECTION('',(1.,0.));
#3499 = ( GEOMETRIC_REPRESENTATION_CONTEXT(2) 
PARAMETRIC_REPRESENTATION_CONTEXT() REPRESENTATION_CONTEXT('2D SPACE',''
  ) );
#3500 = ORIENTED_EDGE('',*,*,#3501,.F.);
#3501 = EDGE_CURVE('',#3299,#3474,#3502,.T.);
#3502 = SURFACE_CURVE('',#3503,(#3508,#3515),.PCURVE_S1.);
#3503 = CIRCLE('',#3504,1.6);
#3504 = AXIS2_PLACEMENT_3D('',#3505,#3506,#3507);
#3505 = CARTESIAN_POINT('',(24.4,-40.4,5.));
#3506 = DIRECTION('',(0.,0.,1.));
#3507 = DIRECTION('',(0.,-1.,0.));
#3508 = PCURVE('',#2955,#3509);
#3509 = DEFINITIONAL_REPRESENTATION('',(#3510),#3514);
#3510 = CIRCLE('',#3511,1.6);
#3511 = AXIS2_PLACEMENT_2D('',#3512,#3513);
#3512 = CARTESIAN_POINT('',(24.4,-40.4));
#3513 = DIRECTION('',(0.,-1.));
#3514 = ( GEOMETRIC_REPRESENTATION_CONTEXT(2) 
PARAMETRIC_REPRESENTATION_CONTEXT() REPRESENTATION_CONTEXT('2D SPACE',''
  ) );
#3515 = PCURVE('',#3516,#3521);
#3516 = CYLINDRICAL_SURFACE('',#3517,1.6);
#3517 = AXIS2_PLACEMENT_3D('',#3518,#3519,#3520);
#3518 = CARTESIAN_POINT('',(24.4,-40.4,5.));
#3519 = DIRECTION('',(0.,0.,1.));
#3520 = DIRECTION('',(0.,-1.,0.));
#3521 = DEFINITIONAL_REPRESENTATION('',(#3522),#3526);
#3522 = LINE('',#3523,#3524);
#3523 = CARTESIAN_POINT('',(0.,0.));
#3524 = VECTOR('',#3525,1.);
#3525 = DIRECTION('',(1.,0.));
#3526 = ( GEOMETRIC_REPRESENTATION_CONTEXT(2) 
PARAMETRIC_REPRESENTATION_CONTEXT() REPRESENTATION_CONTEXT('2D SPACE',''
  ) );
#3527 = ADVANCED_FACE('',(#3528),#3314,.F.);
#3528 = FACE_BOUND('',#3529,.F.);
#3529 = EDGE_LOOP('',(#3530,#3531,#3554,#3582));
#3530 = ORIENTED_EDGE('',*,*,#3296,.F.);
#3531 = ORIENTED_EDGE('',*,*,#3532,.T.);
#3532 = EDGE_CURVE('',#3297,#3533,#3535,.T.);
#3533 = VERTEX_POINT('',#3534);
#3534 = CARTESIAN_POINT('',(-24.4,-42.,7.5));
#3535 = SURFACE_CURVE('',#3536,(#3540,#3547),.PCURVE_S1.);
#3536 = LINE('',#3537,#3538);
#3537 = CARTESIAN_POINT('',(-24.4,-42.,5.));
#3538 = VECTOR('',#3539,1.);
#3539 = DIRECTION('',(0.,0.,1.));
#3540 = PCURVE('',#3314,#3541);
#3541 = DEFINITIONAL_REPRESENTATION('',(#3542),#3546);
#3542 = LINE('',#3543,#3544);
#3543 = CARTESIAN_POINT('',(1.6,0.));
#3544 = VECTOR('',#3545,1.);
#3545 = DIRECTION('',(0.,-1.));
#3546 = ( GEOMETRIC_REPRESENTATION_CONTEXT(2) 
PARAMETRIC_REPRESENTATION_CONTEXT() REPRESENTATION_CONTEXT('2D SPACE',''
  ) );
#3547 = PCURVE('',#3347,#3548);
#3548 = DEFINITIONAL_REPRESENTATION('',(#3549),#3553);
#3549 = LINE('',#3550,#3551);
#3550 = CARTESIAN_POINT('',(-0.,0.));
#3551 = VECTOR('',#3552,1.);
#3552 = DIRECTION('',(-0.,1.));
#3553 = ( GEOMETRIC_REPRESENTATION_CONTEXT(2) 
PARAMETRIC_REPRESENTATION_CONTEXT() REPRESENTATION_CONTEXT('2D SPACE',''
  ) );
#3554 = ORIENTED_EDGE('',*,*,#3555,.T.);
#3555 = EDGE_CURVE('',#3533,#3556,#3558,.T.);
#3556 = VERTEX_POINT('',#3557);
#3557 = CARTESIAN_POINT('',(24.4,-42.,7.5));
#3558 = SURFACE_CURVE('',#3559,(#3563,#3570),.PCURVE_S1.);
#3559 = LINE('',#3560,#3561);
#3560 = CARTESIAN_POINT('',(-26.,-42.,7.5));
#3561 = VECTOR('',#3562,1.);
#3562 = DIRECTION('',(1.,0.,0.));
#3563 = PCURVE('',#3314,#3564);
#3564 = DEFINITIONAL_REPRESENTATION('',(#3565),#3569);
#3565 = LINE('',#3566,#3567);
#3566 = CARTESIAN_POINT('',(0.,-2.5));
#3567 = VECTOR('',#3568,1.);
#3568 = DIRECTION('',(1.,0.));
#3569 = ( GEOMETRIC_REPRESENTATION_CONTEXT(2) 
PARAMETRIC_REPRESENTATION_CONTEXT() REPRESENTATION_CONTEXT('2D SPACE',''
  ) );
#3570 = PCURVE('',#3571,#3576);
#3571 = PLANE('',#3572);
#3572 = AXIS2_PLACEMENT_3D('',#3573,#3574,#3575);
#3573 = CARTESIAN_POINT('',(0.,0.,7.5));
#3574 = DIRECTION('',(0.,0.,1.));
#3575 = DIRECTION('',(1.,0.,-0.));
#3576 = DEFINITIONAL_REPRESENTATION('',(#3577),#3581);
#3577 = LINE('',#3578,#3579);
#3578 = CARTESIAN_POINT('',(-26.,-42.));
#3579 = VECTOR('',#3580,1.);
#3580 = DIRECTION('',(1.,0.));
#3581 = ( GEOMETRIC_REPRESENTATION_CONTEXT(2) 
PARAMETRIC_REPRESENTATION_CONTEXT() REPRESENTATION_CONTEXT('2D SPACE',''
  ) );
#3582 = ORIENTED_EDGE('',*,*,#3583,.F.);
#3583 = EDGE_CURVE('',#3299,#3556,#3584,.T.);
#3584 = SURFACE_CURVE('',#3585,(#3589,#3596),.PCURVE_S1.);
#3585 = LINE('',#3586,#3587);
#3586 = CARTESIAN_POINT('',(24.4,-42.,5.));
#3587 = VECTOR('',#3588,1.);
#3588 = DIRECTION('',(0.,0.,1.));
#3589 = PCURVE('',#3314,#3590);
#3590 = DEFINITIONAL_REPRESENTATION('',(#3591),#3595);
#3591 = LINE('',#3592,#3593);
#3592 = CARTESIAN_POINT('',(50.4,0.));
#3593 = VECTOR('',#3594,1.);
#3594 = DIRECTION('',(0.,-1.));
#3595 = ( GEOMETRIC_REPRESENTATION_CONTEXT(2) 
PARAMETRIC_REPRESENTATION_CONTEXT() REPRESENTATION_CONTEXT('2D SPACE',''
  ) );
#3596 = PCURVE('',#3516,#3597);
#3597 = DEFINITIONAL_REPRESENTATION('',(#3598),#3602);
#3598 = LINE('',#3599,#3600);
#3599 = CARTESIAN_POINT('',(0.,0.));
#3600 = VECTOR('',#3601,1.);
#3601 = DIRECTION('',(0.,1.));
#3602 = ( GEOMETRIC_REPRESENTATION_CONTEXT(2) 
PARAMETRIC_REPRESENTATION_CONTEXT() REPRESENTATION_CONTEXT('2D SPACE',''
  ) );
#3603 = ADVANCED_FACE('',(#3604),#3347,.T.);
#3604 = FACE_BOUND('',#3605,.F.);
#3605 = EDGE_LOOP('',(#3606,#3607,#3630,#3656));
#3606 = ORIENTED_EDGE('',*,*,#3326,.T.);
#3607 = ORIENTED_EDGE('',*,*,#3608,.T.);
#3608 = EDGE_CURVE('',#3327,#3609,#3611,.T.);
#3609 = VERTEX_POINT('',#3610);
#3610 = CARTESIAN_POINT('',(-26.,-40.4,7.5));
#3611 = SURFACE_CURVE('',#3612,(#3616,#3623),.PCURVE_S1.);
#3612 = LINE('',#3613,#3614);
#3613 = CARTESIAN_POINT('',(-26.,-40.4,5.));
#3614 = VECTOR('',#3615,1.);
#3615 = DIRECTION('',(0.,0.,1.));
#3616 = PCURVE('',#3347,#3617);
#3617 = DEFINITIONAL_REPRESENTATION('',(#3618),#3622);
#3618 = LINE('',#3619,#3620);
#3619 = CARTESIAN_POINT('',(-1.570796326795,0.));
#3620 = VECTOR('',#3621,1.);
#3621 = DIRECTION('',(-0.,1.));
#3622 = ( GEOMETRIC_REPRESENTATION_CONTEXT(2) 
PARAMETRIC_REPRESENTATION_CONTEXT() REPRESENTATION_CONTEXT('2D SPACE',''
  ) );
#3623 = PCURVE('',#3375,#3624);
#3624 = DEFINITIONAL_REPRESENTATION('',(#3625),#3629);
#3625 = LINE('',#3626,#3627);
#3626 = CARTESIAN_POINT('',(82.4,0.));
#3627 = VECTOR('',#3628,1.);
#3628 = DIRECTION('',(0.,-1.));
#3629 = ( GEOMETRIC_REPRESENTATION_CONTEXT(2) 
PARAMETRIC_REPRESENTATION_CONTEXT() REPRESENTATION_CONTEXT('2D SPACE',''
  ) );
#3630 = ORIENTED_EDGE('',*,*,#3631,.F.);
#3631 = EDGE_CURVE('',#3533,#3609,#3632,.T.);
#3632 = SURFACE_CURVE('',#3633,(#3638,#3645),.PCURVE_S1.);
#3633 = CIRCLE('',#3634,1.6);
#3634 = AXIS2_PLACEMENT_3D('',#3635,#3636,#3637);
#3635 = CARTESIAN_POINT('',(-24.4,-40.4,7.5));
#3636 = DIRECTION('',(-0.,-0.,-1.));
#3637 = DIRECTION('',(0.,-1.,0.));
#3638 = PCURVE('',#3347,#3639);
#3639 = DEFINITIONAL_REPRESENTATION('',(#3640),#3644);
#3640 = LINE('',#3641,#3642);
#3641 = CARTESIAN_POINT('',(-0.,2.5));
#3642 = VECTOR('',#3643,1.);
#3643 = DIRECTION('',(-1.,0.));
#3644 = ( GEOMETRIC_REPRESENTATION_CONTEXT(2) 
PARAMETRIC_REPRESENTATION_CONTEXT() REPRESENTATION_CONTEXT('2D SPACE',''
  ) );
#3645 = PCURVE('',#3571,#3646);
#3646 = DEFINITIONAL_REPRESENTATION('',(#3647),#3655);
#3647 = ( BOUNDED_CURVE() B_SPLINE_CURVE(2,(#3648,#3649,#3650,#3651,
#3652,#3653,#3654),.UNSPECIFIED.,.T.,.F.) B_SPLINE_CURVE_WITH_KNOTS((1,2
    ,2,2,2,1),(-2.094395102393,0.,2.094395102393,4.188790204786,
6.28318530718,8.377580409573),.UNSPECIFIED.) CURVE() 
GEOMETRIC_REPRESENTATION_ITEM() RATIONAL_B_SPLINE_CURVE((1.,0.5,1.,0.5,
1.,0.5,1.)) REPRESENTATION_ITEM('') );
#3648 = CARTESIAN_POINT('',(-24.4,-42.));
#3649 = CARTESIAN_POINT('',(-27.17128129211,-42.));
#3650 = CARTESIAN_POINT('',(-25.78564064605,-39.6));
#3651 = CARTESIAN_POINT('',(-24.4,-37.2));
#3652 = CARTESIAN_POINT('',(-23.01435935394,-39.6));
#3653 = CARTESIAN_POINT('',(-21.62871870789,-42.));
#3654 = CARTESIAN_POINT('',(-24.4,-42.));
#3655 = ( GEOMETRIC_REPRESENTATION_CONTEXT(2) 
PARAMETRIC_REPRESENTATION_CONTEXT() REPRESENTATION_CONTEXT('2D SPACE',''
  ) );
#3656 = ORIENTED_EDGE('',*,*,#3532,.F.);
#3657 = ADVANCED_FACE('',(#3658),#3516,.T.);
#3658 = FACE_BOUND('',#3659,.T.);
#3659 = EDGE_LOOP('',(#3660,#3661,#3684,#3706));
#3660 = ORIENTED_EDGE('',*,*,#3501,.T.);
#3661 = ORIENTED_EDGE('',*,*,#3662,.T.);
#3662 = EDGE_CURVE('',#3474,#3663,#3665,.T.);
#3663 = VERTEX_POINT('',#3664);
#3664 = CARTESIAN_POINT('',(26.,-40.4,7.5));
#3665 = SURFACE_CURVE('',#3666,(#3670,#3677),.PCURVE_S1.);
#3666 = LINE('',#3667,#3668);
#3667 = CARTESIAN_POINT('',(26.,-40.4,5.));
#3668 = VECTOR('',#3669,1.);
#3669 = DIRECTION('',(0.,0.,1.));
#3670 = PCURVE('',#3516,#3671);
#3671 = DEFINITIONAL_REPRESENTATION('',(#3672),#3676);
#3672 = LINE('',#3673,#3674);
#3673 = CARTESIAN_POINT('',(1.570796326795,0.));
#3674 = VECTOR('',#3675,1.);
#3675 = DIRECTION('',(0.,1.));
#3676 = ( GEOMETRIC_REPRESENTATION_CONTEXT(2) 
PARAMETRIC_REPRESENTATION_CONTEXT() REPRESENTATION_CONTEXT('2D SPACE',''
  ) );
#3677 = PCURVE('',#3489,#3678);
#3678 = DEFINITIONAL_REPRESENTATION('',(#3679),#3683);
#3679 = LINE('',#3680,#3681);
#3680 = CARTESIAN_POINT('',(1.6,0.));
#3681 = VECTOR('',#3682,1.);
#3682 = DIRECTION('',(0.,-1.));
#3683 = ( GEOMETRIC_REPRESENTATION_CONTEXT(2) 
PARAMETRIC_REPRESENTATION_CONTEXT() REPRESENTATION_CONTEXT('2D SPACE',''
  ) );
#3684 = ORIENTED_EDGE('',*,*,#3685,.F.);
#3685 = EDGE_CURVE('',#3556,#3663,#3686,.T.);
#3686 = SURFACE_CURVE('',#3687,(#3692,#3699),.PCURVE_S1.);
#3687 = CIRCLE('',#3688,1.6);
#3688 = AXIS2_PLACEMENT_3D('',#3689,#3690,#3691);
#3689 = CARTESIAN_POINT('',(24.4,-40.4,7.5));
#3690 = DIRECTION('',(0.,0.,1.));
#3691 = DIRECTION('',(0.,-1.,0.));
#3692 = PCURVE('',#3516,#3693);
#3693 = DEFINITIONAL_REPRESENTATION('',(#3694),#3698);
#3694 = LINE('',#3695,#3696);
#3695 = CARTESIAN_POINT('',(0.,2.5));
#3696 = VECTOR('',#3697,1.);
#3697 = DIRECTION('',(1.,0.));
#3698 = ( GEOMETRIC_REPRESENTATION_CONTEXT(2) 
PARAMETRIC_REPRESENTATION_CONTEXT() REPRESENTATION_CONTEXT('2D SPACE',''
  ) );
#3699 = PCURVE('',#3571,#3700);
#3700 = DEFINITIONAL_REPRESENTATION('',(#3701),#3705);
#3701 = CIRCLE('',#3702,1.6);
#3702 = AXIS2_PLACEMENT_2D('',#3703,#3704);
#3703 = CARTESIAN_POINT('',(24.4,-40.4));
#3704 = DIRECTION('',(0.,-1.));
#3705 = ( GEOMETRIC_REPRESENTATION_CONTEXT(2) 
PARAMETRIC_REPRESENTATION_CONTEXT() REPRESENTATION_CONTEXT('2D SPACE',''
  ) );
#3706 = ORIENTED_EDGE('',*,*,#3583,.F.);
#3707 = ADVANCED_FACE('',(#3708),#3375,.F.);
#3708 = FACE_BOUND('',#3709,.F.);
#3709 = EDGE_LOOP('',(#3710,#3711,#3734,#3755));
#3710 = ORIENTED_EDGE('',*,*,#3359,.F.);
#3711 = ORIENTED_EDGE('',*,*,#3712,.T.);
#3712 = EDGE_CURVE('',#3360,#3713,#3715,.T.);
#3713 = VERTEX_POINT('',#3714);
#3714 = CARTESIAN_POINT('',(-26.,40.4,7.5));
#3715 = SURFACE_CURVE('',#3716,(#3720,#3727),.PCURVE_S1.);
#3716 = LINE('',#3717,#3718);
#3717 = CARTESIAN_POINT('',(-26.,40.4,5.));
#3718 = VECTOR('',#3719,1.);
#3719 = DIRECTION('',(0.,0.,1.));
#3720 = PCURVE('',#3375,#3721);
#3721 = DEFINITIONAL_REPRESENTATION('',(#3722),#3726);
#3722 = LINE('',#3723,#3724);
#3723 = CARTESIAN_POINT('',(1.6,0.));
#3724 = VECTOR('',#3725,1.);
#3725 = DIRECTION('',(0.,-1.));
#3726 = ( GEOMETRIC_REPRESENTATION_CONTEXT(2) 
PARAMETRIC_REPRESENTATION_CONTEXT() REPRESENTATION_CONTEXT('2D SPACE',''
  ) );
#3727 = PCURVE('',#3404,#3728);
#3728 = DEFINITIONAL_REPRESENTATION('',(#3729),#3733);
#3729 = LINE('',#3730,#3731);
#3730 = CARTESIAN_POINT('',(1.570796326795,0.));
#3731 = VECTOR('',#3732,1.);
#3732 = DIRECTION('',(0.,1.));
#3733 = ( GEOMETRIC_REPRESENTATION_CONTEXT(2) 
PARAMETRIC_REPRESENTATION_CONTEXT() REPRESENTATION_CONTEXT('2D SPACE',''
  ) );
#3734 = ORIENTED_EDGE('',*,*,#3735,.T.);
#3735 = EDGE_CURVE('',#3713,#3609,#3736,.T.);
#3736 = SURFACE_CURVE('',#3737,(#3741,#3748),.PCURVE_S1.);
#3737 = LINE('',#3738,#3739);
#3738 = CARTESIAN_POINT('',(-26.,42.,7.5));
#3739 = VECTOR('',#3740,1.);
#3740 = DIRECTION('',(0.,-1.,0.));
#3741 = PCURVE('',#3375,#3742);
#3742 = DEFINITIONAL_REPRESENTATION('',(#3743),#3747);
#3743 = LINE('',#3744,#3745);
#3744 = CARTESIAN_POINT('',(0.,-2.5));
#3745 = VECTOR('',#3746,1.);
#3746 = DIRECTION('',(1.,0.));
#3747 = ( GEOMETRIC_REPRESENTATION_CONTEXT(2) 
PARAMETRIC_REPRESENTATION_CONTEXT() REPRESENTATION_CONTEXT('2D SPACE',''
  ) );
#3748 = PCURVE('',#3571,#3749);
#3749 = DEFINITIONAL_REPRESENTATION('',(#3750),#3754);
#3750 = LINE('',#3751,#3752);
#3751 = CARTESIAN_POINT('',(-26.,42.));
#3752 = VECTOR('',#3753,1.);
#3753 = DIRECTION('',(0.,-1.));
#3754 = ( GEOMETRIC_REPRESENTATION_CONTEXT(2) 
PARAMETRIC_REPRESENTATION_CONTEXT() REPRESENTATION_CONTEXT('2D SPACE',''
  ) );
#3755 = ORIENTED_EDGE('',*,*,#3608,.F.);
#3756 = ADVANCED_FACE('',(#3757),#3489,.F.);
#3757 = FACE_BOUND('',#3758,.F.);
#3758 = EDGE_LOOP('',(#3759,#3760,#3761,#3784));
#3759 = ORIENTED_EDGE('',*,*,#3473,.F.);
#3760 = ORIENTED_EDGE('',*,*,#3662,.T.);
#3761 = ORIENTED_EDGE('',*,*,#3762,.T.);
#3762 = EDGE_CURVE('',#3663,#3763,#3765,.T.);
#3763 = VERTEX_POINT('',#3764);
#3764 = CARTESIAN_POINT('',(26.,40.4,7.5));
#3765 = SURFACE_CURVE('',#3766,(#3770,#3777),.PCURVE_S1.);
#3766 = LINE('',#3767,#3768);
#3767 = CARTESIAN_POINT('',(26.,-42.,7.5));
#3768 = VECTOR('',#3769,1.);
#3769 = DIRECTION('',(0.,1.,0.));
#3770 = PCURVE('',#3489,#3771);
#3771 = DEFINITIONAL_REPRESENTATION('',(#3772),#3776);
#3772 = LINE('',#3773,#3774);
#3773 = CARTESIAN_POINT('',(0.,-2.5));
#3774 = VECTOR('',#3775,1.);
#3775 = DIRECTION('',(1.,0.));
#3776 = ( GEOMETRIC_REPRESENTATION_CONTEXT(2) 
PARAMETRIC_REPRESENTATION_CONTEXT() REPRESENTATION_CONTEXT('2D SPACE',''
  ) );
#3777 = PCURVE('',#3571,#3778);
#3778 = DEFINITIONAL_REPRESENTATION('',(#3779),#3783);
#3779 = LINE('',#3780,#3781);
#3780 = CARTESIAN_POINT('',(26.,-42.));
#3781 = VECTOR('',#3782,1.);
#3782 = DIRECTION('',(0.,1.));
#3783 = ( GEOMETRIC_REPRESENTATION_CONTEXT(2) 
PARAMETRIC_REPRESENTATION_CONTEXT() REPRESENTATION_CONTEXT('2D SPACE',''
  ) );
#3784 = ORIENTED_EDGE('',*,*,#3785,.F.);
#3785 = EDGE_CURVE('',#3445,#3763,#3786,.T.);
#3786 = SURFACE_CURVE('',#3787,(#3791,#3798),.PCURVE_S1.);
#3787 = LINE('',#3788,#3789);
#3788 = CARTESIAN_POINT('',(26.,40.4,5.));
#3789 = VECTOR('',#3790,1.);
#3790 = DIRECTION('',(0.,0.,1.));
#3791 = PCURVE('',#3489,#3792);
#3792 = DEFINITIONAL_REPRESENTATION('',(#3793),#3797);
#3793 = LINE('',#3794,#3795);
#3794 = CARTESIAN_POINT('',(82.4,0.));
#3795 = VECTOR('',#3796,1.);
#3796 = DIRECTION('',(0.,-1.));
#3797 = ( GEOMETRIC_REPRESENTATION_CONTEXT(2) 
PARAMETRIC_REPRESENTATION_CONTEXT() REPRESENTATION_CONTEXT('2D SPACE',''
  ) );
#3798 = PCURVE('',#3461,#3799);
#3799 = DEFINITIONAL_REPRESENTATION('',(#3800),#3804);
#3800 = LINE('',#3801,#3802);
#3801 = CARTESIAN_POINT('',(0.,0.));
#3802 = VECTOR('',#3803,1.);
#3803 = DIRECTION('',(0.,1.));
#3804 = ( GEOMETRIC_REPRESENTATION_CONTEXT(2) 
PARAMETRIC_REPRESENTATION_CONTEXT() REPRESENTATION_CONTEXT('2D SPACE',''
  ) );
#3805 = ADVANCED_FACE('',(#3806),#3404,.T.);
#3806 = FACE_BOUND('',#3807,.T.);
#3807 = EDGE_LOOP('',(#3808,#3809,#3810,#3834));
#3808 = ORIENTED_EDGE('',*,*,#3387,.T.);
#3809 = ORIENTED_EDGE('',*,*,#3712,.T.);
#3810 = ORIENTED_EDGE('',*,*,#3811,.F.);
#3811 = EDGE_CURVE('',#3812,#3713,#3814,.T.);
#3812 = VERTEX_POINT('',#3813);
#3813 = CARTESIAN_POINT('',(-24.4,42.,7.5));
#3814 = SURFACE_CURVE('',#3815,(#3820,#3827),.PCURVE_S1.);
#3815 = CIRCLE('',#3816,1.6);
#3816 = AXIS2_PLACEMENT_3D('',#3817,#3818,#3819);
#3817 = CARTESIAN_POINT('',(-24.4,40.4,7.5));
#3818 = DIRECTION('',(0.,0.,1.));
#3819 = DIRECTION('',(0.,-1.,0.));
#3820 = PCURVE('',#3404,#3821);
#3821 = DEFINITIONAL_REPRESENTATION('',(#3822),#3826);
#3822 = LINE('',#3823,#3824);
#3823 = CARTESIAN_POINT('',(-3.14159265359,2.5));
#3824 = VECTOR('',#3825,1.);
#3825 = DIRECTION('',(1.,0.));
#3826 = ( GEOMETRIC_REPRESENTATION_CONTEXT(2) 
PARAMETRIC_REPRESENTATION_CONTEXT() REPRESENTATION_CONTEXT('2D SPACE',''
  ) );
#3827 = PCURVE('',#3571,#3828);
#3828 = DEFINITIONAL_REPRESENTATION('',(#3829),#3833);
#3829 = CIRCLE('',#3830,1.6);
#3830 = AXIS2_PLACEMENT_2D('',#3831,#3832);
#3831 = CARTESIAN_POINT('',(-24.4,40.4));
#3832 = DIRECTION('',(0.,-1.));
#3833 = ( GEOMETRIC_REPRESENTATION_CONTEXT(2) 
PARAMETRIC_REPRESENTATION_CONTEXT() REPRESENTATION_CONTEXT('2D SPACE',''
  ) );
#3834 = ORIENTED_EDGE('',*,*,#3835,.F.);
#3835 = EDGE_CURVE('',#3388,#3812,#3836,.T.);
#3836 = SURFACE_CURVE('',#3837,(#3841,#3848),.PCURVE_S1.);
#3837 = LINE('',#3838,#3839);
#3838 = CARTESIAN_POINT('',(-24.4,42.,5.));
#3839 = VECTOR('',#3840,1.);
#3840 = DIRECTION('',(0.,0.,1.));
#3841 = PCURVE('',#3404,#3842);
#3842 = DEFINITIONAL_REPRESENTATION('',(#3843),#3847);
#3843 = LINE('',#3844,#3845);
#3844 = CARTESIAN_POINT('',(0.,0.));
#3845 = VECTOR('',#3846,1.);
#3846 = DIRECTION('',(0.,1.));
#3847 = ( GEOMETRIC_REPRESENTATION_CONTEXT(2) 
PARAMETRIC_REPRESENTATION_CONTEXT() REPRESENTATION_CONTEXT('2D SPACE',''
  ) );
#3848 = PCURVE('',#3432,#3849);
#3849 = DEFINITIONAL_REPRESENTATION('',(#3850),#3854);
#3850 = LINE('',#3851,#3852);
#3851 = CARTESIAN_POINT('',(50.4,0.));
#3852 = VECTOR('',#3853,1.);
#3853 = DIRECTION('',(0.,-1.));
#3854 = ( GEOMETRIC_REPRESENTATION_CONTEXT(2) 
PARAMETRIC_REPRESENTATION_CONTEXT() REPRESENTATION_CONTEXT('2D SPACE',''
  ) );
#3855 = ADVANCED_FACE('',(#3856),#3461,.T.);
#3856 = FACE_BOUND('',#3857,.T.);
#3857 = EDGE_LOOP('',(#3858,#3859,#3882,#3904));
#3858 = ORIENTED_EDGE('',*,*,#3444,.T.);
#3859 = ORIENTED_EDGE('',*,*,#3860,.T.);
#3860 = EDGE_CURVE('',#3417,#3861,#3863,.T.);
#3861 = VERTEX_POINT('',#3862);
#3862 = CARTESIAN_POINT('',(24.4,42.,7.5));
#3863 = SURFACE_CURVE('',#3864,(#3868,#3875),.PCURVE_S1.);
#3864 = LINE('',#3865,#3866);
#3865 = CARTESIAN_POINT('',(24.4,42.,5.));
#3866 = VECTOR('',#3867,1.);
#3867 = DIRECTION('',(0.,0.,1.));
#3868 = PCURVE('',#3461,#3869);
#3869 = DEFINITIONAL_REPRESENTATION('',(#3870),#3874);
#3870 = LINE('',#3871,#3872);
#3871 = CARTESIAN_POINT('',(1.570796326795,0.));
#3872 = VECTOR('',#3873,1.);
#3873 = DIRECTION('',(0.,1.));
#3874 = ( GEOMETRIC_REPRESENTATION_CONTEXT(2) 
PARAMETRIC_REPRESENTATION_CONTEXT() REPRESENTATION_CONTEXT('2D SPACE',''
  ) );
#3875 = PCURVE('',#3432,#3876);
#3876 = DEFINITIONAL_REPRESENTATION('',(#3877),#3881);
#3877 = LINE('',#3878,#3879);
#3878 = CARTESIAN_POINT('',(1.6,0.));
#3879 = VECTOR('',#3880,1.);
#3880 = DIRECTION('',(0.,-1.));
#3881 = ( GEOMETRIC_REPRESENTATION_CONTEXT(2) 
PARAMETRIC_REPRESENTATION_CONTEXT() REPRESENTATION_CONTEXT('2D SPACE',''
  ) );
#3882 = ORIENTED_EDGE('',*,*,#3883,.F.);
#3883 = EDGE_CURVE('',#3763,#3861,#3884,.T.);
#3884 = SURFACE_CURVE('',#3885,(#3890,#3897),.PCURVE_S1.);
#3885 = CIRCLE('',#3886,1.6);
#3886 = AXIS2_PLACEMENT_3D('',#3887,#3888,#3889);
#3887 = CARTESIAN_POINT('',(24.4,40.4,7.5));
#3888 = DIRECTION('',(0.,0.,1.));
#3889 = DIRECTION('',(0.,-1.,0.));
#3890 = PCURVE('',#3461,#3891);
#3891 = DEFINITIONAL_REPRESENTATION('',(#3892),#3896);
#3892 = LINE('',#3893,#3894);
#3893 = CARTESIAN_POINT('',(-1.570796326795,2.5));
#3894 = VECTOR('',#3895,1.);
#3895 = DIRECTION('',(1.,0.));
#3896 = ( GEOMETRIC_REPRESENTATION_CONTEXT(2) 
PARAMETRIC_REPRESENTATION_CONTEXT() REPRESENTATION_CONTEXT('2D SPACE',''
  ) );
#3897 = PCURVE('',#3571,#3898);
#3898 = DEFINITIONAL_REPRESENTATION('',(#3899),#3903);
#3899 = CIRCLE('',#3900,1.6);
#3900 = AXIS2_PLACEMENT_2D('',#3901,#3902);
#3901 = CARTESIAN_POINT('',(24.4,40.4));
#3902 = DIRECTION('',(0.,-1.));
#3903 = ( GEOMETRIC_REPRESENTATION_CONTEXT(2) 
PARAMETRIC_REPRESENTATION_CONTEXT() REPRESENTATION_CONTEXT('2D SPACE',''
  ) );
#3904 = ORIENTED_EDGE('',*,*,#3785,.F.);
#3905 = ADVANCED_FACE('',(#3906),#3432,.F.);
#3906 = FACE_BOUND('',#3907,.F.);
#3907 = EDGE_LOOP('',(#3908,#3909,#3910,#3931));
#3908 = ORIENTED_EDGE('',*,*,#3416,.F.);
#3909 = ORIENTED_EDGE('',*,*,#3860,.T.);
#3910 = ORIENTED_EDGE('',*,*,#3911,.T.);
#3911 = EDGE_CURVE('',#3861,#3812,#3912,.T.);
#3912 = SURFACE_CURVE('',#3913,(#3917,#3924),.PCURVE_S1.);
#3913 = LINE('',#3914,#3915);
#3914 = CARTESIAN_POINT('',(26.,42.,7.5));
#3915 = VECTOR('',#3916,1.);
#3916 = DIRECTION('',(-1.,0.,0.));
#3917 = PCURVE('',#3432,#3918);
#3918 = DEFINITIONAL_REPRESENTATION('',(#3919),#3923);
#3919 = LINE('',#3920,#3921);
#3920 = CARTESIAN_POINT('',(0.,-2.5));
#3921 = VECTOR('',#3922,1.);
#3922 = DIRECTION('',(1.,0.));
#3923 = ( GEOMETRIC_REPRESENTATION_CONTEXT(2) 
PARAMETRIC_REPRESENTATION_CONTEXT() REPRESENTATION_CONTEXT('2D SPACE',''
  ) );
#3924 = PCURVE('',#3571,#3925);
#3925 = DEFINITIONAL_REPRESENTATION('',(#3926),#3930);
#3926 = LINE('',#3927,#3928);
#3927 = CARTESIAN_POINT('',(26.,42.));
#3928 = VECTOR('',#3929,1.);
#3929 = DIRECTION('',(-1.,0.));
#3930 = ( GEOMETRIC_REPRESENTATION_CONTEXT(2) 
PARAMETRIC_REPRESENTATION_CONTEXT() REPRESENTATION_CONTEXT('2D SPACE',''
  ) );
#3931 = ORIENTED_EDGE('',*,*,#3835,.F.);
#3932 = ADVANCED_FACE('',(#3933,#3943),#3571,.T.);
#3933 = FACE_BOUND('',#3934,.T.);
#3934 = EDGE_LOOP('',(#3935,#3936,#3937,#3938,#3939,#3940,#3941,#3942));
#3935 = ORIENTED_EDGE('',*,*,#3555,.T.);
#3936 = ORIENTED_EDGE('',*,*,#3685,.T.);
#3937 = ORIENTED_EDGE('',*,*,#3762,.T.);
#3938 = ORIENTED_EDGE('',*,*,#3883,.T.);
#3939 = ORIENTED_EDGE('',*,*,#3911,.T.);
#3940 = ORIENTED_EDGE('',*,*,#3811,.T.);
#3941 = ORIENTED_EDGE('',*,*,#3735,.T.);
#3942 = ORIENTED_EDGE('',*,*,#3631,.F.);
#3943 = FACE_BOUND('',#3944,.T.);
#3944 = EDGE_LOOP('',(#3945,#3976,#4002,#4031,#4057,#4086,#4112,#4141));
#3945 = ORIENTED_EDGE('',*,*,#3946,.F.);
#3946 = EDGE_CURVE('',#3947,#3949,#3951,.T.);
#3947 = VERTEX_POINT('',#3948);
#3948 = CARTESIAN_POINT('',(23.4,-41.,7.5));
#3949 = VERTEX_POINT('',#3950);
#3950 = CARTESIAN_POINT('',(25.,-39.4,7.5));
#3951 = SURFACE_CURVE('',#3952,(#3957,#3964),.PCURVE_S1.);
#3952 = CIRCLE('',#3953,1.6);
#3953 = AXIS2_PLACEMENT_3D('',#3954,#3955,#3956);
#3954 = CARTESIAN_POINT('',(23.4,-39.4,7.5));
#3955 = DIRECTION('',(0.,0.,1.));
#3956 = DIRECTION('',(0.,-1.,0.));
#3957 = PCURVE('',#3571,#3958);
#3958 = DEFINITIONAL_REPRESENTATION('',(#3959),#3963);
#3959 = CIRCLE('',#3960,1.6);
#3960 = AXIS2_PLACEMENT_2D('',#3961,#3962);
#3961 = CARTESIAN_POINT('',(23.4,-39.4));
#3962 = DIRECTION('',(0.,-1.));
#3963 = ( GEOMETRIC_REPRESENTATION_CONTEXT(2) 
PARAMETRIC_REPRESENTATION_CONTEXT() REPRESENTATION_CONTEXT('2D SPACE',''
  ) );
#3964 = PCURVE('',#3965,#3970);
#3965 = CYLINDRICAL_SURFACE('',#3966,1.6);
#3966 = AXIS2_PLACEMENT_3D('',#3967,#3968,#3969);
#3967 = CARTESIAN_POINT('',(23.4,-39.4,4.5));
#3968 = DIRECTION('',(0.,0.,1.));
#3969 = DIRECTION('',(0.,-1.,0.));
#3970 = DEFINITIONAL_REPRESENTATION('',(#3971),#3975);
#3971 = LINE('',#3972,#3973);
#3972 = CARTESIAN_POINT('',(0.,3.));
#3973 = VECTOR('',#3974,1.);
#3974 = DIRECTION('',(1.,0.));
#3975 = ( GEOMETRIC_REPRESENTATION_CONTEXT(2) 
PARAMETRIC_REPRESENTATION_CONTEXT() REPRESENTATION_CONTEXT('2D SPACE',''
  ) );
#3976 = ORIENTED_EDGE('',*,*,#3977,.T.);
#3977 = EDGE_CURVE('',#3947,#3978,#3980,.T.);
#3978 = VERTEX_POINT('',#3979);
#3979 = CARTESIAN_POINT('',(-23.4,-41.,7.5));
#3980 = SURFACE_CURVE('',#3981,(#3985,#3991),.PCURVE_S1.);
#3981 = LINE('',#3982,#3983);
#3982 = CARTESIAN_POINT('',(-12.5,-41.,7.5));
#3983 = VECTOR('',#3984,1.);
#3984 = DIRECTION('',(-1.,0.,0.));
#3985 = PCURVE('',#3571,#3986);
#3986 = DEFINITIONAL_REPRESENTATION('',(#3987),#3990);
#3987 = B_SPLINE_CURVE_WITH_KNOTS('',1,(#3988,#3989),.UNSPECIFIED.,.F.,
  .F.,(2,2),(-35.9,10.9),.PIECEWISE_BEZIER_KNOTS.);
#3988 = CARTESIAN_POINT('',(23.4,-41.));
#3989 = CARTESIAN_POINT('',(-23.4,-41.));
#3990 = ( GEOMETRIC_REPRESENTATION_CONTEXT(2) 
PARAMETRIC_REPRESENTATION_CONTEXT() REPRESENTATION_CONTEXT('2D SPACE',''
  ) );
#3991 = PCURVE('',#3992,#3997);
#3992 = PLANE('',#3993);
#3993 = AXIS2_PLACEMENT_3D('',#3994,#3995,#3996);
#3994 = CARTESIAN_POINT('',(-25.,-41.,4.5));
#3995 = DIRECTION('',(0.,1.,0.));
#3996 = DIRECTION('',(1.,0.,0.));
#3997 = DEFINITIONAL_REPRESENTATION('',(#3998),#4001);
#3998 = B_SPLINE_CURVE_WITH_KNOTS('',1,(#3999,#4000),.UNSPECIFIED.,.F.,
  .F.,(2,2),(-35.9,10.9),.PIECEWISE_BEZIER_KNOTS.);
#3999 = CARTESIAN_POINT('',(48.4,-3.));
#4000 = CARTESIAN_POINT('',(1.6,-3.));
#4001 = ( GEOMETRIC_REPRESENTATION_CONTEXT(2) 
PARAMETRIC_REPRESENTATION_CONTEXT() REPRESENTATION_CONTEXT('2D SPACE',''
  ) );
#4002 = ORIENTED_EDGE('',*,*,#4003,.F.);
#4003 = EDGE_CURVE('',#4004,#3978,#4006,.T.);
#4004 = VERTEX_POINT('',#4005);
#4005 = CARTESIAN_POINT('',(-25.,-39.4,7.5));
#4006 = SURFACE_CURVE('',#4007,(#4012,#4019),.PCURVE_S1.);
#4007 = CIRCLE('',#4008,1.6);
#4008 = AXIS2_PLACEMENT_3D('',#4009,#4010,#4011);
#4009 = CARTESIAN_POINT('',(-23.4,-39.4,7.5));
#4010 = DIRECTION('',(0.,0.,1.));
#4011 = DIRECTION('',(0.,-1.,0.));
#4012 = PCURVE('',#3571,#4013);
#4013 = DEFINITIONAL_REPRESENTATION('',(#4014),#4018);
#4014 = CIRCLE('',#4015,1.6);
#4015 = AXIS2_PLACEMENT_2D('',#4016,#4017);
#4016 = CARTESIAN_POINT('',(-23.4,-39.4));
#4017 = DIRECTION('',(0.,-1.));
#4018 = ( GEOMETRIC_REPRESENTATION_CONTEXT(2) 
PARAMETRIC_REPRESENTATION_CONTEXT() REPRESENTATION_CONTEXT('2D SPACE',''
  ) );
#4019 = PCURVE('',#4020,#4025);
#4020 = CYLINDRICAL_SURFACE('',#4021,1.6);
#4021 = AXIS2_PLACEMENT_3D('',#4022,#4023,#4024);
#4022 = CARTESIAN_POINT('',(-23.4,-39.4,4.5));
#4023 = DIRECTION('',(0.,0.,1.));
#4024 = DIRECTION('',(0.,-1.,0.));
#4025 = DEFINITIONAL_REPRESENTATION('',(#4026),#4030);
#4026 = LINE('',#4027,#4028);
#4027 = CARTESIAN_POINT('',(-6.28318530718,3.));
#4028 = VECTOR('',#4029,1.);
#4029 = DIRECTION('',(1.,-0.));
#4030 = ( GEOMETRIC_REPRESENTATION_CONTEXT(2) 
PARAMETRIC_REPRESENTATION_CONTEXT() REPRESENTATION_CONTEXT('2D SPACE',''
  ) );
#4031 = ORIENTED_EDGE('',*,*,#4032,.T.);
#4032 = EDGE_CURVE('',#4004,#4033,#4035,.T.);
#4033 = VERTEX_POINT('',#4034);
#4034 = CARTESIAN_POINT('',(-25.,39.4,7.5));
#4035 = SURFACE_CURVE('',#4036,(#4040,#4046),.PCURVE_S1.);
#4036 = LINE('',#4037,#4038);
#4037 = CARTESIAN_POINT('',(-25.,20.5,7.5));
#4038 = VECTOR('',#4039,1.);
#4039 = DIRECTION('',(-0.,1.,0.));
#4040 = PCURVE('',#3571,#4041);
#4041 = DEFINITIONAL_REPRESENTATION('',(#4042),#4045);
#4042 = B_SPLINE_CURVE_WITH_KNOTS('',1,(#4043,#4044),.UNSPECIFIED.,.F.,
  .F.,(2,2),(-59.9,18.9),.PIECEWISE_BEZIER_KNOTS.);
#4043 = CARTESIAN_POINT('',(-25.,-39.4));
#4044 = CARTESIAN_POINT('',(-25.,39.4));
#4045 = ( GEOMETRIC_REPRESENTATION_CONTEXT(2) 
PARAMETRIC_REPRESENTATION_CONTEXT() REPRESENTATION_CONTEXT('2D SPACE',''
  ) );
#4046 = PCURVE('',#4047,#4052);
#4047 = PLANE('',#4048);
#4048 = AXIS2_PLACEMENT_3D('',#4049,#4050,#4051);
#4049 = CARTESIAN_POINT('',(-25.,41.,4.5));
#4050 = DIRECTION('',(1.,0.,-0.));
#4051 = DIRECTION('',(0.,-1.,0.));
#4052 = DEFINITIONAL_REPRESENTATION('',(#4053),#4056);
#4053 = B_SPLINE_CURVE_WITH_KNOTS('',1,(#4054,#4055),.UNSPECIFIED.,.F.,
  .F.,(2,2),(-59.9,18.9),.PIECEWISE_BEZIER_KNOTS.);
#4054 = CARTESIAN_POINT('',(80.4,-3.));
#4055 = CARTESIAN_POINT('',(1.6,-3.));
#4056 = ( GEOMETRIC_REPRESENTATION_CONTEXT(2) 
PARAMETRIC_REPRESENTATION_CONTEXT() REPRESENTATION_CONTEXT('2D SPACE',''
  ) );
#4057 = ORIENTED_EDGE('',*,*,#4058,.F.);
#4058 = EDGE_CURVE('',#4059,#4033,#4061,.T.);
#4059 = VERTEX_POINT('',#4060);
#4060 = CARTESIAN_POINT('',(-23.4,41.,7.5));
#4061 = SURFACE_CURVE('',#4062,(#4067,#4074),.PCURVE_S1.);
#4062 = CIRCLE('',#4063,1.6);
#4063 = AXIS2_PLACEMENT_3D('',#4064,#4065,#4066);
#4064 = CARTESIAN_POINT('',(-23.4,39.4,7.5));
#4065 = DIRECTION('',(0.,0.,1.));
#4066 = DIRECTION('',(-0.,1.,0.));
#4067 = PCURVE('',#3571,#4068);
#4068 = DEFINITIONAL_REPRESENTATION('',(#4069),#4073);
#4069 = CIRCLE('',#4070,1.6);
#4070 = AXIS2_PLACEMENT_2D('',#4071,#4072);
#4071 = CARTESIAN_POINT('',(-23.4,39.4));
#4072 = DIRECTION('',(0.,1.));
#4073 = ( GEOMETRIC_REPRESENTATION_CONTEXT(2) 
PARAMETRIC_REPRESENTATION_CONTEXT() REPRESENTATION_CONTEXT('2D SPACE',''
  ) );
#4074 = PCURVE('',#4075,#4080);
#4075 = CYLINDRICAL_SURFACE('',#4076,1.6);
#4076 = AXIS2_PLACEMENT_3D('',#4077,#4078,#4079);
#4077 = CARTESIAN_POINT('',(-23.4,39.4,4.5));
#4078 = DIRECTION('',(0.,0.,1.));
#4079 = DIRECTION('',(-0.,1.,0.));
#4080 = DEFINITIONAL_REPRESENTATION('',(#4081),#4085);
#4081 = LINE('',#4082,#4083);
#4082 = CARTESIAN_POINT('',(0.,3.));
#4083 = VECTOR('',#4084,1.);
#4084 = DIRECTION('',(1.,0.));
#4085 = ( GEOMETRIC_REPRESENTATION_CONTEXT(2) 
PARAMETRIC_REPRESENTATION_CONTEXT() REPRESENTATION_CONTEXT('2D SPACE',''
  ) );
#4086 = ORIENTED_EDGE('',*,*,#4087,.T.);
#4087 = EDGE_CURVE('',#4059,#4088,#4090,.T.);
#4088 = VERTEX_POINT('',#4089);
#4089 = CARTESIAN_POINT('',(23.4,41.,7.5));
#4090 = SURFACE_CURVE('',#4091,(#4095,#4101),.PCURVE_S1.);
#4091 = LINE('',#4092,#4093);
#4092 = CARTESIAN_POINT('',(12.5,41.,7.5));
#4093 = VECTOR('',#4094,1.);
#4094 = DIRECTION('',(1.,0.,-0.));
#4095 = PCURVE('',#3571,#4096);
#4096 = DEFINITIONAL_REPRESENTATION('',(#4097),#4100);
#4097 = B_SPLINE_CURVE_WITH_KNOTS('',1,(#4098,#4099),.UNSPECIFIED.,.F.,
  .F.,(2,2),(-35.9,10.9),.PIECEWISE_BEZIER_KNOTS.);
#4098 = CARTESIAN_POINT('',(-23.4,41.));
#4099 = CARTESIAN_POINT('',(23.4,41.));
#4100 = ( GEOMETRIC_REPRESENTATION_CONTEXT(2) 
PARAMETRIC_REPRESENTATION_CONTEXT() REPRESENTATION_CONTEXT('2D SPACE',''
  ) );
#4101 = PCURVE('',#4102,#4107);
#4102 = PLANE('',#4103);
#4103 = AXIS2_PLACEMENT_3D('',#4104,#4105,#4106);
#4104 = CARTESIAN_POINT('',(25.,41.,4.5));
#4105 = DIRECTION('',(0.,-1.,0.));
#4106 = DIRECTION('',(-1.,0.,0.));
#4107 = DEFINITIONAL_REPRESENTATION('',(#4108),#4111);
#4108 = B_SPLINE_CURVE_WITH_KNOTS('',1,(#4109,#4110),.UNSPECIFIED.,.F.,
  .F.,(2,2),(-35.9,10.9),.PIECEWISE_BEZIER_KNOTS.);
#4109 = CARTESIAN_POINT('',(48.4,-3.));
#4110 = CARTESIAN_POINT('',(1.6,-3.));
#4111 = ( GEOMETRIC_REPRESENTATION_CONTEXT(2) 
PARAMETRIC_REPRESENTATION_CONTEXT() REPRESENTATION_CONTEXT('2D SPACE',''
  ) );
#4112 = ORIENTED_EDGE('',*,*,#4113,.F.);
#4113 = EDGE_CURVE('',#4114,#4088,#4116,.T.);
#4114 = VERTEX_POINT('',#4115);
#4115 = CARTESIAN_POINT('',(25.,39.4,7.5));
#4116 = SURFACE_CURVE('',#4117,(#4122,#4129),.PCURVE_S1.);
#4117 = CIRCLE('',#4118,1.6);
#4118 = AXIS2_PLACEMENT_3D('',#4119,#4120,#4121);
#4119 = CARTESIAN_POINT('',(23.4,39.4,7.5));
#4120 = DIRECTION('',(0.,0.,1.));
#4121 = DIRECTION('',(1.,0.,-0.));
#4122 = PCURVE('',#3571,#4123);
#4123 = DEFINITIONAL_REPRESENTATION('',(#4124),#4128);
#4124 = CIRCLE('',#4125,1.6);
#4125 = AXIS2_PLACEMENT_2D('',#4126,#4127);
#4126 = CARTESIAN_POINT('',(23.4,39.4));
#4127 = DIRECTION('',(1.,0.));
#4128 = ( GEOMETRIC_REPRESENTATION_CONTEXT(2) 
PARAMETRIC_REPRESENTATION_CONTEXT() REPRESENTATION_CONTEXT('2D SPACE',''
  ) );
#4129 = PCURVE('',#4130,#4135);
#4130 = CYLINDRICAL_SURFACE('',#4131,1.6);
#4131 = AXIS2_PLACEMENT_3D('',#4132,#4133,#4134);
#4132 = CARTESIAN_POINT('',(23.4,39.4,4.5));
#4133 = DIRECTION('',(0.,0.,1.));
#4134 = DIRECTION('',(1.,0.,-0.));
#4135 = DEFINITIONAL_REPRESENTATION('',(#4136),#4140);
#4136 = LINE('',#4137,#4138);
#4137 = CARTESIAN_POINT('',(0.,3.));
#4138 = VECTOR('',#4139,1.);
#4139 = DIRECTION('',(1.,0.));
#4140 = ( GEOMETRIC_REPRESENTATION_CONTEXT(2) 
PARAMETRIC_REPRESENTATION_CONTEXT() REPRESENTATION_CONTEXT('2D SPACE',''
  ) );
#4141 = ORIENTED_EDGE('',*,*,#4142,.T.);
#4142 = EDGE_CURVE('',#4114,#3949,#4143,.T.);
#4143 = SURFACE_CURVE('',#4144,(#4148,#4154),.PCURVE_S1.);
#4144 = LINE('',#4145,#4146);
#4145 = CARTESIAN_POINT('',(25.,-20.5,7.5));
#4146 = VECTOR('',#4147,1.);
#4147 = DIRECTION('',(0.,-1.,0.));
#4148 = PCURVE('',#3571,#4149);
#4149 = DEFINITIONAL_REPRESENTATION('',(#4150),#4153);
#4150 = B_SPLINE_CURVE_WITH_KNOTS('',1,(#4151,#4152),.UNSPECIFIED.,.F.,
  .F.,(2,2),(-59.9,18.9),.PIECEWISE_BEZIER_KNOTS.);
#4151 = CARTESIAN_POINT('',(25.,39.4));
#4152 = CARTESIAN_POINT('',(25.,-39.4));
#4153 = ( GEOMETRIC_REPRESENTATION_CONTEXT(2) 
PARAMETRIC_REPRESENTATION_CONTEXT() REPRESENTATION_CONTEXT('2D SPACE',''
  ) );
#4154 = PCURVE('',#4155,#4160);
#4155 = PLANE('',#4156);
#4156 = AXIS2_PLACEMENT_3D('',#4157,#4158,#4159);
#4157 = CARTESIAN_POINT('',(25.,-41.,4.5));
#4158 = DIRECTION('',(-1.,0.,0.));
#4159 = DIRECTION('',(0.,1.,0.));
#4160 = DEFINITIONAL_REPRESENTATION('',(#4161),#4164);
#4161 = B_SPLINE_CURVE_WITH_KNOTS('',1,(#4162,#4163),.UNSPECIFIED.,.F.,
  .F.,(2,2),(-59.9,18.9),.PIECEWISE_BEZIER_KNOTS.);
#4162 = CARTESIAN_POINT('',(80.4,-3.));
#4163 = CARTESIAN_POINT('',(1.6,-3.));
#4164 = ( GEOMETRIC_REPRESENTATION_CONTEXT(2) 
PARAMETRIC_REPRESENTATION_CONTEXT() REPRESENTATION_CONTEXT('2D SPACE',''
  ) );
#4165 = ADVANCED_FACE('',(#4166),#3965,.F.);
#4166 = FACE_BOUND('',#4167,.F.);
#4167 = EDGE_LOOP('',(#4168,#4191,#4220,#4241));
#4168 = ORIENTED_EDGE('',*,*,#4169,.F.);
#4169 = EDGE_CURVE('',#4170,#3947,#4172,.T.);
#4170 = VERTEX_POINT('',#4171);
#4171 = CARTESIAN_POINT('',(23.4,-41.,5.));
#4172 = SURFACE_CURVE('',#4173,(#4177,#4184),.PCURVE_S1.);
#4173 = LINE('',#4174,#4175);
#4174 = CARTESIAN_POINT('',(23.4,-41.,4.5));
#4175 = VECTOR('',#4176,1.);
#4176 = DIRECTION('',(0.,0.,1.));
#4177 = PCURVE('',#3965,#4178);
#4178 = DEFINITIONAL_REPRESENTATION('',(#4179),#4183);
#4179 = LINE('',#4180,#4181);
#4180 = CARTESIAN_POINT('',(0.,0.));
#4181 = VECTOR('',#4182,1.);
#4182 = DIRECTION('',(0.,1.));
#4183 = ( GEOMETRIC_REPRESENTATION_CONTEXT(2) 
PARAMETRIC_REPRESENTATION_CONTEXT() REPRESENTATION_CONTEXT('2D SPACE',''
  ) );
#4184 = PCURVE('',#3992,#4185);
#4185 = DEFINITIONAL_REPRESENTATION('',(#4186),#4190);
#4186 = LINE('',#4187,#4188);
#4187 = CARTESIAN_POINT('',(48.4,0.));
#4188 = VECTOR('',#4189,1.);
#4189 = DIRECTION('',(0.,-1.));
#4190 = ( GEOMETRIC_REPRESENTATION_CONTEXT(2) 
PARAMETRIC_REPRESENTATION_CONTEXT() REPRESENTATION_CONTEXT('2D SPACE',''
  ) );
#4191 = ORIENTED_EDGE('',*,*,#4192,.T.);
#4192 = EDGE_CURVE('',#4170,#4193,#4195,.T.);
#4193 = VERTEX_POINT('',#4194);
#4194 = CARTESIAN_POINT('',(25.,-39.4,5.));
#4195 = SURFACE_CURVE('',#4196,(#4201,#4208),.PCURVE_S1.);
#4196 = CIRCLE('',#4197,1.6);
#4197 = AXIS2_PLACEMENT_3D('',#4198,#4199,#4200);
#4198 = CARTESIAN_POINT('',(23.4,-39.4,5.));
#4199 = DIRECTION('',(0.,0.,1.));
#4200 = DIRECTION('',(0.,-1.,0.));
#4201 = PCURVE('',#3965,#4202);
#4202 = DEFINITIONAL_REPRESENTATION('',(#4203),#4207);
#4203 = LINE('',#4204,#4205);
#4204 = CARTESIAN_POINT('',(0.,0.5));
#4205 = VECTOR('',#4206,1.);
#4206 = DIRECTION('',(1.,0.));
#4207 = ( GEOMETRIC_REPRESENTATION_CONTEXT(2) 
PARAMETRIC_REPRESENTATION_CONTEXT() REPRESENTATION_CONTEXT('2D SPACE',''
  ) );
#4208 = PCURVE('',#4209,#4214);
#4209 = PLANE('',#4210);
#4210 = AXIS2_PLACEMENT_3D('',#4211,#4212,#4213);
#4211 = CARTESIAN_POINT('',(-1.414015394547E-15,0.,5.));
#4212 = DIRECTION('',(0.,0.,1.));
#4213 = DIRECTION('',(1.,0.,-0.));
#4214 = DEFINITIONAL_REPRESENTATION('',(#4215),#4219);
#4215 = CIRCLE('',#4216,1.6);
#4216 = AXIS2_PLACEMENT_2D('',#4217,#4218);
#4217 = CARTESIAN_POINT('',(23.4,-39.4));
#4218 = DIRECTION('',(0.,-1.));
#4219 = ( GEOMETRIC_REPRESENTATION_CONTEXT(2) 
PARAMETRIC_REPRESENTATION_CONTEXT() REPRESENTATION_CONTEXT('2D SPACE',''
  ) );
#4220 = ORIENTED_EDGE('',*,*,#4221,.T.);
#4221 = EDGE_CURVE('',#4193,#3949,#4222,.T.);
#4222 = SURFACE_CURVE('',#4223,(#4227,#4234),.PCURVE_S1.);
#4223 = LINE('',#4224,#4225);
#4224 = CARTESIAN_POINT('',(25.,-39.4,4.5));
#4225 = VECTOR('',#4226,1.);
#4226 = DIRECTION('',(0.,0.,1.));
#4227 = PCURVE('',#3965,#4228);
#4228 = DEFINITIONAL_REPRESENTATION('',(#4229),#4233);
#4229 = LINE('',#4230,#4231);
#4230 = CARTESIAN_POINT('',(1.570796326795,0.));
#4231 = VECTOR('',#4232,1.);
#4232 = DIRECTION('',(0.,1.));
#4233 = ( GEOMETRIC_REPRESENTATION_CONTEXT(2) 
PARAMETRIC_REPRESENTATION_CONTEXT() REPRESENTATION_CONTEXT('2D SPACE',''
  ) );
#4234 = PCURVE('',#4155,#4235);
#4235 = DEFINITIONAL_REPRESENTATION('',(#4236),#4240);
#4236 = LINE('',#4237,#4238);
#4237 = CARTESIAN_POINT('',(1.6,0.));
#4238 = VECTOR('',#4239,1.);
#4239 = DIRECTION('',(0.,-1.));
#4240 = ( GEOMETRIC_REPRESENTATION_CONTEXT(2) 
PARAMETRIC_REPRESENTATION_CONTEXT() REPRESENTATION_CONTEXT('2D SPACE',''
  ) );
#4241 = ORIENTED_EDGE('',*,*,#3946,.F.);
#4242 = ADVANCED_FACE('',(#4243),#4155,.T.);
#4243 = FACE_BOUND('',#4244,.T.);
#4244 = EDGE_LOOP('',(#4245,#4267,#4268,#4269));
#4245 = ORIENTED_EDGE('',*,*,#4246,.T.);
#4246 = EDGE_CURVE('',#4247,#4193,#4249,.T.);
#4247 = VERTEX_POINT('',#4248);
#4248 = CARTESIAN_POINT('',(25.,39.4,5.));
#4249 = SURFACE_CURVE('',#4250,(#4254,#4260),.PCURVE_S1.);
#4250 = LINE('',#4251,#4252);
#4251 = CARTESIAN_POINT('',(25.,-20.5,5.));
#4252 = VECTOR('',#4253,1.);
#4253 = DIRECTION('',(0.,-1.,0.));
#4254 = PCURVE('',#4155,#4255);
#4255 = DEFINITIONAL_REPRESENTATION('',(#4256),#4259);
#4256 = B_SPLINE_CURVE_WITH_KNOTS('',1,(#4257,#4258),.UNSPECIFIED.,.F.,
  .F.,(2,2),(-59.9,18.9),.PIECEWISE_BEZIER_KNOTS.);
#4257 = CARTESIAN_POINT('',(80.4,-0.5));
#4258 = CARTESIAN_POINT('',(1.6,-0.5));
#4259 = ( GEOMETRIC_REPRESENTATION_CONTEXT(2) 
PARAMETRIC_REPRESENTATION_CONTEXT() REPRESENTATION_CONTEXT('2D SPACE',''
  ) );
#4260 = PCURVE('',#4209,#4261);
#4261 = DEFINITIONAL_REPRESENTATION('',(#4262),#4266);
#4262 = LINE('',#4263,#4264);
#4263 = CARTESIAN_POINT('',(25.,-20.5));
#4264 = VECTOR('',#4265,1.);
#4265 = DIRECTION('',(0.,-1.));
#4266 = ( GEOMETRIC_REPRESENTATION_CONTEXT(2) 
PARAMETRIC_REPRESENTATION_CONTEXT() REPRESENTATION_CONTEXT('2D SPACE',''
  ) );
#4267 = ORIENTED_EDGE('',*,*,#4221,.T.);
#4268 = ORIENTED_EDGE('',*,*,#4142,.F.);
#4269 = ORIENTED_EDGE('',*,*,#4270,.F.);
#4270 = EDGE_CURVE('',#4247,#4114,#4271,.T.);
#4271 = SURFACE_CURVE('',#4272,(#4276,#4283),.PCURVE_S1.);
#4272 = LINE('',#4273,#4274);
#4273 = CARTESIAN_POINT('',(25.,39.4,4.5));
#4274 = VECTOR('',#4275,1.);
#4275 = DIRECTION('',(0.,0.,1.));
#4276 = PCURVE('',#4155,#4277);
#4277 = DEFINITIONAL_REPRESENTATION('',(#4278),#4282);
#4278 = LINE('',#4279,#4280);
#4279 = CARTESIAN_POINT('',(80.4,0.));
#4280 = VECTOR('',#4281,1.);
#4281 = DIRECTION('',(0.,-1.));
#4282 = ( GEOMETRIC_REPRESENTATION_CONTEXT(2) 
PARAMETRIC_REPRESENTATION_CONTEXT() REPRESENTATION_CONTEXT('2D SPACE',''
  ) );
#4283 = PCURVE('',#4130,#4284);
#4284 = DEFINITIONAL_REPRESENTATION('',(#4285),#4289);
#4285 = LINE('',#4286,#4287);
#4286 = CARTESIAN_POINT('',(0.,0.));
#4287 = VECTOR('',#4288,1.);
#4288 = DIRECTION('',(0.,1.));
#4289 = ( GEOMETRIC_REPRESENTATION_CONTEXT(2) 
PARAMETRIC_REPRESENTATION_CONTEXT() REPRESENTATION_CONTEXT('2D SPACE',''
  ) );
#4290 = ADVANCED_FACE('',(#4291),#4130,.F.);
#4291 = FACE_BOUND('',#4292,.F.);
#4292 = EDGE_LOOP('',(#4293,#4294,#4318,#4339));
#4293 = ORIENTED_EDGE('',*,*,#4270,.F.);
#4294 = ORIENTED_EDGE('',*,*,#4295,.T.);
#4295 = EDGE_CURVE('',#4247,#4296,#4298,.T.);
#4296 = VERTEX_POINT('',#4297);
#4297 = CARTESIAN_POINT('',(23.4,41.,5.));
#4298 = SURFACE_CURVE('',#4299,(#4304,#4311),.PCURVE_S1.);
#4299 = CIRCLE('',#4300,1.6);
#4300 = AXIS2_PLACEMENT_3D('',#4301,#4302,#4303);
#4301 = CARTESIAN_POINT('',(23.4,39.4,5.));
#4302 = DIRECTION('',(0.,0.,1.));
#4303 = DIRECTION('',(1.,0.,-0.));
#4304 = PCURVE('',#4130,#4305);
#4305 = DEFINITIONAL_REPRESENTATION('',(#4306),#4310);
#4306 = LINE('',#4307,#4308);
#4307 = CARTESIAN_POINT('',(0.,0.5));
#4308 = VECTOR('',#4309,1.);
#4309 = DIRECTION('',(1.,0.));
#4310 = ( GEOMETRIC_REPRESENTATION_CONTEXT(2) 
PARAMETRIC_REPRESENTATION_CONTEXT() REPRESENTATION_CONTEXT('2D SPACE',''
  ) );
#4311 = PCURVE('',#4209,#4312);
#4312 = DEFINITIONAL_REPRESENTATION('',(#4313),#4317);
#4313 = CIRCLE('',#4314,1.6);
#4314 = AXIS2_PLACEMENT_2D('',#4315,#4316);
#4315 = CARTESIAN_POINT('',(23.4,39.4));
#4316 = DIRECTION('',(1.,0.));
#4317 = ( GEOMETRIC_REPRESENTATION_CONTEXT(2) 
PARAMETRIC_REPRESENTATION_CONTEXT() REPRESENTATION_CONTEXT('2D SPACE',''
  ) );
#4318 = ORIENTED_EDGE('',*,*,#4319,.T.);
#4319 = EDGE_CURVE('',#4296,#4088,#4320,.T.);
#4320 = SURFACE_CURVE('',#4321,(#4325,#4332),.PCURVE_S1.);
#4321 = LINE('',#4322,#4323);
#4322 = CARTESIAN_POINT('',(23.4,41.,4.5));
#4323 = VECTOR('',#4324,1.);
#4324 = DIRECTION('',(0.,0.,1.));
#4325 = PCURVE('',#4130,#4326);
#4326 = DEFINITIONAL_REPRESENTATION('',(#4327),#4331);
#4327 = LINE('',#4328,#4329);
#4328 = CARTESIAN_POINT('',(1.570796326795,0.));
#4329 = VECTOR('',#4330,1.);
#4330 = DIRECTION('',(0.,1.));
#4331 = ( GEOMETRIC_REPRESENTATION_CONTEXT(2) 
PARAMETRIC_REPRESENTATION_CONTEXT() REPRESENTATION_CONTEXT('2D SPACE',''
  ) );
#4332 = PCURVE('',#4102,#4333);
#4333 = DEFINITIONAL_REPRESENTATION('',(#4334),#4338);
#4334 = LINE('',#4335,#4336);
#4335 = CARTESIAN_POINT('',(1.6,0.));
#4336 = VECTOR('',#4337,1.);
#4337 = DIRECTION('',(0.,-1.));
#4338 = ( GEOMETRIC_REPRESENTATION_CONTEXT(2) 
PARAMETRIC_REPRESENTATION_CONTEXT() REPRESENTATION_CONTEXT('2D SPACE',''
  ) );
#4339 = ORIENTED_EDGE('',*,*,#4113,.F.);
#4340 = ADVANCED_FACE('',(#4341),#4102,.T.);
#4341 = FACE_BOUND('',#4342,.T.);
#4342 = EDGE_LOOP('',(#4343,#4365,#4366,#4367));
#4343 = ORIENTED_EDGE('',*,*,#4344,.T.);
#4344 = EDGE_CURVE('',#4345,#4296,#4347,.T.);
#4345 = VERTEX_POINT('',#4346);
#4346 = CARTESIAN_POINT('',(-23.4,41.,5.));
#4347 = SURFACE_CURVE('',#4348,(#4352,#4358),.PCURVE_S1.);
#4348 = LINE('',#4349,#4350);
#4349 = CARTESIAN_POINT('',(12.5,41.,5.));
#4350 = VECTOR('',#4351,1.);
#4351 = DIRECTION('',(1.,0.,-0.));
#4352 = PCURVE('',#4102,#4353);
#4353 = DEFINITIONAL_REPRESENTATION('',(#4354),#4357);
#4354 = B_SPLINE_CURVE_WITH_KNOTS('',1,(#4355,#4356),.UNSPECIFIED.,.F.,
  .F.,(2,2),(-35.9,10.9),.PIECEWISE_BEZIER_KNOTS.);
#4355 = CARTESIAN_POINT('',(48.4,-0.5));
#4356 = CARTESIAN_POINT('',(1.6,-0.5));
#4357 = ( GEOMETRIC_REPRESENTATION_CONTEXT(2) 
PARAMETRIC_REPRESENTATION_CONTEXT() REPRESENTATION_CONTEXT('2D SPACE',''
  ) );
#4358 = PCURVE('',#4209,#4359);
#4359 = DEFINITIONAL_REPRESENTATION('',(#4360),#4364);
#4360 = LINE('',#4361,#4362);
#4361 = CARTESIAN_POINT('',(12.5,41.));
#4362 = VECTOR('',#4363,1.);
#4363 = DIRECTION('',(1.,0.));
#4364 = ( GEOMETRIC_REPRESENTATION_CONTEXT(2) 
PARAMETRIC_REPRESENTATION_CONTEXT() REPRESENTATION_CONTEXT('2D SPACE',''
  ) );
#4365 = ORIENTED_EDGE('',*,*,#4319,.T.);
#4366 = ORIENTED_EDGE('',*,*,#4087,.F.);
#4367 = ORIENTED_EDGE('',*,*,#4368,.F.);
#4368 = EDGE_CURVE('',#4345,#4059,#4369,.T.);
#4369 = SURFACE_CURVE('',#4370,(#4374,#4381),.PCURVE_S1.);
#4370 = LINE('',#4371,#4372);
#4371 = CARTESIAN_POINT('',(-23.4,41.,4.5));
#4372 = VECTOR('',#4373,1.);
#4373 = DIRECTION('',(0.,0.,1.));
#4374 = PCURVE('',#4102,#4375);
#4375 = DEFINITIONAL_REPRESENTATION('',(#4376),#4380);
#4376 = LINE('',#4377,#4378);
#4377 = CARTESIAN_POINT('',(48.4,0.));
#4378 = VECTOR('',#4379,1.);
#4379 = DIRECTION('',(0.,-1.));
#4380 = ( GEOMETRIC_REPRESENTATION_CONTEXT(2) 
PARAMETRIC_REPRESENTATION_CONTEXT() REPRESENTATION_CONTEXT('2D SPACE',''
  ) );
#4381 = PCURVE('',#4075,#4382);
#4382 = DEFINITIONAL_REPRESENTATION('',(#4383),#4387);
#4383 = LINE('',#4384,#4385);
#4384 = CARTESIAN_POINT('',(0.,0.));
#4385 = VECTOR('',#4386,1.);
#4386 = DIRECTION('',(0.,1.));
#4387 = ( GEOMETRIC_REPRESENTATION_CONTEXT(2) 
PARAMETRIC_REPRESENTATION_CONTEXT() REPRESENTATION_CONTEXT('2D SPACE',''
  ) );
#4388 = ADVANCED_FACE('',(#4389),#4075,.F.);
#4389 = FACE_BOUND('',#4390,.F.);
#4390 = EDGE_LOOP('',(#4391,#4392,#4416,#4437));
#4391 = ORIENTED_EDGE('',*,*,#4368,.F.);
#4392 = ORIENTED_EDGE('',*,*,#4393,.T.);
#4393 = EDGE_CURVE('',#4345,#4394,#4396,.T.);
#4394 = VERTEX_POINT('',#4395);
#4395 = CARTESIAN_POINT('',(-25.,39.4,5.));
#4396 = SURFACE_CURVE('',#4397,(#4402,#4409),.PCURVE_S1.);
#4397 = CIRCLE('',#4398,1.6);
#4398 = AXIS2_PLACEMENT_3D('',#4399,#4400,#4401);
#4399 = CARTESIAN_POINT('',(-23.4,39.4,5.));
#4400 = DIRECTION('',(0.,0.,1.));
#4401 = DIRECTION('',(-0.,1.,0.));
#4402 = PCURVE('',#4075,#4403);
#4403 = DEFINITIONAL_REPRESENTATION('',(#4404),#4408);
#4404 = LINE('',#4405,#4406);
#4405 = CARTESIAN_POINT('',(0.,0.5));
#4406 = VECTOR('',#4407,1.);
#4407 = DIRECTION('',(1.,0.));
#4408 = ( GEOMETRIC_REPRESENTATION_CONTEXT(2) 
PARAMETRIC_REPRESENTATION_CONTEXT() REPRESENTATION_CONTEXT('2D SPACE',''
  ) );
#4409 = PCURVE('',#4209,#4410);
#4410 = DEFINITIONAL_REPRESENTATION('',(#4411),#4415);
#4411 = CIRCLE('',#4412,1.6);
#4412 = AXIS2_PLACEMENT_2D('',#4413,#4414);
#4413 = CARTESIAN_POINT('',(-23.4,39.4));
#4414 = DIRECTION('',(0.,1.));
#4415 = ( GEOMETRIC_REPRESENTATION_CONTEXT(2) 
PARAMETRIC_REPRESENTATION_CONTEXT() REPRESENTATION_CONTEXT('2D SPACE',''
  ) );
#4416 = ORIENTED_EDGE('',*,*,#4417,.T.);
#4417 = EDGE_CURVE('',#4394,#4033,#4418,.T.);
#4418 = SURFACE_CURVE('',#4419,(#4423,#4430),.PCURVE_S1.);
#4419 = LINE('',#4420,#4421);
#4420 = CARTESIAN_POINT('',(-25.,39.4,4.5));
#4421 = VECTOR('',#4422,1.);
#4422 = DIRECTION('',(0.,0.,1.));
#4423 = PCURVE('',#4075,#4424);
#4424 = DEFINITIONAL_REPRESENTATION('',(#4425),#4429);
#4425 = LINE('',#4426,#4427);
#4426 = CARTESIAN_POINT('',(1.570796326795,0.));
#4427 = VECTOR('',#4428,1.);
#4428 = DIRECTION('',(0.,1.));
#4429 = ( GEOMETRIC_REPRESENTATION_CONTEXT(2) 
PARAMETRIC_REPRESENTATION_CONTEXT() REPRESENTATION_CONTEXT('2D SPACE',''
  ) );
#4430 = PCURVE('',#4047,#4431);
#4431 = DEFINITIONAL_REPRESENTATION('',(#4432),#4436);
#4432 = LINE('',#4433,#4434);
#4433 = CARTESIAN_POINT('',(1.6,0.));
#4434 = VECTOR('',#4435,1.);
#4435 = DIRECTION('',(0.,-1.));
#4436 = ( GEOMETRIC_REPRESENTATION_CONTEXT(2) 
PARAMETRIC_REPRESENTATION_CONTEXT() REPRESENTATION_CONTEXT('2D SPACE',''
  ) );
#4437 = ORIENTED_EDGE('',*,*,#4058,.F.);
#4438 = ADVANCED_FACE('',(#4439),#4047,.T.);
#4439 = FACE_BOUND('',#4440,.T.);
#4440 = EDGE_LOOP('',(#4441,#4463,#4464,#4465));
#4441 = ORIENTED_EDGE('',*,*,#4442,.T.);
#4442 = EDGE_CURVE('',#4443,#4394,#4445,.T.);
#4443 = VERTEX_POINT('',#4444);
#4444 = CARTESIAN_POINT('',(-25.,-39.4,5.));
#4445 = SURFACE_CURVE('',#4446,(#4450,#4456),.PCURVE_S1.);
#4446 = LINE('',#4447,#4448);
#4447 = CARTESIAN_POINT('',(-25.,20.5,5.));
#4448 = VECTOR('',#4449,1.);
#4449 = DIRECTION('',(-0.,1.,0.));
#4450 = PCURVE('',#4047,#4451);
#4451 = DEFINITIONAL_REPRESENTATION('',(#4452),#4455);
#4452 = B_SPLINE_CURVE_WITH_KNOTS('',1,(#4453,#4454),.UNSPECIFIED.,.F.,
  .F.,(2,2),(-59.9,18.9),.PIECEWISE_BEZIER_KNOTS.);
#4453 = CARTESIAN_POINT('',(80.4,-0.5));
#4454 = CARTESIAN_POINT('',(1.6,-0.5));
#4455 = ( GEOMETRIC_REPRESENTATION_CONTEXT(2) 
PARAMETRIC_REPRESENTATION_CONTEXT() REPRESENTATION_CONTEXT('2D SPACE',''
  ) );
#4456 = PCURVE('',#4209,#4457);
#4457 = DEFINITIONAL_REPRESENTATION('',(#4458),#4462);
#4458 = LINE('',#4459,#4460);
#4459 = CARTESIAN_POINT('',(-25.,20.5));
#4460 = VECTOR('',#4461,1.);
#4461 = DIRECTION('',(0.,1.));
#4462 = ( GEOMETRIC_REPRESENTATION_CONTEXT(2) 
PARAMETRIC_REPRESENTATION_CONTEXT() REPRESENTATION_CONTEXT('2D SPACE',''
  ) );
#4463 = ORIENTED_EDGE('',*,*,#4417,.T.);
#4464 = ORIENTED_EDGE('',*,*,#4032,.F.);
#4465 = ORIENTED_EDGE('',*,*,#4466,.F.);
#4466 = EDGE_CURVE('',#4443,#4004,#4467,.T.);
#4467 = SURFACE_CURVE('',#4468,(#4472,#4479),.PCURVE_S1.);
#4468 = LINE('',#4469,#4470);
#4469 = CARTESIAN_POINT('',(-25.,-39.4,4.5));
#4470 = VECTOR('',#4471,1.);
#4471 = DIRECTION('',(0.,0.,1.));
#4472 = PCURVE('',#4047,#4473);
#4473 = DEFINITIONAL_REPRESENTATION('',(#4474),#4478);
#4474 = LINE('',#4475,#4476);
#4475 = CARTESIAN_POINT('',(80.4,0.));
#4476 = VECTOR('',#4477,1.);
#4477 = DIRECTION('',(0.,-1.));
#4478 = ( GEOMETRIC_REPRESENTATION_CONTEXT(2) 
PARAMETRIC_REPRESENTATION_CONTEXT() REPRESENTATION_CONTEXT('2D SPACE',''
  ) );
#4479 = PCURVE('',#4020,#4480);
#4480 = DEFINITIONAL_REPRESENTATION('',(#4481),#4485);
#4481 = LINE('',#4482,#4483);
#4482 = CARTESIAN_POINT('',(-1.570796326795,0.));
#4483 = VECTOR('',#4484,1.);
#4484 = DIRECTION('',(-0.,1.));
#4485 = ( GEOMETRIC_REPRESENTATION_CONTEXT(2) 
PARAMETRIC_REPRESENTATION_CONTEXT() REPRESENTATION_CONTEXT('2D SPACE',''
  ) );
#4486 = ADVANCED_FACE('',(#4487),#4020,.F.);
#4487 = FACE_BOUND('',#4488,.T.);
#4488 = EDGE_LOOP('',(#4489,#4512,#4534,#4535));
#4489 = ORIENTED_EDGE('',*,*,#4490,.F.);
#4490 = EDGE_CURVE('',#4491,#3978,#4493,.T.);
#4491 = VERTEX_POINT('',#4492);
#4492 = CARTESIAN_POINT('',(-23.4,-41.,5.));
#4493 = SURFACE_CURVE('',#4494,(#4498,#4505),.PCURVE_S1.);
#4494 = LINE('',#4495,#4496);
#4495 = CARTESIAN_POINT('',(-23.4,-41.,4.5));
#4496 = VECTOR('',#4497,1.);
#4497 = DIRECTION('',(0.,0.,1.));
#4498 = PCURVE('',#4020,#4499);
#4499 = DEFINITIONAL_REPRESENTATION('',(#4500),#4504);
#4500 = LINE('',#4501,#4502);
#4501 = CARTESIAN_POINT('',(-0.,0.));
#4502 = VECTOR('',#4503,1.);
#4503 = DIRECTION('',(-0.,1.));
#4504 = ( GEOMETRIC_REPRESENTATION_CONTEXT(2) 
PARAMETRIC_REPRESENTATION_CONTEXT() REPRESENTATION_CONTEXT('2D SPACE',''
  ) );
#4505 = PCURVE('',#3992,#4506);
#4506 = DEFINITIONAL_REPRESENTATION('',(#4507),#4511);
#4507 = LINE('',#4508,#4509);
#4508 = CARTESIAN_POINT('',(1.6,0.));
#4509 = VECTOR('',#4510,1.);
#4510 = DIRECTION('',(0.,-1.));
#4511 = ( GEOMETRIC_REPRESENTATION_CONTEXT(2) 
PARAMETRIC_REPRESENTATION_CONTEXT() REPRESENTATION_CONTEXT('2D SPACE',''
  ) );
#4512 = ORIENTED_EDGE('',*,*,#4513,.F.);
#4513 = EDGE_CURVE('',#4443,#4491,#4514,.T.);
#4514 = SURFACE_CURVE('',#4515,(#4520,#4527),.PCURVE_S1.);
#4515 = CIRCLE('',#4516,1.6);
#4516 = AXIS2_PLACEMENT_3D('',#4517,#4518,#4519);
#4517 = CARTESIAN_POINT('',(-23.4,-39.4,5.));
#4518 = DIRECTION('',(0.,0.,1.));
#4519 = DIRECTION('',(0.,-1.,0.));
#4520 = PCURVE('',#4020,#4521);
#4521 = DEFINITIONAL_REPRESENTATION('',(#4522),#4526);
#4522 = LINE('',#4523,#4524);
#4523 = CARTESIAN_POINT('',(-6.28318530718,0.5));
#4524 = VECTOR('',#4525,1.);
#4525 = DIRECTION('',(1.,-0.));
#4526 = ( GEOMETRIC_REPRESENTATION_CONTEXT(2) 
PARAMETRIC_REPRESENTATION_CONTEXT() REPRESENTATION_CONTEXT('2D SPACE',''
  ) );
#4527 = PCURVE('',#4209,#4528);
#4528 = DEFINITIONAL_REPRESENTATION('',(#4529),#4533);
#4529 = CIRCLE('',#4530,1.6);
#4530 = AXIS2_PLACEMENT_2D('',#4531,#4532);
#4531 = CARTESIAN_POINT('',(-23.4,-39.4));
#4532 = DIRECTION('',(0.,-1.));
#4533 = ( GEOMETRIC_REPRESENTATION_CONTEXT(2) 
PARAMETRIC_REPRESENTATION_CONTEXT() REPRESENTATION_CONTEXT('2D SPACE',''
  ) );
#4534 = ORIENTED_EDGE('',*,*,#4466,.T.);
#4535 = ORIENTED_EDGE('',*,*,#4003,.T.);
#4536 = ADVANCED_FACE('',(#4537),#3992,.T.);
#4537 = FACE_BOUND('',#4538,.T.);
#4538 = EDGE_LOOP('',(#4539,#4559,#4560,#4561));
#4539 = ORIENTED_EDGE('',*,*,#4540,.T.);
#4540 = EDGE_CURVE('',#4170,#4491,#4541,.T.);
#4541 = SURFACE_CURVE('',#4542,(#4546,#4552),.PCURVE_S1.);
#4542 = LINE('',#4543,#4544);
#4543 = CARTESIAN_POINT('',(-12.5,-41.,5.));
#4544 = VECTOR('',#4545,1.);
#4545 = DIRECTION('',(-1.,0.,0.));
#4546 = PCURVE('',#3992,#4547);
#4547 = DEFINITIONAL_REPRESENTATION('',(#4548),#4551);
#4548 = B_SPLINE_CURVE_WITH_KNOTS('',1,(#4549,#4550),.UNSPECIFIED.,.F.,
  .F.,(2,2),(-35.9,10.9),.PIECEWISE_BEZIER_KNOTS.);
#4549 = CARTESIAN_POINT('',(48.4,-0.5));
#4550 = CARTESIAN_POINT('',(1.6,-0.5));
#4551 = ( GEOMETRIC_REPRESENTATION_CONTEXT(2) 
PARAMETRIC_REPRESENTATION_CONTEXT() REPRESENTATION_CONTEXT('2D SPACE',''
  ) );
#4552 = PCURVE('',#4209,#4553);
#4553 = DEFINITIONAL_REPRESENTATION('',(#4554),#4558);
#4554 = LINE('',#4555,#4556);
#4555 = CARTESIAN_POINT('',(-12.5,-41.));
#4556 = VECTOR('',#4557,1.);
#4557 = DIRECTION('',(-1.,0.));
#4558 = ( GEOMETRIC_REPRESENTATION_CONTEXT(2) 
PARAMETRIC_REPRESENTATION_CONTEXT() REPRESENTATION_CONTEXT('2D SPACE',''
  ) );
#4559 = ORIENTED_EDGE('',*,*,#4490,.T.);
#4560 = ORIENTED_EDGE('',*,*,#3977,.F.);
#4561 = ORIENTED_EDGE('',*,*,#4169,.F.);
#4562 = ADVANCED_FACE('',(#4563),#4209,.T.);
#4563 = FACE_BOUND('',#4564,.T.);
#4564 = EDGE_LOOP('',(#4565,#4566,#4567,#4568,#4569,#4570,#4571,#4572));
#4565 = ORIENTED_EDGE('',*,*,#4540,.F.);
#4566 = ORIENTED_EDGE('',*,*,#4192,.T.);
#4567 = ORIENTED_EDGE('',*,*,#4246,.F.);
#4568 = ORIENTED_EDGE('',*,*,#4295,.T.);
#4569 = ORIENTED_EDGE('',*,*,#4344,.F.);
#4570 = ORIENTED_EDGE('',*,*,#4393,.T.);
#4571 = ORIENTED_EDGE('',*,*,#4442,.F.);
#4572 = ORIENTED_EDGE('',*,*,#4513,.T.);
#4573 = ( GEOMETRIC_REPRESENTATION_CONTEXT(3) 
GLOBAL_UNCERTAINTY_ASSIGNED_CONTEXT((#4577)) 
GLOBAL_UNIT_ASSIGNED_CONTEXT((#4574,#4575,#4576)) REPRESENTATION_CONTEXT
('Context #1','3D Context with UNIT and UNCERTAINTY') );
#4574 = ( LENGTH_UNIT() NAMED_UNIT(*) SI_UNIT(.MILLI.,.METRE.) );
#4575 = ( NAMED_UNIT(*) PLANE_ANGLE_UNIT() SI_UNIT($,.RADIAN.) );
#4576 = ( NAMED_UNIT(*) SI_UNIT($,.STERADIAN.) SOLID_ANGLE_UNIT() );
#4577 = UNCERTAINTY_MEASURE_WITH_UNIT(LENGTH_MEASURE(1.E-07),#4574,
  'distance_accuracy_value','confusion accuracy');
#4578 = PRODUCT_RELATED_PRODUCT_CATEGORY('part',$,(#7));
ENDSEC;
END-ISO-10303-21;
